date,department,prescriptions_dispensed,pharmacy_revenue,revenue_per_prescription,revenue_per_user,avg_dispensing_time,turnaround_time,top_drug_name,top_drug_volume,top_drug_cost,high_cost_drug_name,high_cost_drug_utilization,high_cost_drug_cost,dispensing_errors,near_miss_events,medication_alerts,patient_satisfaction_score
1-Jan-2025,General Medicine,348,102312,294,673.1052632,10,30,Amlodipine,70,4550,Metformin,22,16148,0,0,2,3.79
1-Jan-2025,General Surgery,42,19866,473,709.5,13.6,24.6,Pantoprazole,10,1810,Pantoprazole,3,1830,0,0,0,4.08
1-Jan-2025,Nephrology,77,76076,988,1383.2,18.4,30.4,Sevelamer,22,3498,Erythropoietin,4,2456,0,0,0,4.31
1-Jan-2025,Neurology,110,53570,487,1050.392157,5.8,19.8,Aspirin,13,1222,Sodium Valproate,2,2364,0,0,1,4.25
1-Jan-2025,Gynecology & OBG,76,22192,292,396.2857143,9.1,28.1,Calcium,13,689,Iron-Folic Acid,2,1194,0,0,0,3.77
1-Jan-2025,Pediatrics,231,117810,510,818.125,5.1,29.1,ORS,36,6660,ORS,7,9205,0,0,1,3.51
1-Jan-2025,Orthopedics,36,17928,498,747,13.3,42.3,Vitamin D3,5,890,Vitamin D3,1,650,0,0,0,4.46
1-Jan-2025,Cardiology,192,263808,1374,1939.764706,17.7,39.7,Clopidogrel,24,2544,Atorvastatin,3,4425,0,0,1,3.65
1-Jan-2025,Pulmonology,68,28356,417,834,13.8,36.8,Azithromycin,17,1190,Montelukast,3,5979,0,0,0,4.03
2-Jan-2025,General Medicine,325,93925,289,647.7586207,12.4,28.4,Amlodipine,54,3402,Amoxicillin,23,25070,0,0,3,3.98
2-Jan-2025,General Surgery,40,33360,834,1042.5,19.2,34.2,Pantoprazole,8,1088,Tramadol,4,4400,0,0,0,3.79
2-Jan-2025,Nephrology,202,241390,1195,2540.947368,8.1,34.1,Sevelamer,40,2680,Erythropoietin,7,11998,0,0,1,3.9
2-Jan-2025,Neurology,131,51221,391,602.6,15.6,32.6,Aspirin,36,4356,Levetiracetam,1,512,0,0,1,3.68
2-Jan-2025,Gynecology & OBG,125,76000,608,894.1176471,15.7,36.7,Metronidazole,24,768,Calcium,8,8896,0,0,1,4.03
2-Jan-2025,Pediatrics,183,79422,434,684.6724138,15.1,24.1,Salbutamol,26,2600,Amoxicillin Syrup,10,15990,0,0,0,3.84
2-Jan-2025,Orthopedics,104,50648,487,1012.96,7.7,32.7,Calcium,27,3591,Diclofenac,1,1764,0,0,0,4.2
2-Jan-2025,Cardiology,186,159030,855,1359.230769,16.1,25.1,Clopidogrel,30,3480,Amiodarone,0,0,0,0,1,4.13
2-Jan-2025,Pulmonology,78,44616,572,1312.235294,7.9,35.9,Salbutamol Inhaler,10,1540,Salbutamol Inhaler,6,8448,0,0,0,4.64
3-Jan-2025,General Medicine,202,87264,432,623.3142857,8,29,Metformin,42,5040,Amoxicillin,13,15691,0,0,1,4.02
3-Jan-2025,General Surgery,49,36456,744,1736,11,16,Tramadol,8,1248,Ceftriaxone,3,2544,0,0,0,4.63
3-Jan-2025,Nephrology,80,104320,1304,1931.851852,15.8,38.8,Erythropoietin,23,3082,Furosemide,2,3208,0,0,0,4.23
3-Jan-2025,Neurology,72,26568,369,738,6.6,17.6,Levetiracetam,11,1067,Levetiracetam,7,5467,0,0,0,3.81
3-Jan-2025,Gynecology & OBG,81,36126,446,1032.171429,13,19,Calcium,23,4117,Oxytocin,5,6775,0,0,0,4.45
3-Jan-2025,Pediatrics,254,56896,224,334.6823529,13.8,36.8,Amoxicillin Syrup,39,1014,Paracetamol Syrup,18,20142,0,0,0,3.69
3-Jan-2025,Orthopedics,98,49588,506,1180.666667,18,45,Diclofenac,27,621,Vitamin D3,0,0,0,0,0,4.56
3-Jan-2025,Cardiology,102,81294,797,1290.380952,16.5,42.5,Amiodarone,21,2058,Atorvastatin,2,1520,0,0,1,4.2
3-Jan-2025,Pulmonology,48,46608,971,2219.428571,12.3,32.3,Montelukast,10,950,Salbutamol Inhaler,2,2480,0,0,0,4.09
4-Jan-2025,General Medicine,87,38976,448,649.6,8.6,20.6,Metformin,10,1650,Metformin,4,3280,0,0,0,3.48
4-Jan-2025,General Surgery,36,15876,441,529.2,16.8,35.8,Tramadol,6,1164,Diclofenac,1,674,0,0,0,4.52
4-Jan-2025,Nephrology,149,127395,855,1959.923077,7.3,12.3,Sevelamer,33,1254,Furosemide,7,7154,0,0,0,4.03
4-Jan-2025,Neurology,39,8580,220,317.7777778,7.8,12.8,Levetiracetam,4,744,Levetiracetam,2,1812,0,0,0,4.33
4-Jan-2025,Gynecology & OBG,206,51294,249,569.9333333,17.2,37.2,Iron-Folic Acid,23,2852,Iron-Folic Acid,3,5439,0,0,2,3.59
4-Jan-2025,Pediatrics,176,36256,206,503.5555556,13.8,29.8,Amoxicillin Syrup,31,2170,Paracetamol Syrup,13,23543,0,0,0,4.21
4-Jan-2025,Orthopedics,76,40052,527,715.2142857,16.3,26.3,Diclofenac,9,918,Calcium,5,7910,0,0,0,3.96
4-Jan-2025,Cardiology,208,305136,1467,3428.494382,11.1,28.1,Amiodarone,36,1296,Aspirin,19,21793,0,0,2,3.53
4-Jan-2025,Pulmonology,108,47952,444,570.8571429,15.5,35.5,Budesonide,14,1092,Montelukast,9,10872,0,0,1,4.67
5-Jan-2025,General Medicine,113,34352,304,399.4418605,13.5,36.5,Paracetamol,15,465,Paracetamol,1,598,0,0,0,3.92
5-Jan-2025,General Surgery,39,18486,474,684.6666667,12.9,42.9,Diclofenac,9,1179,Tramadol,0,0,0,0,0,3.82
5-Jan-2025,Nephrology,39,47229,1211,1889.16,14.2,26.2,Sevelamer,6,534,Erythropoietin,2,1026,0,0,0,3.99
5-Jan-2025,Neurology,51,24480,480,1020,8.4,31.4,Sodium Valproate,6,180,Levetiracetam,4,7704,0,0,0,4.82
5-Jan-2025,Gynecology & OBG,95,38950,410,846.7391304,10.4,39.4,Metronidazole,23,2047,Calcium,1,1293,0,0,0,4.77
5-Jan-2025,Pediatrics,206,137402,667,1509.912088,13.8,32.8,Paracetamol Syrup,32,896,Paracetamol Syrup,2,3692,0,0,0,4.56
5-Jan-2025,Orthopedics,42,22806,543,1200.315789,5,32,Diclofenac,4,440,Vitamin D3,3,2547,0,0,0,4.65
5-Jan-2025,Cardiology,66,59730,905,1456.829268,14.8,33.8,Clopidogrel,15,840,Clopidogrel,6,3546,0,0,0,4.89
5-Jan-2025,Pulmonology,68,51612,759,1911.555556,9.4,32.4,Azithromycin,20,560,Salbutamol Inhaler,6,9384,0,0,0,3.6
6-Jan-2025,General Medicine,262,120258,459,962.064,18.4,26.4,Amoxicillin,41,7585,Paracetamol,21,11592,0,0,0,3.78
6-Jan-2025,General Surgery,89,45657,513,1233.972973,16.4,43.4,Ceftriaxone,15,1575,Pantoprazole,3,2619,0,0,0,4.66
6-Jan-2025,Nephrology,88,118272,1344,2004.610169,15.2,31.2,Sevelamer,25,1125,Erythropoietin,5,4705,0,0,0,3.77
6-Jan-2025,Neurology,114,39330,345,715.0909091,17.7,38.7,Sodium Valproate,11,704,Aspirin,9,9171,0,0,0,3.71
6-Jan-2025,Gynecology & OBG,203,61103,301,664.1630435,16,24,Metronidazole,28,5152,Calcium,13,11206,0,0,0,3.42
6-Jan-2025,Pediatrics,255,165240,648,1424.482759,10.7,16.7,Amoxicillin Syrup,55,6435,Amoxicillin Syrup,18,31320,0,0,1,3.51
6-Jan-2025,Orthopedics,72,15840,220,273.1034483,19,29,Paracetamol,8,1000,Calcium,1,625,0,0,0,4.46
6-Jan-2025,Cardiology,235,345920,1472,2217.435897,14.9,43.9,Clopidogrel,45,1485,Clopidogrel,0,0,0,0,2,3.71
6-Jan-2025,Pulmonology,67,64990,970,2321.071429,5.2,31.2,Salbutamol Inhaler,9,270,Budesonide,2,3086,0,0,0,3.55
7-Jan-2025,General Medicine,202,41006,203,465.9772727,13.8,43.8,Paracetamol,44,6116,Amlodipine,7,4361,0,0,0,4.04
7-Jan-2025,General Surgery,52,35360,680,1683.809524,14.9,22.9,Pantoprazole,10,580,Tramadol,2,3116,0,0,0,4.23
7-Jan-2025,Nephrology,217,176421,813,1857.063158,9.3,15.3,Sevelamer,60,4320,Tacrolimus,15,14745,0,0,1,4.19
7-Jan-2025,Neurology,48,28416,592,1184,18.1,47.1,Clopidogrel,12,1368,Clopidogrel,0,0,0,0,0,4.65
7-Jan-2025,Gynecology & OBG,160,58720,367,838.8571429,6.4,33.4,Calcium,18,3348,Calcium,12,15168,0,0,1,3.6
7-Jan-2025,Pediatrics,85,28220,332,855.1515152,17.2,39.2,Salbutamol,24,4656,Amoxicillin Syrup,0,0,0,0,0,4.57
7-Jan-2025,Orthopedics,120,55080,459,918,10.8,26.8,Calcium,28,4368,Vitamin D3,1,1433,0,0,1,4.75
7-Jan-2025,Cardiology,120,148320,1236,2060,12.1,35.1,Clopidogrel,34,5780,Aspirin,11,17919,0,0,1,3.78
7-Jan-2025,Pulmonology,155,94550,610,1390.441176,12.3,34.3,Azithromycin,34,1258,Montelukast,12,21396,0,0,0,3.58
8-Jan-2025,General Medicine,152,98800,650,823.3333333,8.6,34.6,Metformin,15,2265,Amlodipine,14,15274,0,0,0,4.59
8-Jan-2025,General Surgery,75,38625,515,1207.03125,19.4,29.4,Ceftriaxone,7,931,Tramadol,0,0,0,0,0,3.9
8-Jan-2025,Nephrology,45,42165,937,2007.857143,14.4,21.4,Erythropoietin,12,2352,Sevelamer,4,4904,0,0,0,3.54
8-Jan-2025,Neurology,136,53992,397,899.8666667,10.3,27.3,Aspirin,20,3140,Clopidogrel,4,4044,0,0,1,4.26
8-Jan-2025,Gynecology & OBG,113,39663,351,881.4,9.4,34.4,Iron-Folic Acid,18,558,Calcium,2,1512,0,0,1,4.75
8-Jan-2025,Pediatrics,310,211730,683,1556.838235,10,32,Amoxicillin Syrup,32,5888,Salbutamol,28,51548,0,0,0,4.61
8-Jan-2025,Orthopedics,94,41830,445,1045.75,12.7,19.7,Paracetamol,11,1815,Vitamin D3,3,2628,0,0,0,4.74
8-Jan-2025,Cardiology,169,242515,1435,3322.123288,9.7,37.7,Atorvastatin,29,5481,Amiodarone,14,10780,0,0,0,4.17
8-Jan-2025,Pulmonology,134,116714,871,2122.072727,19.5,24.5,Montelukast,17,714,Budesonide,9,10233,0,0,0,4.77
9-Jan-2025,General Medicine,70,27020,386,643.3333333,18.9,31.9,Paracetamol,9,1008,Amoxicillin,2,1314,0,0,0,3.77
9-Jan-2025,General Surgery,35,23310,666,932.4,18.2,42.2,Pantoprazole,7,1190,Tramadol,3,4071,0,0,0,4.1
9-Jan-2025,Nephrology,52,33540,645,838.5,10.5,28.5,Tacrolimus,5,845,Furosemide,3,2583,0,0,0,4.17
9-Jan-2025,Neurology,130,72800,560,1120,7.4,14.4,Levetiracetam,19,627,Aspirin,13,21593,0,0,1,4.72
9-Jan-2025,Gynecology & OBG,28,13076,467,726.4444444,9.2,31.2,Metronidazole,5,305,Metronidazole,1,1501,0,0,0,3.87
9-Jan-2025,Pediatrics,156,93600,600,1231.578947,6.3,23.3,ORS,22,1738,ORS,5,3550,0,0,1,4.32
9-Jan-2025,Orthopedics,99,28116,284,351.45,16.5,46.5,Vitamin D3,22,4246,Paracetamol,3,5148,0,0,0,4.12
9-Jan-2025,Cardiology,316,259436,821,1907.617647,14.5,43.5,Amiodarone,42,6426,Amiodarone,28,40796,0,0,2,3.73
9-Jan-2025,Pulmonology,115,53130,462,870.9836066,13.4,21.4,Montelukast,15,1500,Salbutamol Inhaler,1,1079,0,0,1,3.83
10-Jan-2025,General Medicine,104,36088,347,721.76,18,43,Paracetamol,10,840,Paracetamol,9,14058,0,0,0,4.61
10-Jan-2025,General Surgery,53,36676,692,1222.533333,14.4,30.4,Pantoprazole,5,465,Tramadol,3,3825,0,0,0,4.46
10-Jan-2025,Nephrology,103,82915,805,1842.555556,17.5,27.5,Tacrolimus,29,5626,Erythropoietin,0,0,0,0,0,3.33
10-Jan-2025,Neurology,83,39757,479,662.6166667,16.1,34.1,Sodium Valproate,24,1248,Sodium Valproate,8,9120,0,0,0,4.31
10-Jan-2025,Gynecology & OBG,139,86736,624,1521.684211,10.6,30.6,Calcium,34,1156,Metronidazole,11,14905,0,0,0,4.79
10-Jan-2025,Pediatrics,81,17982,222,544.9090909,11.4,19.4,Amoxicillin Syrup,24,3936,Paracetamol Syrup,8,14456,0,0,0,3.98
10-Jan-2025,Orthopedics,184,55384,301,692.3,16,37,Vitamin D3,38,5738,Diclofenac,1,1845,0,0,1,3.72
10-Jan-2025,Cardiology,126,187236,1486,2152.137931,12.3,33.3,Amiodarone,19,1520,Clopidogrel,7,13125,0,0,0,4.37
10-Jan-2025,Pulmonology,167,114896,688,1573.917808,15.5,22.5,Azithromycin,50,3300,Montelukast,5,6305,0,0,1,3.91
11-Jan-2025,General Medicine,77,27643,359,542.0196078,11.3,23.3,Paracetamol,13,611,Amoxicillin,4,7228,0,0,0,3.87
11-Jan-2025,General Surgery,95,43795,461,1122.948718,7.1,25.1,Diclofenac,25,3650,Tramadol,4,4612,0,0,0,4.57
11-Jan-2025,Nephrology,35,32725,935,2181.666667,8.2,34.2,Furosemide,4,768,Sevelamer,3,1509,0,0,0,4.67
11-Jan-2025,Neurology,72,38088,529,1190.25,9.1,29.1,Sodium Valproate,16,352,Clopidogrel,7,6041,0,0,0,4.12
11-Jan-2025,Gynecology & OBG,68,28356,417,886.125,17.8,33.8,Oxytocin,13,364,Iron-Folic Acid,4,6692,0,0,0,3.87
11-Jan-2025,Pediatrics,123,65436,532,1090.6,7.1,20.1,Salbutamol,26,702,ORS,2,2854,0,0,0,3.93
11-Jan-2025,Orthopedics,39,17355,445,964.1666667,8.8,26.8,Paracetamol,3,249,Calcium,0,0,0,0,0,4.07
11-Jan-2025,Cardiology,100,62400,624,1356.521739,5.5,21.5,Amiodarone,14,2044,Atorvastatin,10,6150,0,0,1,4.47
11-Jan-2025,Pulmonology,100,58400,584,1390.47619,10,25,Salbutamol Inhaler,16,1472,Azithromycin,3,3393,0,0,0,3.49
12-Jan-2025,General Medicine,154,33572,218,399.6666667,9.1,28.1,Metformin,43,4042,Metformin,3,1758,0,0,1,4
12-Jan-2025,General Surgery,33,18843,571,1256.2,7.3,23.3,Diclofenac,8,1552,Tramadol,3,4272,0,0,0,3.68
12-Jan-2025,Nephrology,18,26478,1471,2206.5,16.3,42.3,Erythropoietin,4,468,Tacrolimus,0,0,0,0,0,4.41
12-Jan-2025,Neurology,73,48545,665,882.6363636,16.5,28.5,Aspirin,15,660,Levetiracetam,6,8328,0,0,0,4.3
12-Jan-2025,Gynecology & OBG,75,49875,665,1312.5,5.1,31.1,Calcium,18,612,Iron-Folic Acid,4,4744,0,0,0,4.36
12-Jan-2025,Pediatrics,58,12470,215,311.75,7.3,37.3,Paracetamol Syrup,7,1288,ORS,2,1192,0,0,0,3.5
12-Jan-2025,Orthopedics,108,43308,401,849.1764706,14.6,30.6,Calcium,21,3738,Calcium,9,11304,0,0,1,3.73
12-Jan-2025,Cardiology,38,39444,1038,1643.5,14.1,21.1,Amiodarone,8,1392,Amiodarone,2,2358,0,0,0,4.03
12-Jan-2025,Pulmonology,66,52206,791,1631.4375,9.6,19.6,Azithromycin,12,972,Montelukast,1,567,0,0,0,3.95
13-Jan-2025,General Medicine,68,36040,530,621.3793103,7.7,18.7,Amoxicillin,17,2125,Metformin,2,1458,0,0,0,4.11
13-Jan-2025,General Surgery,146,117530,805,1836.40625,10.4,23.4,Tramadol,41,1148,Pantoprazole,7,13769,0,0,0,3.48
13-Jan-2025,Nephrology,46,40250,875,1183.823529,12.6,38.6,Furosemide,5,485,Sevelamer,1,1745,0,0,0,4.62
13-Jan-2025,Neurology,61,14884,244,338.2727273,6.5,28.5,Clopidogrel,9,603,Clopidogrel,5,8455,0,0,0,4.14
13-Jan-2025,Gynecology & OBG,26,9230,355,461.5,7.5,12.5,Iron-Folic Acid,2,252,Calcium,1,1773,0,0,0,3.52
13-Jan-2025,Pediatrics,265,179670,678,971.1891892,15.4,30.4,Paracetamol Syrup,65,8060,Paracetamol Syrup,6,6558,0,0,1,3.57
13-Jan-2025,Orthopedics,162,73386,453,940.8461538,15.2,32.2,Diclofenac,45,5940,Paracetamol,9,12735,0,0,0,3.6
13-Jan-2025,Cardiology,251,325547,1297,2690.471074,11.5,39.5,Amiodarone,48,960,Clopidogrel,10,17730,0,0,2,4.3
13-Jan-2025,Pulmonology,49,29302,598,837.2,18.2,33.2,Budesonide,6,594,Montelukast,2,2112,0,0,0,3.71
14-Jan-2025,General Medicine,216,95040,440,633.6,16,23,Paracetamol,59,6313,Amlodipine,21,29778,0,0,2,3.87
14-Jan-2025,General Surgery,64,49856,779,1107.911111,14.6,29.6,Ceftriaxone,18,2340,Tramadol,4,6844,0,0,0,3.67
14-Jan-2025,Nephrology,188,260380,1385,2893.111111,6.9,27.9,Tacrolimus,43,4558,Erythropoietin,10,12030,0,0,0,4.26
14-Jan-2025,Neurology,84,50904,606,848.4,11.1,41.1,Clopidogrel,20,1320,Clopidogrel,5,5520,0,0,0,3.55
14-Jan-2025,Gynecology & OBG,60,25980,433,866,12.8,17.8,Metronidazole,9,297,Iron-Folic Acid,2,2514,0,0,0,4.62
14-Jan-2025,Pediatrics,158,99224,628,1102.488889,9.8,30.8,Salbutamol,43,8127,ORS,14,10472,0,0,0,4.84
14-Jan-2025,Orthopedics,72,18648,259,582.75,13.6,31.6,Vitamin D3,11,1969,Diclofenac,1,655,0,0,0,4.28
14-Jan-2025,Cardiology,275,384175,1397,3590.420561,15.6,32.6,Amiodarone,43,5031,Atorvastatin,23,32384,0,0,2,4.5
14-Jan-2025,Pulmonology,52,37700,725,1047.222222,15.5,22.5,Montelukast,9,1611,Azithromycin,0,0,0,0,0,4.29
15-Jan-2025,General Medicine,70,35140,502,638.9090909,14.3,40.3,Paracetamol,9,396,Metformin,2,2124,0,0,0,4.54
15-Jan-2025,General Surgery,28,20552,734,978.6666667,5.4,19.4,Ceftriaxone,4,692,Tramadol,1,1205,0,0,0,3.63
15-Jan-2025,Nephrology,90,129960,1444,2320.714286,15,42,Sevelamer,15,2760,Sevelamer,7,10052,0,0,0,3.92
15-Jan-2025,Neurology,48,14016,292,424.7272727,11.3,17.3,Sodium Valproate,8,1112,Levetiracetam,3,5727,0,0,0,4.11
15-Jan-2025,Gynecology & OBG,90,25650,285,570,14.3,22.3,Calcium,16,784,Iron-Folic Acid,6,3534,0,0,0,4.67
15-Jan-2025,Pediatrics,286,144716,506,1071.97037,16.1,37.1,Paracetamol Syrup,52,5720,ORS,20,30600,0,0,1,3.51
15-Jan-2025,Orthopedics,128,65792,514,1096.533333,5.7,23.7,Calcium,18,432,Calcium,4,5652,0,0,1,4.59
15-Jan-2025,Cardiology,210,314160,1496,2473.700787,9.2,23.2,Atorvastatin,50,1650,Aspirin,1,1364,0,0,2,4.21
15-Jan-2025,Pulmonology,87,46458,534,910.9411765,6.6,28.6,Montelukast,18,2718,Salbutamol Inhaler,0,0,0,0,0,4.11
16-Jan-2025,General Medicine,74,27972,378,847.6363636,11.8,27.8,Paracetamol,15,795,Amoxicillin,4,7912,0,0,0,4.48
16-Jan-2025,General Surgery,136,62424,459,975.375,18.8,30.8,Ceftriaxone,22,3630,Tramadol,13,10413,0,0,1,4.22
16-Jan-2025,Nephrology,178,137238,771,1614.564706,18.4,34.4,Erythropoietin,23,1380,Tacrolimus,12,14040,0,0,1,4.07
16-Jan-2025,Neurology,141,47094,334,495.7263158,10.2,40.2,Aspirin,21,2142,Aspirin,4,6808,0,0,0,4.57
16-Jan-2025,Gynecology & OBG,120,34320,286,602.1052632,12,34,Oxytocin,31,2046,Iron-Folic Acid,12,15996,0,0,0,3.97
16-Jan-2025,Pediatrics,93,41199,443,605.8676471,17,31,ORS,14,2604,Salbutamol,8,15672,0,0,0,4.01
16-Jan-2025,Orthopedics,123,81549,663,1430.684211,11.6,38.6,Calcium,17,1547,Diclofenac,5,4150,0,0,0,4.75
16-Jan-2025,Cardiology,108,87588,811,1510.137931,11.4,16.4,Atorvastatin,16,2240,Clopidogrel,0,0,0,0,0,3.51
16-Jan-2025,Pulmonology,26,25506,981,1342.421053,6.7,34.7,Salbutamol Inhaler,7,700,Salbutamol Inhaler,1,1389,0,0,0,4.61
17-Jan-2025,General Medicine,216,49680,230,310.5,10,40,Metformin,49,4606,Amlodipine,4,4612,0,0,2,4.52
17-Jan-2025,General Surgery,139,79091,569,1163.102941,8.2,34.2,Ceftriaxone,18,1548,Ceftriaxone,3,4341,0,0,1,4.01
17-Jan-2025,Nephrology,83,90387,1089,2008.6,7.8,26.8,Erythropoietin,15,2670,Erythropoietin,7,11746,0,0,0,3.69
17-Jan-2025,Neurology,137,94941,693,1483.453125,10.1,18.1,Clopidogrel,39,6396,Clopidogrel,13,19994,0,0,1,3.61
17-Jan-2025,Gynecology & OBG,147,61593,419,962.390625,13.3,41.3,Oxytocin,27,3942,Calcium,2,1828,0,0,0,4.17
17-Jan-2025,Pediatrics,252,158760,630,793.8,16.9,31.9,Paracetamol Syrup,73,14454,Paracetamol Syrup,9,13203,0,0,1,3.25
17-Jan-2025,Orthopedics,54,36666,679,916.65,16.8,21.8,Vitamin D3,7,1295,Vitamin D3,4,4340,0,0,0,3.59
17-Jan-2025,Cardiology,190,126350,665,1052.916667,7.8,23.8,Aspirin,38,2128,Clopidogrel,19,21280,0,0,0,4.72
17-Jan-2025,Pulmonology,129,83205,645,1320.714286,18.3,32.3,Budesonide,38,4218,Salbutamol Inhaler,5,7370,0,0,1,4.59
18-Jan-2025,General Medicine,139,59353,427,638.2043011,5.1,11.1,Paracetamol,25,1725,Paracetamol,12,9120,0,0,1,3.7
18-Jan-2025,General Surgery,140,56420,403,829.7058824,11.9,26.9,Ceftriaxone,15,2925,Ceftriaxone,13,17017,0,0,1,3.34
18-Jan-2025,Nephrology,110,99000,900,1455.882353,6.6,31.6,Sevelamer,30,2760,Sevelamer,5,7030,0,0,0,4.73
18-Jan-2025,Neurology,81,55890,690,859.8461538,19.9,38.9,Levetiracetam,21,2520,Clopidogrel,4,3492,0,0,0,4.23
18-Jan-2025,Gynecology & OBG,49,20727,423,987,16.9,36.9,Calcium,7,357,Calcium,1,1745,0,0,0,4.35
18-Jan-2025,Pediatrics,44,11748,267,391.6,12.6,26.6,ORS,11,1650,Paracetamol Syrup,3,5730,0,0,0,4.83
18-Jan-2025,Orthopedics,35,13720,392,548.8,19.6,48.6,Vitamin D3,10,890,Calcium,3,5421,0,0,0,4.2
18-Jan-2025,Cardiology,142,96418,679,1417.911765,11.8,39.8,Aspirin,39,6318,Amiodarone,11,9625,0,0,0,3.85
18-Jan-2025,Pulmonology,92,37352,406,812,19.4,46.4,Montelukast,23,1725,Azithromycin,0,0,0,0,0,4.72
19-Jan-2025,General Medicine,156,51168,328,752.4705882,19.6,38.6,Metformin,27,3132,Paracetamol,15,16755,0,0,0,4.05
19-Jan-2025,General Surgery,79,50165,635,809.1129032,6.5,23.5,Diclofenac,14,2674,Ceftriaxone,0,0,0,0,0,4.17
19-Jan-2025,Nephrology,24,27600,1150,1725,15,41,Tacrolimus,6,642,Erythropoietin,1,1991,0,0,0,3.48
19-Jan-2025,Neurology,37,18944,512,757.76,16.6,39.6,Aspirin,4,512,Sodium Valproate,2,1058,0,0,0,4.25
19-Jan-2025,Gynecology & OBG,31,17732,572,886.6,15.4,45.4,Metronidazole,8,560,Iron-Folic Acid,1,967,0,0,0,4.13
19-Jan-2025,Pediatrics,96,53952,562,1172.869565,19.4,48.4,Amoxicillin Syrup,22,990,Paracetamol Syrup,8,14904,0,0,0,3.56
19-Jan-2025,Orthopedics,32,9632,301,602,13.1,37.1,Paracetamol,7,1078,Diclofenac,2,3916,0,0,0,4.35
19-Jan-2025,Cardiology,99,148005,1495,3523.928571,8,19,Atorvastatin,13,1417,Clopidogrel,1,910,0,0,0,3.79
19-Jan-2025,Pulmonology,42,41622,991,1982,14.4,38.4,Budesonide,8,1008,Montelukast,1,1833,0,0,0,3.84
20-Jan-2025,General Medicine,344,79808,232,492.6419753,8.3,18.3,Amoxicillin,86,8170,Metformin,26,45240,0,1,0,3.78
20-Jan-2025,General Surgery,52,44980,865,1124.5,7.4,26.4,Diclofenac,15,450,Pantoprazole,0,0,0,0,0,4.5
20-Jan-2025,Nephrology,132,191796,1453,2084.73913,18.9,36.9,Tacrolimus,29,5771,Sevelamer,13,25194,0,0,0,3.73
20-Jan-2025,Neurology,165,77550,470,957.4074074,7.8,18.8,Aspirin,30,900,Sodium Valproate,4,2236,0,0,0,4.02
20-Jan-2025,Gynecology & OBG,213,44943,211,488.5108696,7,34,Calcium,49,5439,Calcium,15,17115,0,0,1,4.09
20-Jan-2025,Pediatrics,123,71709,583,824.2413793,19.4,41.4,ORS,12,852,ORS,0,0,0,0,1,3.45
20-Jan-2025,Orthopedics,159,67416,424,977.0434783,9,29,Vitamin D3,23,2208,Paracetamol,6,9678,0,0,0,3.7
20-Jan-2025,Cardiology,134,174870,1305,2300.921053,15.9,41.9,Atorvastatin,25,3075,Amiodarone,4,5076,0,0,1,4.28
20-Jan-2025,Pulmonology,124,59644,481,994.0666667,8.4,17.4,Salbutamol Inhaler,34,680,Azithromycin,0,0,0,0,1,3.91
21-Jan-2025,General Medicine,141,39339,279,596.0454545,13.8,37.8,Paracetamol,35,5915,Paracetamol,14,11480,0,0,1,4.71
21-Jan-2025,General Surgery,96,94080,980,1960,10.5,23.5,Ceftriaxone,15,1440,Tramadol,5,3065,0,0,0,3.56
21-Jan-2025,Nephrology,83,123255,1485,2567.8125,8.4,24.4,Furosemide,9,1395,Tacrolimus,7,9009,0,0,0,4.55
21-Jan-2025,Neurology,113,71642,634,1302.581818,6.7,14.7,Sodium Valproate,17,2992,Clopidogrel,2,2724,0,0,1,3.78
21-Jan-2025,Gynecology & OBG,174,83172,478,1094.368421,10.7,35.7,Metronidazole,50,8450,Calcium,11,16566,0,0,1,4.54
21-Jan-2025,Pediatrics,115,49335,429,1027.8125,5.3,34.3,Amoxicillin Syrup,22,3014,Amoxicillin Syrup,0,0,0,0,1,3.45
21-Jan-2025,Orthopedics,48,30432,634,922.1818182,13.7,41.7,Paracetamol,9,945,Vitamin D3,4,6592,0,0,0,3.86
21-Jan-2025,Cardiology,93,57102,614,906.3809524,18.1,35.1,Atorvastatin,13,546,Aspirin,4,4876,0,0,0,4.78
21-Jan-2025,Pulmonology,67,45091,673,1409.09375,7.4,26.4,Salbutamol Inhaler,11,1771,Azithromycin,0,0,0,0,0,3.97
22-Jan-2025,General Medicine,244,74908,307,645.7586207,17.1,31.1,Metformin,29,1015,Metformin,6,9420,0,0,1,4.36
22-Jan-2025,General Surgery,134,100366,749,1544.092308,7.5,28.5,Ceftriaxone,24,3960,Pantoprazole,4,4176,0,0,1,4.41
22-Jan-2025,Nephrology,40,32200,805,1341.666667,11.8,23.8,Erythropoietin,6,480,Furosemide,3,3999,0,0,0,3.98
22-Jan-2025,Neurology,69,20631,299,375.1090909,6,21,Clopidogrel,11,1991,Clopidogrel,5,5340,0,0,0,3.53
22-Jan-2025,Gynecology & OBG,204,41004,201,410.04,19.3,25.3,Calcium,49,6419,Metronidazole,9,4842,0,0,0,3.95
22-Jan-2025,Pediatrics,209,98648,472,680.3310345,5.5,30.5,Paracetamol Syrup,36,5256,Amoxicillin Syrup,11,7612,0,0,0,4.33
22-Jan-2025,Orthopedics,98,37436,382,534.8,11.5,35.5,Diclofenac,26,1404,Calcium,3,4101,0,0,0,4.17
22-Jan-2025,Cardiology,249,339636,1364,2695.52381,11.5,34.5,Clopidogrel,35,1715,Amiodarone,1,1613,0,0,1,4.04
22-Jan-2025,Pulmonology,83,72791,877,1617.577778,14.1,40.1,Budesonide,23,4508,Budesonide,4,6804,0,0,0,3.4
23-Jan-2025,General Medicine,163,49063,301,446.0272727,10.6,30.6,Metformin,27,5265,Amlodipine,14,11816,0,0,1,4.24
23-Jan-2025,General Surgery,102,101184,992,1405.333333,17.8,38.8,Tramadol,16,1296,Diclofenac,9,12537,0,0,0,4.05
23-Jan-2025,Nephrology,80,55120,689,1148.333333,17.4,25.4,Erythropoietin,22,3036,Sevelamer,5,3140,0,0,0,4.2
23-Jan-2025,Neurology,42,10416,248,372,6.6,27.6,Levetiracetam,10,1450,Clopidogrel,3,4341,0,0,0,3.52
23-Jan-2025,Gynecology & OBG,83,45899,553,956.2291667,7.4,31.4,Oxytocin,17,3332,Calcium,1,1881,0,0,0,4.56
23-Jan-2025,Pediatrics,70,21770,311,725.6666667,12.1,36.1,Paracetamol Syrup,7,252,Paracetamol Syrup,7,11641,0,0,0,4.01
23-Jan-2025,Orthopedics,111,52725,475,976.3888889,9.3,38.3,Diclofenac,21,3318,Vitamin D3,1,1379,0,0,1,3.51
23-Jan-2025,Cardiology,120,171240,1427,2378.333333,14.7,30.7,Atorvastatin,33,3927,Clopidogrel,0,0,0,0,0,3.6
23-Jan-2025,Pulmonology,62,51274,827,1768.068966,9.6,16.6,Montelukast,12,276,Budesonide,5,3020,0,0,0,3.95
24-Jan-2025,General Medicine,237,50955,215,308.8181818,14.3,22.3,Metformin,34,1156,Metformin,6,6798,0,0,1,3.57
24-Jan-2025,General Surgery,142,96844,682,1019.410526,5.3,16.3,Tramadol,20,2900,Ceftriaxone,5,7115,0,0,0,4.26
24-Jan-2025,Nephrology,92,81880,890,1860.909091,16.7,43.7,Sevelamer,12,732,Tacrolimus,8,12880,0,0,0,3.9
24-Jan-2025,Neurology,134,90048,672,1667.555556,19.9,30.9,Clopidogrel,15,2850,Aspirin,4,6744,0,0,1,4.06
24-Jan-2025,Gynecology & OBG,27,17739,657,985.5,7.5,20.5,Metronidazole,4,788,Calcium,1,1086,0,0,0,4.17
24-Jan-2025,Pediatrics,140,44100,315,630,10.3,30.3,Salbutamol,30,3030,Amoxicillin Syrup,7,13566,0,0,1,4.09
24-Jan-2025,Orthopedics,60,41040,684,1368,17.4,30.4,Diclofenac,15,840,Vitamin D3,1,1952,0,0,0,4.14
24-Jan-2025,Cardiology,181,135207,747,1438.37234,10,25,Amiodarone,32,5440,Clopidogrel,16,9808,0,0,0,3.83
24-Jan-2025,Pulmonology,29,24476,844,1288.210526,18,30,Salbutamol Inhaler,2,190,Budesonide,2,1720,0,0,0,3.69
25-Jan-2025,General Medicine,188,130284,693,1447.6,10.8,25.8,Metformin,30,2760,Paracetamol,5,9780,0,0,1,3.96
25-Jan-2025,General Surgery,78,41496,532,988,19.2,47.2,Pantoprazole,22,4004,Diclofenac,4,6848,0,0,0,4.18
25-Jan-2025,Nephrology,89,78498,882,1308.3,16.8,21.8,Tacrolimus,26,1196,Sevelamer,5,5940,0,0,0,3.96
25-Jan-2025,Neurology,53,29309,553,837.4,13.4,43.4,Aspirin,5,150,Sodium Valproate,0,0,0,0,0,4.17
25-Jan-2025,Gynecology & OBG,88,37752,429,674.1428571,18.8,35.8,Iron-Folic Acid,16,704,Iron-Folic Acid,1,1789,0,0,0,4.53
25-Jan-2025,Pediatrics,335,188270,562,1176.6875,13.1,19.1,Paracetamol Syrup,39,1131,Salbutamol,1,989,0,1,0,4.26
25-Jan-2025,Orthopedics,48,29664,618,1236,17.3,30.3,Calcium,7,665,Diclofenac,2,3602,0,0,0,3.88
25-Jan-2025,Cardiology,99,122859,1241,1706.375,13.1,23.1,Amiodarone,19,3762,Aspirin,7,11809,0,0,0,4.52
25-Jan-2025,Pulmonology,118,82718,701,1451.192982,13.3,42.3,Budesonide,33,5676,Azithromycin,4,4552,0,0,0,4.39
26-Jan-2025,General Medicine,158,31916,202,414.4935065,12.5,18.5,Amlodipine,23,2622,Metformin,1,1567,0,0,1,3.78
26-Jan-2025,General Surgery,43,32121,747,1690.578947,10.2,24.2,Diclofenac,5,600,Pantoprazole,1,1264,0,0,0,3.91
26-Jan-2025,Nephrology,100,132200,1322,2873.913043,8.4,16.4,Tacrolimus,11,341,Sevelamer,4,7980,0,0,1,4.56
26-Jan-2025,Neurology,18,7344,408,816,7.8,22.8,Clopidogrel,1,112,Sodium Valproate,0,0,0,0,0,4.53
26-Jan-2025,Gynecology & OBG,18,11952,664,996,7.6,25.6,Iron-Folic Acid,5,580,Calcium,0,0,0,0,0,4.59
26-Jan-2025,Pediatrics,78,37050,475,1058.571429,6.3,32.3,Paracetamol Syrup,9,1485,Paracetamol Syrup,1,718,0,0,0,3.35
26-Jan-2025,Orthopedics,78,54054,693,1501.5,18.2,33.2,Calcium,17,2618,Vitamin D3,2,2834,0,0,0,4.14
26-Jan-2025,Cardiology,131,96416,736,1890.509804,12.8,34.8,Amiodarone,21,798,Clopidogrel,13,13585,0,0,0,4.21
26-Jan-2025,Pulmonology,34,27506,809,1146.083333,19,39,Salbutamol Inhaler,10,1990,Azithromycin,1,818,0,0,0,4.54
27-Jan-2025,General Medicine,151,105398,698,1158.21978,18.7,30.7,Amoxicillin,30,2400,Amoxicillin,3,3909,0,0,1,4.12
27-Jan-2025,General Surgery,69,53199,771,1773.3,5.8,19.8,Ceftriaxone,18,810,Diclofenac,6,10926,0,0,0,3.55
27-Jan-2025,Nephrology,57,55746,978,2064.666667,12.7,17.7,Sevelamer,8,960,Tacrolimus,2,2718,0,0,0,4.67
27-Jan-2025,Neurology,193,116186,602,1262.891304,6.1,26.1,Aspirin,52,2028,Sodium Valproate,15,16425,0,0,1,4.23
27-Jan-2025,Gynecology & OBG,55,20790,378,577.5,8.2,15.2,Oxytocin,15,2040,Oxytocin,1,949,0,0,0,4.56
27-Jan-2025,Pediatrics,285,136515,479,672.4876847,12.1,25.1,ORS,63,6993,Salbutamol,12,22392,0,0,0,3.44
27-Jan-2025,Orthopedics,145,61625,425,978.1746032,19.8,44.8,Diclofenac,28,560,Paracetamol,8,12560,0,0,0,4.37
27-Jan-2025,Cardiology,197,247235,1255,2630.159574,18.6,38.6,Clopidogrel,51,1020,Aspirin,10,17820,0,0,1,3.91
27-Jan-2025,Pulmonology,127,107188,844,1307.170732,17.6,32.6,Budesonide,31,4092,Montelukast,8,14104,0,0,0,3.83
28-Jan-2025,General Medicine,205,54735,267,390.9642857,14,33,Amoxicillin,42,4074,Paracetamol,17,24650,0,0,1,4.23
28-Jan-2025,General Surgery,80,43280,541,786.9090909,13.1,28.1,Diclofenac,9,1179,Tramadol,6,11082,0,0,0,4.78
28-Jan-2025,Nephrology,94,135924,1446,2517.111111,6.5,32.5,Furosemide,14,308,Sevelamer,4,5328,0,0,0,3.89
28-Jan-2025,Neurology,28,5740,205,273.3333333,11.1,31.1,Clopidogrel,2,52,Clopidogrel,2,1032,0,0,0,4.48
28-Jan-2025,Gynecology & OBG,48,11280,235,282,8.9,16.9,Oxytocin,5,755,Metronidazole,0,0,0,0,0,4.38
28-Jan-2025,Pediatrics,166,44488,268,674.0606061,18.8,43.8,Amoxicillin Syrup,23,2852,Salbutamol,2,2208,0,0,0,4.22
28-Jan-2025,Orthopedics,58,20474,353,758.2962963,13.6,39.6,Calcium,10,1170,Paracetamol,1,1087,0,0,0,3.69
28-Jan-2025,Cardiology,183,185379,1013,1507.146341,13,26,Clopidogrel,37,2220,Amiodarone,8,12952,0,0,1,4.6
28-Jan-2025,Pulmonology,45,23535,523,759.1935484,12.1,40.1,Azithromycin,13,1885,Salbutamol Inhaler,3,5592,0,0,0,3.52
29-Jan-2025,General Medicine,143,30459,213,271.9553571,6.4,13.4,Amlodipine,18,1548,Paracetamol,14,9422,0,0,0,4.46
29-Jan-2025,General Surgery,123,87330,710,1455.5,6.9,22.9,Ceftriaxone,31,5332,Diclofenac,2,1010,0,0,1,4.14
29-Jan-2025,Nephrology,67,44823,669,933.8125,18.8,33.8,Tacrolimus,18,1602,Furosemide,0,0,0,0,0,3.57
29-Jan-2025,Neurology,79,18723,237,312.05,17.7,40.7,Aspirin,21,3129,Clopidogrel,0,0,0,0,0,4.08
29-Jan-2025,Gynecology & OBG,111,26418,238,587.0666667,18.8,39.8,Metronidazole,13,2262,Calcium,0,0,0,0,0,4.15
29-Jan-2025,Pediatrics,50,10850,217,271.25,17.5,40.5,Amoxicillin Syrup,11,1914,Amoxicillin Syrup,1,1883,0,0,0,3.54
29-Jan-2025,Orthopedics,32,22368,699,1065.142857,15.7,31.7,Diclofenac,7,875,Paracetamol,3,3132,0,0,0,3.96
29-Jan-2025,Cardiology,194,158692,818,1706.365591,17.4,25.4,Aspirin,55,8085,Aspirin,11,6820,0,0,1,4.51
29-Jan-2025,Pulmonology,27,22761,843,1083.857143,16.8,43.8,Salbutamol Inhaler,6,726,Azithromycin,2,1684,0,0,0,3.89
30-Jan-2025,General Medicine,152,35720,235,357.2,10.4,16.4,Paracetamol,23,2277,Metformin,12,11916,0,0,0,4.45
30-Jan-2025,General Surgery,103,87035,845,1934.111111,18.4,48.4,Ceftriaxone,18,1170,Pantoprazole,5,3795,0,0,1,3.56
30-Jan-2025,Nephrology,88,54912,624,858,12.9,32.9,Erythropoietin,12,1872,Furosemide,4,3520,0,0,0,3.86
30-Jan-2025,Neurology,96,31104,324,432,16.7,38.7,Levetiracetam,15,2385,Sodium Valproate,2,2778,0,0,0,3.66
30-Jan-2025,Gynecology & OBG,94,63168,672,1579.2,10.3,31.3,Oxytocin,24,1800,Metronidazole,6,6276,0,0,0,3.72
30-Jan-2025,Pediatrics,360,182160,506,1167.692308,12.9,39.9,Salbutamol,85,13090,Amoxicillin Syrup,4,2400,0,1,2,3.69
30-Jan-2025,Orthopedics,195,132795,681,1562.294118,13.3,22.3,Paracetamol,41,1763,Paracetamol,0,0,0,0,0,4.17
30-Jan-2025,Cardiology,120,118440,987,1645,5.9,19.9,Amiodarone,32,2688,Aspirin,0,0,0,0,1,3.49
30-Jan-2025,Pulmonology,116,101036,871,1943,18.5,42.5,Budesonide,24,2904,Salbutamol Inhaler,8,13408,0,0,0,4.2
31-Jan-2025,General Medicine,249,126492,508,1054.1,9.5,36.5,Amoxicillin,72,7704,Metformin,18,16956,0,0,1,3.83
31-Jan-2025,General Surgery,190,100510,529,1182.470588,11.1,41.1,Tramadol,52,1664,Diclofenac,3,2637,0,0,1,3.88
31-Jan-2025,Nephrology,74,60458,817,1727.371429,16.8,43.8,Tacrolimus,18,648,Tacrolimus,2,3274,0,0,0,4.23
31-Jan-2025,Neurology,36,16452,457,914,9.4,38.4,Sodium Valproate,7,308,Sodium Valproate,2,3386,0,0,0,3.92
31-Jan-2025,Gynecology & OBG,130,48750,375,870.5357143,15.4,41.4,Iron-Folic Acid,30,1530,Metronidazole,0,0,0,0,0,4.16
31-Jan-2025,Pediatrics,112,31920,285,613.8461538,5.5,16.5,Paracetamol Syrup,13,2210,Amoxicillin Syrup,2,2688,0,0,0,4.37
31-Jan-2025,Orthopedics,80,49520,619,1031.666667,17.1,32.1,Vitamin D3,9,414,Paracetamol,7,12824,0,0,0,3.69
31-Jan-2025,Cardiology,483,676683,1401,3317.073529,18.5,45.5,Clopidogrel,51,1275,Atorvastatin,43,35389,0,1,1,4.56
31-Jan-2025,Pulmonology,166,131140,790,1796.438356,11.3,41.3,Salbutamol Inhaler,32,1120,Azithromycin,2,2438,0,0,0,4.22
1-Feb-2025,General Medicine,222,62160,280,414.4,17.5,46.5,Paracetamol,28,1540,Paracetamol,12,17736,0,0,0,3.7
1-Feb-2025,General Surgery,127,75311,593,1476.686275,19.3,35.3,Ceftriaxone,36,2484,Diclofenac,5,3820,0,0,0,3.92
1-Feb-2025,Nephrology,70,104300,1490,3476.666667,7,34,Tacrolimus,15,330,Sevelamer,6,10776,0,0,0,3.5
1-Feb-2025,Neurology,86,42828,498,658.8923077,7.7,23.7,Aspirin,18,3492,Levetiracetam,2,2210,0,0,0,4.15
1-Feb-2025,Gynecology & OBG,84,20580,245,571.6666667,18,45,Calcium,20,3100,Iron-Folic Acid,3,5415,0,0,0,4.42
1-Feb-2025,Pediatrics,162,103680,640,1524.705882,12.9,21.9,Amoxicillin Syrup,29,4611,ORS,11,18799,0,0,0,4.32
1-Feb-2025,Orthopedics,46,30682,667,876.6285714,10.2,38.2,Calcium,5,930,Diclofenac,0,0,0,0,0,4.6
1-Feb-2025,Cardiology,354,298776,844,2018.756757,14.5,24.5,Amiodarone,73,2628,Amiodarone,24,12624,0,0,1,3.95
1-Feb-2025,Pulmonology,73,32996,452,702.0425532,7.7,25.7,Azithromycin,16,2864,Budesonide,4,5344,0,0,0,4.41
2-Feb-2025,General Medicine,129,31734,246,423.12,12.1,37.1,Metformin,29,1711,Amlodipine,3,2442,0,0,1,3.66
2-Feb-2025,General Surgery,69,64929,941,2318.892857,12.6,35.6,Tramadol,20,1980,Pantoprazole,1,1837,0,0,0,3.53
2-Feb-2025,Nephrology,100,116900,1169,2487.234043,12.9,42.9,Furosemide,24,1104,Sevelamer,1,1102,0,0,1,3.54
2-Feb-2025,Neurology,37,19647,531,982.35,5.9,27.9,Levetiracetam,5,825,Aspirin,3,4734,0,0,0,4.08
2-Feb-2025,Gynecology & OBG,69,42021,609,1273.363636,13.4,37.4,Calcium,15,1305,Iron-Folic Acid,6,9342,0,0,0,3.78
2-Feb-2025,Pediatrics,176,118976,676,1450.926829,11.3,17.3,Salbutamol,19,3458,Amoxicillin Syrup,6,5070,0,0,0,4.36
2-Feb-2025,Orthopedics,31,7781,251,486.3125,14.5,42.5,Vitamin D3,9,1215,Vitamin D3,0,0,0,0,0,4.09
2-Feb-2025,Cardiology,120,149040,1242,2760,11.9,29.9,Amiodarone,27,4266,Atorvastatin,8,9360,0,0,0,4.35
2-Feb-2025,Pulmonology,88,44440,505,1010,11,33,Salbutamol Inhaler,23,2254,Azithromycin,5,3360,0,0,0,3.6
3-Feb-2025,General Medicine,71,22010,310,647.3529412,5.1,20.1,Amlodipine,20,1520,Paracetamol,3,1698,0,0,0,3.95
3-Feb-2025,General Surgery,213,129291,607,1319.295918,17.5,29.5,Pantoprazole,59,10443,Ceftriaxone,7,9660,0,0,0,4.58
3-Feb-2025,Nephrology,22,24530,1115,1442.941176,17.1,22.1,Tacrolimus,6,306,Sevelamer,2,2196,0,0,0,4.64
3-Feb-2025,Neurology,35,19495,557,974.75,17.6,22.6,Clopidogrel,3,321,Levetiracetam,2,2324,0,0,0,4.6
3-Feb-2025,Gynecology & OBG,39,14898,382,465.5625,16.3,46.3,Iron-Folic Acid,5,250,Calcium,1,1291,0,0,0,4.17
3-Feb-2025,Pediatrics,315,95130,302,609.8076923,10.7,40.7,ORS,81,14904,Paracetamol Syrup,30,35340,0,0,3,4.21
3-Feb-2025,Orthopedics,112,55328,494,709.3333333,12.9,24.9,Calcium,27,4428,Diclofenac,11,13233,0,0,0,4.29
3-Feb-2025,Cardiology,152,205808,1354,1774.206897,15.5,38.5,Amiodarone,36,4212,Atorvastatin,13,21671,0,0,1,3.5
3-Feb-2025,Pulmonology,113,45652,404,971.3191489,9,32,Azithromycin,30,4500,Salbutamol Inhaler,2,3454,0,0,0,4.26
4-Feb-2025,General Medicine,103,25750,250,321.875,13.1,36.1,Amoxicillin,30,4410,Amoxicillin,7,5845,0,0,1,4.03
4-Feb-2025,General Surgery,60,54240,904,1808,14.1,32.1,Tramadol,15,1530,Ceftriaxone,1,689,0,0,0,3.64
4-Feb-2025,Nephrology,114,104538,917,1537.323529,13.7,25.7,Erythropoietin,27,3186,Tacrolimus,7,13727,0,0,0,3.51
4-Feb-2025,Neurology,133,35910,270,552.4615385,6.6,25.6,Levetiracetam,20,1460,Sodium Valproate,0,0,0,0,1,4.11
4-Feb-2025,Gynecology & OBG,101,23028,228,548.2857143,16,44,Oxytocin,20,2960,Oxytocin,1,2000,0,0,0,4.36
4-Feb-2025,Pediatrics,66,31482,477,572.4,15.4,33.4,Amoxicillin Syrup,9,1719,Paracetamol Syrup,0,0,0,0,0,4.44
4-Feb-2025,Orthopedics,74,43216,584,1234.742857,6.2,22.2,Calcium,22,3960,Vitamin D3,1,1381,0,0,0,4.11
4-Feb-2025,Cardiology,308,451528,1466,2213.372549,6.9,22.9,Amiodarone,31,4154,Atorvastatin,11,10197,0,0,3,4
4-Feb-2025,Pulmonology,64,27776,434,868,14.2,31.2,Azithromycin,17,748,Montelukast,5,3780,0,0,0,3.68
5-Feb-2025,General Medicine,216,56592,262,554.8235294,5.1,19.1,Amlodipine,38,4560,Amlodipine,3,5667,0,0,0,4.69
5-Feb-2025,General Surgery,186,148428,798,1855.35,8.7,35.7,Tramadol,29,3074,Tramadol,9,13545,0,0,1,3.3
5-Feb-2025,Nephrology,128,92928,726,1548.8,17.2,33.2,Sevelamer,23,2921,Erythropoietin,11,17677,0,0,1,3.87
5-Feb-2025,Neurology,94,59502,633,991.7,6.4,27.4,Levetiracetam,28,4116,Clopidogrel,6,4974,0,0,0,3.96
5-Feb-2025,Gynecology & OBG,59,29382,498,1224.25,10.4,15.4,Metronidazole,14,1554,Calcium,2,2626,0,0,0,4.58
5-Feb-2025,Pediatrics,81,50949,629,979.7884615,15.5,36.5,ORS,18,1368,Salbutamol,3,2052,0,0,0,4.15
5-Feb-2025,Orthopedics,63,19530,310,697.5,19.2,27.2,Paracetamol,17,748,Vitamin D3,3,4722,0,0,0,4.83
5-Feb-2025,Cardiology,299,444613,1487,3393.992366,16.4,29.4,Clopidogrel,37,5217,Aspirin,23,39238,0,0,0,4.35
5-Feb-2025,Pulmonology,164,74784,456,1150.523077,15.4,33.4,Budesonide,29,2813,Montelukast,1,1282,0,0,0,4.4
6-Feb-2025,General Medicine,148,90724,613,1080.047619,19.7,42.7,Metformin,19,2147,Amlodipine,10,6540,0,0,0,4.43
6-Feb-2025,General Surgery,132,110616,838,1382.7,19.1,48.1,Diclofenac,22,1606,Ceftriaxone,3,2817,0,0,0,4.24
6-Feb-2025,Nephrology,64,43136,674,1348,13.8,27.8,Erythropoietin,10,770,Tacrolimus,2,3096,0,0,0,3.45
6-Feb-2025,Neurology,55,29425,535,1177,11,16,Levetiracetam,8,1352,Aspirin,2,2964,0,0,0,4.21
6-Feb-2025,Gynecology & OBG,85,58565,689,1626.805556,19,41,Calcium,8,1424,Oxytocin,5,8945,0,0,0,4.57
6-Feb-2025,Pediatrics,256,173568,678,1701.647059,5.3,17.3,ORS,35,2240,ORS,9,14994,0,0,0,3.67
6-Feb-2025,Orthopedics,49,29890,610,854,5.9,25.9,Paracetamol,8,632,Vitamin D3,1,1961,0,0,0,4.28
6-Feb-2025,Cardiology,378,294840,780,1611.147541,18.3,34.3,Amiodarone,92,5888,Atorvastatin,26,35802,0,0,3,3.54
6-Feb-2025,Pulmonology,239,217968,912,2075.885714,6.3,20.3,Montelukast,31,1333,Salbutamol Inhaler,22,41602,0,0,0,3.69
7-Feb-2025,General Medicine,60,29700,495,594,7.4,33.4,Metformin,9,423,Metformin,2,3150,0,0,0,4.11
7-Feb-2025,General Surgery,116,87116,751,1613.259259,19,30,Pantoprazole,21,1470,Diclofenac,10,16690,0,0,0,3.8
7-Feb-2025,Nephrology,138,100326,727,1114.733333,7.5,24.5,Furosemide,37,6290,Sevelamer,0,0,0,0,1,3.73
7-Feb-2025,Neurology,80,54160,677,1354,17.6,44.6,Sodium Valproate,8,1496,Sodium Valproate,8,13616,0,0,0,3.9
7-Feb-2025,Gynecology & OBG,111,44844,404,934.25,9.1,15.1,Oxytocin,23,3703,Metronidazole,0,0,0,0,1,4.73
7-Feb-2025,Pediatrics,143,71500,500,662.037037,14.2,30.2,ORS,31,3410,Paracetamol Syrup,3,3147,0,0,1,3.89
7-Feb-2025,Orthopedics,36,18036,501,751.5,6.8,34.8,Calcium,10,940,Vitamin D3,2,3260,0,0,0,4.64
7-Feb-2025,Cardiology,333,253080,760,1794.893617,10.7,34.7,Amiodarone,48,9216,Clopidogrel,28,16576,0,0,2,4.27
7-Feb-2025,Pulmonology,27,25677,951,1222.714286,13.5,38.5,Budesonide,6,438,Azithromycin,1,1014,0,0,0,3.84
8-Feb-2025,General Medicine,65,45240,696,870,5.1,24.1,Amlodipine,8,1568,Amoxicillin,4,6120,0,0,0,3.77
8-Feb-2025,General Surgery,45,25965,577,1298.25,18.4,32.4,Diclofenac,5,445,Tramadol,3,5013,0,0,0,4.53
8-Feb-2025,Nephrology,92,67712,736,1538.909091,5.1,34.1,Sevelamer,25,1125,Tacrolimus,4,5272,0,0,0,4.11
8-Feb-2025,Neurology,121,63041,521,1146.2,7,26,Clopidogrel,16,2560,Aspirin,11,13882,0,0,0,3.99
8-Feb-2025,Gynecology & OBG,50,15400,308,616,8.9,15.9,Oxytocin,10,1800,Metronidazole,5,3130,0,0,0,3.36
8-Feb-2025,Pediatrics,214,81748,382,825.7373737,12.9,40.9,Paracetamol Syrup,52,2600,ORS,14,25914,0,0,2,4.01
8-Feb-2025,Orthopedics,126,40572,322,533.8421053,13.3,18.3,Calcium,29,3306,Calcium,3,5034,0,0,0,3.65
8-Feb-2025,Cardiology,306,313344,1024,2678.153846,19.3,42.3,Clopidogrel,86,1978,Clopidogrel,8,15072,0,0,3,4.08
8-Feb-2025,Pulmonology,111,59052,532,868.4117647,14.3,22.3,Montelukast,23,1058,Montelukast,3,5046,0,0,0,4.65
9-Feb-2025,General Medicine,59,32745,555,744.2045455,5.1,26.1,Amlodipine,13,1222,Paracetamol,1,1505,0,0,0,4.32
9-Feb-2025,General Surgery,130,71370,549,1151.129032,13.4,22.4,Tramadol,13,1248,Pantoprazole,3,2814,0,0,1,4.83
9-Feb-2025,Nephrology,43,42312,984,1567.111111,14.8,27.8,Sevelamer,6,864,Tacrolimus,0,0,0,0,0,3.38
9-Feb-2025,Neurology,64,30144,471,1116.444444,10.6,19.6,Levetiracetam,18,2538,Sodium Valproate,1,699,0,0,0,4.81
9-Feb-2025,Gynecology & OBG,36,14544,404,909,14.5,31.5,Iron-Folic Acid,3,312,Iron-Folic Acid,1,1812,0,0,0,3.96
9-Feb-2025,Pediatrics,256,70144,274,701.44,5.8,30.8,Paracetamol Syrup,40,5520,Salbutamol,12,10716,0,0,2,4.06
9-Feb-2025,Orthopedics,52,15704,302,713.8181818,7.6,23.6,Vitamin D3,11,1507,Paracetamol,3,3924,0,0,0,4.89
9-Feb-2025,Cardiology,94,64578,687,922.5428571,13.7,25.7,Amiodarone,17,2210,Amiodarone,0,0,0,0,0,4.38
9-Feb-2025,Pulmonology,84,62664,746,1649.052632,11.8,39.8,Budesonide,20,1320,Montelukast,8,7800,0,0,0,3.93
10-Feb-2025,General Medicine,130,36270,279,398.5714286,19.7,41.7,Paracetamol,17,2584,Metformin,3,4104,0,0,0,4.9
10-Feb-2025,General Surgery,54,48060,890,1780,17.6,27.6,Ceftriaxone,10,230,Diclofenac,2,1954,0,0,0,4.09
10-Feb-2025,Nephrology,114,83676,734,1307.4375,10.2,18.2,Sevelamer,19,2033,Tacrolimus,1,808,0,0,1,3.91
10-Feb-2025,Neurology,92,20148,219,292,8.8,18.8,Sodium Valproate,9,315,Aspirin,3,3360,0,0,0,4.43
10-Feb-2025,Gynecology & OBG,190,126350,665,1373.369565,9.6,30.6,Metronidazole,20,2280,Metronidazole,9,7830,0,0,1,4.57
10-Feb-2025,Pediatrics,522,339822,651,1464.75,13.8,29.8,Salbutamol,85,9265,Paracetamol Syrup,40,78680,0,0,0,4.27
10-Feb-2025,Orthopedics,92,26312,286,381.3333333,10.3,16.3,Vitamin D3,14,1372,Calcium,4,4864,0,0,0,3.67
10-Feb-2025,Cardiology,200,185200,926,1322.857143,11.6,33.6,Aspirin,37,1813,Atorvastatin,1,779,0,0,2,3.83
10-Feb-2025,Pulmonology,85,47600,560,780.3278689,17.1,28.1,Azithromycin,22,2574,Budesonide,5,8630,0,0,0,4.41
11-Feb-2025,General Medicine,95,30115,317,436.4492754,15.8,21.8,Paracetamol,26,3588,Paracetamol,2,2860,0,0,0,3.79
11-Feb-2025,General Surgery,35,26075,745,1241.666667,9.9,19.9,Tramadol,3,594,Ceftriaxone,2,1560,0,0,0,3.87
11-Feb-2025,Nephrology,42,60522,1441,2882,16.8,23.8,Erythropoietin,6,318,Erythropoietin,0,0,0,0,0,3.66
11-Feb-2025,Neurology,63,39186,622,979.65,9.5,14.5,Sodium Valproate,8,544,Clopidogrel,4,4724,0,0,0,3.79
11-Feb-2025,Gynecology & OBG,95,25270,266,647.9487179,14.7,42.7,Calcium,14,2716,Iron-Folic Acid,6,8118,0,0,0,4.08
11-Feb-2025,Pediatrics,95,46075,485,1181.410256,5.4,19.4,ORS,18,3384,Paracetamol Syrup,7,9023,0,0,0,3.95
11-Feb-2025,Orthopedics,52,33956,653,870.6666667,7,17,Vitamin D3,11,374,Calcium,5,6420,0,0,0,4.64
11-Feb-2025,Cardiology,85,123250,1450,1956.349206,19,24,Amiodarone,12,840,Amiodarone,0,0,0,0,0,4.13
11-Feb-2025,Pulmonology,94,84506,899,1798,14.9,39.9,Azithromycin,22,1694,Azithromycin,2,3718,0,0,0,3.97
12-Feb-2025,General Medicine,148,68968,466,783.7272727,15.9,25.9,Amlodipine,15,1890,Paracetamol,11,19844,0,0,0,3.73
12-Feb-2025,General Surgery,72,64728,899,1078.8,12.9,28.9,Diclofenac,14,364,Tramadol,0,0,0,0,0,3.6
12-Feb-2025,Nephrology,82,75686,923,1164.4,7.2,17.2,Furosemide,19,2831,Sevelamer,2,1300,0,0,0,3.25
12-Feb-2025,Neurology,108,62532,579,1226.117647,12.4,37.4,Clopidogrel,20,980,Aspirin,7,12446,0,0,1,3.41
12-Feb-2025,Gynecology & OBG,164,74620,455,981.8421053,17.8,23.8,Metronidazole,45,5130,Iron-Folic Acid,0,0,0,0,0,4.19
12-Feb-2025,Pediatrics,204,101388,497,1013.88,5.6,19.6,Salbutamol,45,8055,Amoxicillin Syrup,18,28386,0,0,2,4.69
12-Feb-2025,Orthopedics,66,45540,690,1518,9.1,26.1,Calcium,18,3474,Vitamin D3,5,3110,0,0,0,3.9
12-Feb-2025,Cardiology,114,147288,1292,2677.963636,16.5,26.5,Aspirin,11,1210,Amiodarone,3,4035,0,0,1,4.46
12-Feb-2025,Pulmonology,179,139799,781,1644.694118,15.8,42.8,Azithromycin,28,4592,Azithromycin,17,25126,0,0,0,3.36
13-Feb-2025,General Medicine,262,83578,319,668.624,17.7,47.7,Amoxicillin,39,7644,Paracetamol,18,34380,0,0,0,4.71
13-Feb-2025,General Surgery,206,192816,936,2142.4,9.7,17.7,Diclofenac,61,8967,Ceftriaxone,18,29574,0,0,0,3.73
13-Feb-2025,Nephrology,78,107250,1375,1787.5,18.8,26.8,Furosemide,13,325,Tacrolimus,2,1662,0,0,0,3.69
13-Feb-2025,Neurology,103,49852,484,1133,10.4,22.4,Aspirin,25,3275,Clopidogrel,0,0,0,0,0,4.12
13-Feb-2025,Gynecology & OBG,66,15576,236,556.2857143,14.9,25.9,Oxytocin,16,784,Calcium,1,1441,0,0,0,4.06
13-Feb-2025,Pediatrics,201,106329,529,787.6222222,7.2,16.2,Salbutamol,54,7128,Paracetamol Syrup,17,11849,0,0,2,4.32
13-Feb-2025,Orthopedics,111,52281,471,968.1666667,9.3,38.3,Vitamin D3,30,4230,Diclofenac,4,3444,0,0,1,3.5
13-Feb-2025,Cardiology,75,65850,878,1688.461538,15,45,Aspirin,12,1392,Amiodarone,3,2940,0,0,0,4.01
13-Feb-2025,Pulmonology,102,96084,942,1884,13,20,Budesonide,16,1280,Montelukast,7,8057,0,0,0,4.52
14-Feb-2025,General Medicine,300,132600,442,663,12.9,31.9,Metformin,58,11542,Metformin,26,31356,0,0,0,3.44
14-Feb-2025,General Surgery,81,69903,863,1792.384615,13.4,26.4,Tramadol,12,1044,Pantoprazole,5,8785,0,0,0,4.14
14-Feb-2025,Nephrology,144,194688,1352,2863.058824,10,15,Erythropoietin,32,640,Furosemide,8,6528,0,0,0,3.72
14-Feb-2025,Neurology,55,20405,371,816.2,18.5,38.5,Sodium Valproate,7,1050,Aspirin,3,3666,0,0,0,3.65
14-Feb-2025,Gynecology & OBG,30,9450,315,472.5,19.8,38.8,Calcium,3,498,Metronidazole,1,749,0,0,0,4.13
14-Feb-2025,Pediatrics,164,65928,402,593.9459459,13.7,23.7,Paracetamol Syrup,16,528,ORS,11,19030,0,0,0,3.72
14-Feb-2025,Orthopedics,117,45981,393,484.0105263,5,18,Diclofenac,35,4165,Vitamin D3,10,15280,0,0,1,4.62
14-Feb-2025,Cardiology,254,276352,1088,2246.764228,16.3,31.3,Atorvastatin,46,2254,Atorvastatin,16,24336,0,0,0,4.04
14-Feb-2025,Pulmonology,132,111276,843,1766.285714,10.5,36.5,Salbutamol Inhaler,17,2380,Montelukast,0,0,0,0,1,3.53
15-Feb-2025,General Medicine,314,143812,458,1027.228571,6.3,26.3,Paracetamol,60,2160,Amlodipine,11,5775,0,0,1,4.77
15-Feb-2025,General Surgery,104,58032,558,967.2,12.7,17.7,Diclofenac,21,3108,Tramadol,10,17170,0,0,1,4.32
15-Feb-2025,Nephrology,159,188097,1183,2766.132353,19.9,37.9,Erythropoietin,40,4440,Tacrolimus,3,1914,0,0,0,4.09
15-Feb-2025,Neurology,184,37720,205,471.5,7,20,Sodium Valproate,27,4644,Sodium Valproate,8,9680,0,0,0,3.27
15-Feb-2025,Gynecology & OBG,30,7920,264,396,8.8,35.8,Oxytocin,5,405,Metronidazole,2,1394,0,0,0,3.54
15-Feb-2025,Pediatrics,123,44403,361,462.53125,9.7,32.7,Amoxicillin Syrup,35,3605,Salbutamol,4,4044,0,0,1,4.8
15-Feb-2025,Orthopedics,123,56088,456,701.1,10.1,36.1,Calcium,21,1239,Vitamin D3,12,10872,0,0,1,4.26
15-Feb-2025,Cardiology,255,257040,1008,1637.197452,17.2,41.2,Amiodarone,71,2911,Atorvastatin,13,11687,0,0,0,4.31
15-Feb-2025,Pulmonology,38,23560,620,906.1538462,19.2,25.2,Salbutamol Inhaler,9,603,Budesonide,2,3664,0,0,0,3.63
16-Feb-2025,General Medicine,98,35476,362,825.0232558,9.6,31.6,Paracetamol,28,3724,Metformin,6,10176,0,0,0,3.91
16-Feb-2025,General Surgery,41,16769,409,882.5789474,10.7,18.7,Tramadol,10,720,Diclofenac,1,977,0,0,0,3.68
16-Feb-2025,Nephrology,70,50050,715,1614.516129,19.9,26.9,Sevelamer,12,720,Tacrolimus,5,7290,0,0,0,4.16
16-Feb-2025,Neurology,48,21600,450,696.7741935,19.8,42.8,Clopidogrel,12,1056,Levetiracetam,2,1936,0,0,0,4.15
16-Feb-2025,Gynecology & OBG,44,16324,371,494.6666667,7.8,13.8,Oxytocin,12,576,Metronidazole,2,1998,0,0,0,4.41
16-Feb-2025,Pediatrics,63,21609,343,441,5.9,16.9,ORS,9,1296,ORS,4,6976,0,0,0,3.59
16-Feb-2025,Orthopedics,122,28182,231,512.4,13.3,21.3,Calcium,19,3154,Vitamin D3,5,7490,0,0,0,4.12
16-Feb-2025,Cardiology,202,204424,1012,1793.192982,8.5,34.5,Atorvastatin,21,1764,Aspirin,5,4040,0,0,1,3.56
16-Feb-2025,Pulmonology,21,18564,884,2062.666667,17.6,37.6,Budesonide,4,564,Salbutamol Inhaler,1,1230,0,0,0,3.93
17-Feb-2025,General Medicine,227,109187,481,974.8839286,12.7,18.7,Metformin,36,1296,Paracetamol,0,0,0,0,0,3.53
17-Feb-2025,General Surgery,83,55029,663,1000.527273,14.7,35.7,Diclofenac,20,1360,Pantoprazole,5,8005,0,0,0,3.96
17-Feb-2025,Nephrology,100,98900,989,1454.411765,10.8,36.8,Tacrolimus,18,864,Furosemide,6,3804,0,0,0,4.55
17-Feb-2025,Neurology,51,22389,439,973.4347826,13.9,43.9,Aspirin,10,1240,Clopidogrel,3,3303,0,0,0,4.53
17-Feb-2025,Gynecology & OBG,34,13532,398,796,5.4,34.4,Oxytocin,7,994,Metronidazole,1,817,0,0,0,4.29
17-Feb-2025,Pediatrics,134,69010,515,1078.28125,16,34,Paracetamol Syrup,32,6144,ORS,5,5335,0,0,1,3.61
17-Feb-2025,Orthopedics,217,62279,287,598.8365385,6.5,34.5,Diclofenac,51,10149,Paracetamol,3,2127,0,0,0,4.76
17-Feb-2025,Cardiology,174,249342,1433,2149.5,18.5,23.5,Amiodarone,32,2528,Clopidogrel,15,14250,0,0,0,3.9
17-Feb-2025,Pulmonology,64,58112,908,1816,15.6,45.6,Montelukast,18,2844,Azithromycin,5,8085,0,0,0,4.04
18-Feb-2025,General Medicine,92,63664,692,1515.809524,10.2,35.2,Amoxicillin,15,2370,Amlodipine,8,7704,0,0,0,4.56
18-Feb-2025,General Surgery,110,73370,667,1467.4,8.2,17.2,Diclofenac,24,1656,Ceftriaxone,8,9400,0,0,1,4.24
18-Feb-2025,Nephrology,112,75600,675,1575,12.1,39.1,Sevelamer,32,2656,Erythropoietin,6,4494,0,0,0,4.05
18-Feb-2025,Neurology,63,17073,271,426.825,11.8,20.8,Levetiracetam,7,1043,Clopidogrel,5,5405,0,0,0,4.6
18-Feb-2025,Gynecology & OBG,99,34848,352,774.4,13.4,36.4,Metronidazole,28,1988,Calcium,0,0,0,0,0,4.13
18-Feb-2025,Pediatrics,295,186440,632,1553.666667,14.2,40.2,ORS,78,5070,Salbutamol,18,15570,0,0,0,4.23
18-Feb-2025,Orthopedics,60,25560,426,710,13.7,31.7,Paracetamol,18,864,Paracetamol,6,8268,0,0,0,3.98
18-Feb-2025,Cardiology,201,276777,1377,2325.857143,17.5,42.5,Atorvastatin,56,9296,Amiodarone,14,23954,0,0,1,3.59
18-Feb-2025,Pulmonology,141,64437,457,1022.809524,12.2,39.2,Budesonide,38,4484,Azithromycin,1,1458,0,0,0,4.54
19-Feb-2025,General Medicine,260,63440,244,587.4074074,11.7,31.7,Amoxicillin,41,3362,Amoxicillin,26,47892,0,0,0,3.52
19-Feb-2025,General Surgery,120,94080,784,990.3157895,14,39,Pantoprazole,33,3894,Tramadol,4,7500,0,0,0,3.41
19-Feb-2025,Nephrology,35,22295,637,1061.666667,10,28,Erythropoietin,5,400,Tacrolimus,3,3318,0,0,0,4.14
19-Feb-2025,Neurology,133,51737,389,795.9538462,10,28,Clopidogrel,13,1716,Sodium Valproate,9,8793,0,0,1,4.24
19-Feb-2025,Gynecology & OBG,81,26649,329,683.3076923,17.3,22.3,Calcium,12,612,Calcium,6,4842,0,0,0,3.85
19-Feb-2025,Pediatrics,262,138860,530,1186.837607,10.2,15.2,ORS,37,1036,Salbutamol,26,35802,0,0,0,3.82
19-Feb-2025,Orthopedics,90,34470,383,766,8.8,29.8,Calcium,16,992,Vitamin D3,5,3650,0,0,0,4.74
19-Feb-2025,Cardiology,137,115491,843,1190.628866,16.8,22.8,Aspirin,16,592,Aspirin,7,11543,0,0,0,4.18
19-Feb-2025,Pulmonology,156,86112,552,1196,12.9,23.9,Azithromycin,28,1344,Montelukast,15,21255,0,0,0,4.41
20-Feb-2025,General Medicine,214,96086,449,727.9242424,7.7,12.7,Metformin,28,4620,Amoxicillin,11,17204,0,0,1,4.77
20-Feb-2025,General Surgery,43,20769,483,865.375,9.4,21.4,Tramadol,11,1078,Diclofenac,2,1794,0,0,0,3.67
20-Feb-2025,Nephrology,46,48116,1046,1718.428571,19.5,41.5,Tacrolimus,5,225,Sevelamer,3,5715,0,0,0,3.7
20-Feb-2025,Neurology,81,25434,314,726.6857143,9.9,18.9,Aspirin,24,4704,Aspirin,1,1710,0,0,0,4.61
20-Feb-2025,Gynecology & OBG,223,56642,254,566.42,16.9,33.9,Oxytocin,23,1748,Calcium,1,1182,0,0,2,3.68
20-Feb-2025,Pediatrics,94,38540,410,755.6862745,16.9,23.9,Paracetamol Syrup,11,1958,Salbutamol,7,5173,0,0,0,4.69
20-Feb-2025,Orthopedics,63,40383,641,1121.75,15.4,42.4,Diclofenac,14,1078,Paracetamol,5,4920,0,0,0,3.62
20-Feb-2025,Cardiology,170,236470,1391,2598.571429,11.9,19.9,Atorvastatin,44,6908,Aspirin,10,8080,0,0,1,4.64
20-Feb-2025,Pulmonology,80,60000,750,1666.666667,9.8,17.8,Montelukast,8,1472,Montelukast,7,5698,0,0,0,4.77
21-Feb-2025,General Medicine,120,60120,501,1002,15.6,31.6,Amlodipine,29,2407,Amlodipine,12,20496,0,0,1,4.29
21-Feb-2025,General Surgery,84,66024,786,1834,18.5,27.5,Pantoprazole,10,220,Pantoprazole,5,5300,0,0,0,3.33
21-Feb-2025,Nephrology,102,121176,1188,1425.6,7,37,Furosemide,16,1920,Erythropoietin,0,0,0,0,0,4.25
21-Feb-2025,Neurology,80,25840,323,783.030303,18.8,23.8,Clopidogrel,18,1278,Sodium Valproate,6,8028,0,0,0,3.83
21-Feb-2025,Gynecology & OBG,56,16464,294,411.6,16.3,35.3,Calcium,14,2478,Oxytocin,0,0,0,0,0,3.79
21-Feb-2025,Pediatrics,196,128772,657,847.1842105,16.4,40.4,Salbutamol,48,5280,Paracetamol Syrup,13,10309,0,0,0,4.77
21-Feb-2025,Orthopedics,118,62186,527,1110.464286,11.4,40.4,Paracetamol,25,625,Calcium,4,2064,0,0,0,4.07
21-Feb-2025,Cardiology,463,668572,1444,3359.658291,9.3,36.3,Clopidogrel,115,2875,Atorvastatin,36,45144,0,0,0,4.28
21-Feb-2025,Pulmonology,85,85000,1000,1666.666667,16.6,41.6,Budesonide,24,3840,Montelukast,7,9065,0,0,0,3.76
22-Feb-2025,General Medicine,188,53392,284,444.9333333,19.9,38.9,Metformin,43,1591,Paracetamol,13,23192,0,0,1,3.75
22-Feb-2025,General Surgery,87,66468,764,949.5428571,14.9,36.9,Ceftriaxone,13,871,Ceftriaxone,6,8292,0,0,0,4.47
22-Feb-2025,Nephrology,126,95004,754,1583.4,8.1,25.1,Erythropoietin,15,390,Erythropoietin,12,18972,0,0,0,3.76
22-Feb-2025,Neurology,132,30888,234,514.8,12.2,40.2,Levetiracetam,22,3476,Aspirin,10,16760,0,0,0,4.1
22-Feb-2025,Gynecology & OBG,98,22246,227,370.7666667,19.6,37.6,Oxytocin,24,984,Metronidazole,5,8910,0,0,0,4.41
22-Feb-2025,Pediatrics,147,84672,576,882,12.1,31.1,Amoxicillin Syrup,20,1380,Amoxicillin Syrup,14,20944,0,0,0,4.69
22-Feb-2025,Orthopedics,51,31110,610,777.75,10.9,34.9,Vitamin D3,7,581,Vitamin D3,3,1899,0,0,0,3.75
22-Feb-2025,Cardiology,116,107880,930,1269.176471,10.2,23.2,Clopidogrel,32,1664,Aspirin,0,0,0,0,1,4.86
22-Feb-2025,Pulmonology,136,118456,871,1742,17.9,34.9,Montelukast,39,4563,Azithromycin,11,21714,0,0,0,4.73
23-Feb-2025,General Medicine,95,29260,308,495.9322034,13.2,41.2,Amoxicillin,23,2162,Amoxicillin,0,0,0,0,0,3.72
23-Feb-2025,General Surgery,36,27036,751,1081.44,18.7,37.7,Diclofenac,3,345,Tramadol,0,0,0,0,0,4.1
23-Feb-2025,Nephrology,26,32604,1254,2964,16.6,32.6,Furosemide,5,675,Erythropoietin,0,0,0,0,0,3.55
23-Feb-2025,Neurology,96,23232,242,611.3684211,19.8,45.8,Clopidogrel,15,1455,Levetiracetam,2,2214,0,0,0,4.67
23-Feb-2025,Gynecology & OBG,43,22317,519,676.2727273,10.3,23.3,Metronidazole,5,515,Metronidazole,3,2700,0,0,0,3.85
23-Feb-2025,Pediatrics,84,46452,553,1191.076923,16,31,Paracetamol Syrup,8,1496,ORS,7,13496,0,0,0,4.69
23-Feb-2025,Orthopedics,63,41454,658,1381.8,14.7,36.7,Calcium,15,2505,Diclofenac,6,5016,0,0,0,3.94
23-Feb-2025,Cardiology,142,150946,1063,1465.495146,19.4,37.4,Aspirin,27,1620,Clopidogrel,11,18964,0,0,1,4.18
23-Feb-2025,Pulmonology,109,45562,418,911.24,11.4,28.4,Azithromycin,25,4850,Azithromycin,4,4936,0,0,1,4.05
24-Feb-2025,General Medicine,440,156200,355,750.9615385,15.7,41.7,Metformin,54,1944,Amlodipine,21,27951,0,0,0,4.36
24-Feb-2025,General Surgery,91,75166,826,1833.317073,8.1,19.1,Pantoprazole,26,832,Tramadol,6,11460,0,0,0,3.55
24-Feb-2025,Nephrology,26,38168,1468,1908.4,6.8,11.8,Furosemide,3,312,Tacrolimus,2,2288,0,0,0,4.9
24-Feb-2025,Neurology,201,79797,397,917.2068966,8.6,20.6,Sodium Valproate,31,4061,Sodium Valproate,12,20400,0,0,2,3.52
24-Feb-2025,Gynecology & OBG,54,28782,533,1066,11.1,37.1,Calcium,5,565,Metronidazole,3,5916,0,0,0,4.19
24-Feb-2025,Pediatrics,492,317832,646,1369.965517,9.7,18.7,Salbutamol,92,3588,ORS,19,23351,0,1,2,4.36
24-Feb-2025,Orthopedics,47,29375,625,815.9722222,5.7,15.7,Diclofenac,6,402,Diclofenac,4,3440,0,0,0,3.85
24-Feb-2025,Cardiology,209,227183,1087,2342.092784,17.9,43.9,Atorvastatin,45,6885,Clopidogrel,14,10948,0,0,1,4.18
24-Feb-2025,Pulmonology,79,68098,862,2128.0625,16.8,33.8,Azithromycin,10,740,Montelukast,5,9875,0,0,0,4.27
25-Feb-2025,General Medicine,94,46060,490,767.6666667,13.8,37.8,Metformin,17,1785,Amoxicillin,9,16920,0,0,0,4.23
25-Feb-2025,General Surgery,58,42340,730,1283.030303,16.9,39.9,Ceftriaxone,15,735,Tramadol,4,4084,0,0,0,3.82
25-Feb-2025,Nephrology,129,191823,1487,2397.7875,18.7,33.7,Tacrolimus,37,999,Tacrolimus,6,11460,0,0,0,4.53
25-Feb-2025,Neurology,74,43364,586,1314.060606,9.5,25.5,Levetiracetam,15,1380,Aspirin,2,3786,0,0,0,4.24
25-Feb-2025,Gynecology & OBG,107,62060,580,816.5789474,9.7,25.7,Calcium,26,3588,Iron-Folic Acid,9,14535,0,0,0,4.09
25-Feb-2025,Pediatrics,107,47722,446,627.9210526,12.7,30.7,ORS,30,2310,ORS,2,1450,0,0,0,3.77
25-Feb-2025,Orthopedics,42,19236,458,916,15.8,27.8,Vitamin D3,7,560,Paracetamol,2,1566,0,0,0,3.82
25-Feb-2025,Cardiology,140,114660,819,1042.363636,18.3,45.3,Atorvastatin,33,4026,Clopidogrel,14,21350,0,0,1,4.28
25-Feb-2025,Pulmonology,69,69000,1000,1468.085106,8.3,18.3,Salbutamol Inhaler,15,1125,Budesonide,0,0,0,0,0,4.32
26-Feb-2025,General Medicine,101,43531,431,763.7017544,16.2,31.2,Metformin,23,1840,Metformin,1,1725,0,0,0,3.51
26-Feb-2025,General Surgery,160,95200,595,1360,5.8,35.8,Pantoprazole,27,810,Ceftriaxone,11,20416,0,0,0,4.42
26-Feb-2025,Nephrology,210,216720,1032,2408,7.3,32.3,Sevelamer,39,3900,Erythropoietin,19,11875,0,0,1,4.21
26-Feb-2025,Neurology,98,61740,630,1372,14.4,32.4,Clopidogrel,14,1764,Levetiracetam,0,0,0,0,0,3.69
26-Feb-2025,Gynecology & OBG,169,45292,268,603.8933333,11,32,Oxytocin,50,8550,Metronidazole,0,0,0,0,0,3.75
26-Feb-2025,Pediatrics,151,82899,549,767.5833333,13.2,33.2,Paracetamol Syrup,29,5742,ORS,3,3255,0,0,0,4.42
26-Feb-2025,Orthopedics,39,20046,514,954.5714286,9.2,17.2,Paracetamol,5,310,Paracetamol,0,0,0,0,0,4.36
26-Feb-2025,Cardiology,223,250429,1123,1555.459627,15.2,43.2,Aspirin,41,943,Amiodarone,21,22512,0,0,2,4.42
26-Feb-2025,Pulmonology,82,59122,721,1515.948718,16.3,21.3,Azithromycin,12,1536,Montelukast,3,2961,0,0,0,3.46
27-Feb-2025,General Medicine,336,145152,432,1008,17.2,32.2,Paracetamol,34,1870,Amlodipine,33,51975,0,0,0,4.23
27-Feb-2025,General Surgery,99,76131,769,1586.0625,19.2,34.2,Diclofenac,22,506,Diclofenac,7,5257,0,0,0,4.44
27-Feb-2025,Nephrology,53,32012,604,1524.380952,6.9,13.9,Furosemide,15,2160,Furosemide,0,0,0,0,0,4.31
27-Feb-2025,Neurology,75,24300,324,540,13.9,38.9,Sodium Valproate,9,675,Clopidogrel,0,0,0,0,0,3.56
27-Feb-2025,Gynecology & OBG,24,15120,630,840,17.5,35.5,Oxytocin,2,204,Oxytocin,2,3600,0,0,0,4.32
27-Feb-2025,Pediatrics,150,81150,541,751.3888889,11,34,Amoxicillin Syrup,16,2224,ORS,14,25480,0,0,0,3.7
27-Feb-2025,Orthopedics,139,38781,279,680.3684211,14.3,39.3,Diclofenac,41,820,Paracetamol,13,16419,0,0,1,3.72
27-Feb-2025,Cardiology,241,316192,1312,3011.352381,14.1,22.1,Aspirin,46,5060,Clopidogrel,8,11048,0,0,2,3.65
27-Feb-2025,Pulmonology,72,70128,974,1461,9.3,31.3,Salbutamol Inhaler,18,1116,Salbutamol Inhaler,0,0,0,0,0,4.61
28-Feb-2025,General Medicine,220,105160,478,973.7037037,7.1,28.1,Amlodipine,33,2244,Paracetamol,19,23541,0,0,2,3.81
28-Feb-2025,General Surgery,190,138700,730,1631.764706,12.9,31.9,Diclofenac,29,1189,Ceftriaxone,15,17130,0,0,0,4.39
28-Feb-2025,Nephrology,103,112373,1091,1872.883333,10.8,36.8,Sevelamer,18,1170,Tacrolimus,5,9695,0,0,1,3.95
28-Feb-2025,Neurology,75,20775,277,577.0833333,19.3,42.3,Aspirin,18,828,Aspirin,5,7005,0,0,0,4.61
28-Feb-2025,Gynecology & OBG,50,11050,221,276.25,19.7,46.7,Metronidazole,7,1218,Metronidazole,2,2494,0,0,0,4.65
28-Feb-2025,Pediatrics,92,26864,292,426.4126984,12.3,30.3,Amoxicillin Syrup,17,1751,Salbutamol,1,1044,0,0,0,4.93
28-Feb-2025,Orthopedics,126,66150,525,1181.25,7.8,25.8,Paracetamol,22,4004,Vitamin D3,4,2596,0,0,0,4.39
28-Feb-2025,Cardiology,112,80528,719,958.6666667,12.6,19.6,Atorvastatin,15,1695,Aspirin,7,10206,0,0,1,4.11
28-Feb-2025,Pulmonology,49,38563,787,1483.192308,15,43,Montelukast,12,1200,Budesonide,1,1100,0,0,0,3.51
1-Mar-2025,General Medicine,166,111552,672,929.6,15.2,38.2,Paracetamol,21,1512,Amlodipine,9,8829,0,0,0,4.23
1-Mar-2025,General Surgery,125,110125,881,2002.272727,7.7,22.7,Ceftriaxone,20,3780,Pantoprazole,0,0,0,0,0,3.52
1-Mar-2025,Nephrology,81,102870,1270,1714.5,16.4,33.4,Tacrolimus,16,1824,Tacrolimus,2,3040,0,0,0,4.11
1-Mar-2025,Neurology,48,18960,395,790,6.7,33.7,Sodium Valproate,6,774,Sodium Valproate,1,607,0,0,0,3.65
1-Mar-2025,Gynecology & OBG,80,33280,416,832,10.9,24.9,Calcium,20,2020,Iron-Folic Acid,5,3525,0,0,0,3.66
1-Mar-2025,Pediatrics,143,36608,256,338.962963,8.3,27.3,Salbutamol,37,5698,Paracetamol Syrup,11,20394,0,0,0,4.17
1-Mar-2025,Orthopedics,42,12432,296,444,16.3,28.3,Vitamin D3,8,632,Calcium,4,6432,0,0,0,4.44
1-Mar-2025,Cardiology,152,184680,1215,2198.571429,15.1,33.1,Aspirin,22,572,Clopidogrel,15,10845,0,0,1,3.65
1-Mar-2025,Pulmonology,89,45479,511,668.8088235,15.8,44.8,Salbutamol Inhaler,15,1230,Budesonide,4,5756,0,0,0,4.14
2-Mar-2025,General Medicine,91,29120,320,710.2439024,18.1,38.1,Amoxicillin,9,774,Amoxicillin,7,3703,0,0,0,4.39
2-Mar-2025,General Surgery,58,40948,706,1077.578947,12.2,22.2,Pantoprazole,11,473,Diclofenac,1,618,0,0,0,3.86
2-Mar-2025,Nephrology,99,82071,829,1954.071429,11.7,19.7,Sevelamer,9,279,Sevelamer,7,10710,0,0,0,4.69
2-Mar-2025,Neurology,108,52812,489,1035.529412,17.5,40.5,Sodium Valproate,15,1905,Sodium Valproate,9,6885,0,0,1,3.75
2-Mar-2025,Gynecology & OBG,66,19866,301,473,17.2,44.2,Calcium,6,222,Calcium,0,0,0,0,0,4.19
2-Mar-2025,Pediatrics,102,71298,699,1516.978723,8.9,29.9,ORS,26,2262,ORS,7,11984,0,0,1,3.93
2-Mar-2025,Orthopedics,65,32370,498,634.7058824,10.1,26.1,Diclofenac,14,2030,Paracetamol,0,0,0,0,0,3.79
2-Mar-2025,Cardiology,203,204624,1008,2379.348837,9.3,33.3,Amiodarone,30,2130,Aspirin,1,1793,0,0,1,3.81
2-Mar-2025,Pulmonology,62,43152,696,1726.08,6.4,31.4,Budesonide,6,1146,Budesonide,5,9185,0,0,0,4.6
3-Mar-2025,General Medicine,242,141812,586,815.0114943,11.2,36.2,Amoxicillin,62,1736,Metformin,13,22958,0,0,1,4.1
3-Mar-2025,General Surgery,95,72865,767,1821.625,6.2,22.2,Tramadol,17,1921,Tramadol,4,2212,0,0,0,3.63
3-Mar-2025,Nephrology,146,131400,900,1904.347826,8.7,36.7,Sevelamer,15,1170,Erythropoietin,8,4296,0,0,1,4.45
3-Mar-2025,Neurology,34,17884,526,616.6896552,17.3,29.3,Sodium Valproate,7,1246,Levetiracetam,1,1160,0,0,0,3.88
3-Mar-2025,Gynecology & OBG,199,42785,215,491.7816092,10.6,21.6,Oxytocin,56,1792,Iron-Folic Acid,8,7288,0,0,1,3.65
3-Mar-2025,Pediatrics,238,79730,335,693.3043478,14.7,44.7,ORS,38,836,ORS,12,11148,0,0,1,4.38
3-Mar-2025,Orthopedics,92,33488,364,485.3333333,7,32,Vitamin D3,18,1944,Diclofenac,9,12204,0,0,0,3.73
3-Mar-2025,Cardiology,106,66356,626,809.2195122,13.5,31.5,Amiodarone,27,3132,Aspirin,10,9380,0,0,0,4.12
3-Mar-2025,Pulmonology,131,127332,972,1989.5625,12.2,23.2,Budesonide,27,4320,Montelukast,7,13202,0,0,1,3.84
4-Mar-2025,General Medicine,144,49104,341,711.6521739,9.5,28.5,Amoxicillin,34,4794,Metformin,7,8225,0,0,0,3.91
4-Mar-2025,General Surgery,99,56232,568,1441.846154,19.1,46.1,Tramadol,15,2355,Diclofenac,9,10008,0,0,0,4.38
4-Mar-2025,Nephrology,71,89389,1259,1752.72549,18.4,24.4,Sevelamer,9,522,Furosemide,2,1938,0,0,0,4.6
4-Mar-2025,Neurology,67,30083,449,1114.185185,19.6,47.6,Aspirin,13,585,Levetiracetam,6,8022,0,0,0,4.45
4-Mar-2025,Gynecology & OBG,134,81472,608,1273,10.6,20.6,Iron-Folic Acid,31,899,Calcium,12,11832,0,0,1,4.19
4-Mar-2025,Pediatrics,342,153216,448,1021.44,19.3,34.3,ORS,84,13272,Paracetamol Syrup,27,23625,0,1,2,4.32
4-Mar-2025,Orthopedics,80,16480,206,257.5,8.9,33.9,Diclofenac,10,1140,Diclofenac,7,9450,0,0,0,4.21
4-Mar-2025,Cardiology,184,124752,678,1386.133333,5.5,28.5,Clopidogrel,36,5400,Clopidogrel,7,12313,0,0,0,3.47
4-Mar-2025,Pulmonology,81,46656,576,1036.8,8.6,13.6,Montelukast,21,4137,Azithromycin,4,3544,0,0,0,3.7
5-Mar-2025,General Medicine,110,65560,596,964.1176471,9.3,14.3,Paracetamol,21,2394,Amoxicillin,5,7770,0,0,1,4.29
5-Mar-2025,General Surgery,134,122342,913,1359.355556,7.9,21.9,Ceftriaxone,17,3111,Tramadol,8,11800,0,0,1,3.96
5-Mar-2025,Nephrology,53,51728,976,2463.238095,16.8,37.8,Sevelamer,7,490,Furosemide,1,1721,0,0,0,3.88
5-Mar-2025,Neurology,75,15375,205,341.6666667,6.6,29.6,Sodium Valproate,7,966,Levetiracetam,6,9564,0,0,0,4.41
5-Mar-2025,Gynecology & OBG,68,21216,312,408,9.8,39.8,Oxytocin,16,800,Metronidazole,6,9270,0,0,0,3.8
5-Mar-2025,Pediatrics,194,85748,442,1099.333333,13.2,24.2,Amoxicillin Syrup,38,1520,Paracetamol Syrup,12,18672,0,0,1,3.86
5-Mar-2025,Orthopedics,157,40506,258,595.6764706,6.8,24.8,Vitamin D3,38,1178,Vitamin D3,15,21585,0,0,0,3.95
5-Mar-2025,Cardiology,140,180320,1288,1878.333333,13.3,20.3,Aspirin,25,650,Atorvastatin,8,9864,0,0,1,4.66
5-Mar-2025,Pulmonology,42,34398,819,982.8,15.4,23.4,Salbutamol Inhaler,12,2280,Azithromycin,2,3920,0,0,0,3.94
6-Mar-2025,General Medicine,111,67821,611,807.3928571,9.3,27.3,Amlodipine,16,2400,Amoxicillin,1,1260,0,0,1,4.15
6-Mar-2025,General Surgery,81,37179,459,675.9818182,9.8,17.8,Tramadol,10,1370,Pantoprazole,6,7194,0,0,0,4.79
6-Mar-2025,Nephrology,104,97656,939,1953.12,12.3,17.3,Erythropoietin,22,3476,Sevelamer,4,4204,0,0,0,4.12
6-Mar-2025,Neurology,88,42240,480,828.2352941,15.9,32.9,Levetiracetam,24,3192,Levetiracetam,3,4170,0,0,0,4.36
6-Mar-2025,Gynecology & OBG,117,61308,524,645.3473684,5.7,28.7,Iron-Folic Acid,29,1421,Metronidazole,10,11280,0,0,0,4.21
6-Mar-2025,Pediatrics,108,22680,210,315,9.4,30.4,Amoxicillin Syrup,26,1976,Paracetamol Syrup,0,0,0,0,1,3.87
6-Mar-2025,Orthopedics,92,47472,516,791.2,13.3,37.3,Diclofenac,14,1876,Diclofenac,3,2052,0,0,0,4.27
6-Mar-2025,Cardiology,208,260624,1253,2171.866667,5.8,23.8,Amiodarone,31,5673,Clopidogrel,4,2708,0,0,1,4.08
6-Mar-2025,Pulmonology,42,23184,552,1288,14.9,44.9,Salbutamol Inhaler,4,488,Salbutamol Inhaler,2,3722,0,0,0,3.95
7-Mar-2025,General Medicine,181,119279,659,954.232,9.2,17.2,Paracetamol,48,6432,Paracetamol,17,10251,0,0,0,4.46
7-Mar-2025,General Surgery,54,46764,866,1039.2,10,15,Diclofenac,16,2336,Pantoprazole,1,1947,0,0,0,3.47
7-Mar-2025,Nephrology,30,41040,1368,2736,13.3,39.3,Erythropoietin,3,330,Sevelamer,2,3132,0,0,0,3.36
7-Mar-2025,Neurology,90,41490,461,1152.5,13.2,22.2,Sodium Valproate,11,1639,Aspirin,3,2046,0,0,0,4.47
7-Mar-2025,Gynecology & OBG,102,40290,395,503.625,11.8,24.8,Metronidazole,20,840,Oxytocin,1,1086,0,0,0,4.74
7-Mar-2025,Pediatrics,362,173760,480,1143.157895,11.1,28.1,ORS,73,10877,Salbutamol,12,11268,0,1,2,4.43
7-Mar-2025,Orthopedics,154,82082,533,1094.426667,16.3,37.3,Paracetamol,33,1914,Diclofenac,4,5300,0,0,1,4.68
7-Mar-2025,Cardiology,50,57700,1154,1923.333333,12.3,30.3,Aspirin,5,100,Atorvastatin,3,2601,0,0,0,3.71
7-Mar-2025,Pulmonology,54,27000,500,675,15.1,28.1,Salbutamol Inhaler,15,2835,Budesonide,5,6505,0,0,0,4.56
8-Mar-2025,General Medicine,125,61250,490,1113.636364,18.9,26.9,Metformin,35,2415,Metformin,12,13668,0,0,1,4.76
8-Mar-2025,General Surgery,84,81984,976,2049.6,16.5,27.5,Ceftriaxone,21,4116,Diclofenac,8,13344,0,0,0,4.15
8-Mar-2025,Nephrology,143,137137,959,2285.616667,7.8,15.8,Furosemide,28,3444,Erythropoietin,4,3400,0,0,1,3.61
8-Mar-2025,Neurology,164,62156,379,776.95,11.2,41.2,Clopidogrel,21,1344,Levetiracetam,2,3540,0,0,0,4.47
8-Mar-2025,Gynecology & OBG,86,51428,598,989,14.7,40.7,Oxytocin,16,2352,Calcium,2,3082,0,0,0,3.91
8-Mar-2025,Pediatrics,82,35424,432,908.3076923,12.5,21.5,Paracetamol Syrup,8,840,Paracetamol Syrup,8,9800,0,0,0,3.96
8-Mar-2025,Orthopedics,30,12390,413,826,10.5,22.5,Calcium,4,640,Calcium,0,0,0,0,0,4.03
8-Mar-2025,Cardiology,117,104130,890,1652.857143,11.5,18.5,Aspirin,13,1859,Amiodarone,0,0,0,0,0,4.56
8-Mar-2025,Pulmonology,72,67464,937,1874,8.5,32.5,Montelukast,16,912,Salbutamol Inhaler,6,7446,0,0,0,4.14
9-Mar-2025,General Medicine,140,47180,337,760.9677419,10.3,38.3,Paracetamol,33,4323,Amoxicillin,6,3000,0,0,0,4.17
9-Mar-2025,General Surgery,32,15264,477,1090.285714,17.1,38.1,Tramadol,6,588,Pantoprazole,1,1215,0,0,0,3.5
9-Mar-2025,Nephrology,45,42210,938,1361.612903,17.4,34.4,Furosemide,6,186,Sevelamer,4,7112,0,0,0,4.58
9-Mar-2025,Neurology,97,49373,509,1050.489362,5.8,23.8,Sodium Valproate,24,2496,Clopidogrel,3,1935,0,0,0,4.28
9-Mar-2025,Gynecology & OBG,132,90816,688,1464.774194,9.8,33.8,Oxytocin,27,4779,Oxytocin,2,3554,0,0,0,4.67
9-Mar-2025,Pediatrics,39,24921,639,996.84,10.1,21.1,Paracetamol Syrup,8,416,Paracetamol Syrup,1,1573,0,0,0,3.84
9-Mar-2025,Orthopedics,128,25984,203,472.4363636,12.9,38.9,Calcium,20,2060,Calcium,2,2632,0,0,0,4.27
9-Mar-2025,Cardiology,50,39050,781,1562,7.5,23.5,Atorvastatin,7,1169,Aspirin,1,1349,0,0,0,4.62
9-Mar-2025,Pulmonology,34,20230,595,1011.5,8.8,31.8,Budesonide,10,1410,Budesonide,2,3032,0,0,0,4.16
10-Mar-2025,General Medicine,191,128161,671,871.8435374,9.3,22.3,Amoxicillin,45,5445,Amoxicillin,2,3616,0,0,1,3.9
10-Mar-2025,General Surgery,49,45129,921,2256.45,20,35,Diclofenac,10,1140,Pantoprazole,4,3676,0,0,0,3.88
10-Mar-2025,Nephrology,52,57200,1100,1906.666667,14.9,22.9,Sevelamer,5,265,Erythropoietin,3,2832,0,0,0,4.13
10-Mar-2025,Neurology,146,57962,397,905.65625,10.7,36.7,Clopidogrel,27,4374,Aspirin,14,11424,0,0,1,4.3
10-Mar-2025,Gynecology & OBG,78,22386,287,379.4237288,14.3,36.3,Oxytocin,10,800,Oxytocin,7,9051,0,0,0,4.34
10-Mar-2025,Pediatrics,292,174032,596,1426.491803,14.7,34.7,Salbutamol,70,7630,ORS,24,38160,0,0,1,4.45
10-Mar-2025,Orthopedics,74,33596,454,988.1176471,14.1,44.1,Paracetamol,14,2492,Diclofenac,3,4371,0,0,0,3.84
10-Mar-2025,Cardiology,191,187180,980,1273.333333,6.6,32.6,Amiodarone,49,3528,Clopidogrel,4,6484,0,0,1,4.1
10-Mar-2025,Pulmonology,148,127872,864,2096.262295,19,42,Salbutamol Inhaler,40,2240,Montelukast,13,22048,0,0,0,4.56
11-Mar-2025,General Medicine,191,112308,588,863.9076923,14.6,43.6,Metformin,34,5406,Paracetamol,17,27829,0,0,0,4.47
11-Mar-2025,General Surgery,45,33435,743,1671.75,13,40,Pantoprazole,9,1098,Diclofenac,1,856,0,0,0,3.95
11-Mar-2025,Nephrology,118,156232,1324,2840.581818,18.4,42.4,Erythropoietin,27,999,Sevelamer,4,2488,0,0,1,4.25
11-Mar-2025,Neurology,74,49432,668,969.254902,12.8,20.8,Sodium Valproate,17,391,Levetiracetam,1,785,0,0,0,3.99
11-Mar-2025,Gynecology & OBG,113,67913,601,905.5066667,14.6,44.6,Iron-Folic Acid,23,2691,Metronidazole,5,9860,0,0,1,3.61
11-Mar-2025,Pediatrics,120,28680,239,478,18.3,35.3,Amoxicillin Syrup,26,1482,Salbutamol,1,1618,0,0,1,4.78
11-Mar-2025,Orthopedics,64,30208,472,755.2,6.9,17.9,Diclofenac,16,672,Vitamin D3,0,0,0,0,0,3.88
11-Mar-2025,Cardiology,202,127866,633,913.3285714,16.4,41.4,Aspirin,22,1320,Amiodarone,15,20610,0,0,0,3.5
11-Mar-2025,Pulmonology,52,38064,732,1057.333333,7,28,Budesonide,6,708,Budesonide,4,2212,0,0,0,4.01
12-Mar-2025,General Medicine,92,51612,561,1173,14.6,33.6,Paracetamol,10,1080,Amoxicillin,9,10170,0,0,0,4.39
12-Mar-2025,General Surgery,94,67586,719,1126.433333,19.1,31.1,Diclofenac,11,1276,Pantoprazole,9,9351,0,0,0,3.62
12-Mar-2025,Nephrology,64,65920,1030,1648,11.6,26.6,Furosemide,19,1140,Tacrolimus,3,2598,0,0,0,4.24
12-Mar-2025,Neurology,63,41832,664,1549.333333,15.6,36.6,Levetiracetam,12,948,Sodium Valproate,0,0,0,0,0,4.19
12-Mar-2025,Gynecology & OBG,81,37017,457,685.5,15.6,36.6,Oxytocin,9,1224,Oxytocin,2,1504,0,0,0,4.21
12-Mar-2025,Pediatrics,160,90400,565,1189.473684,10.9,38.9,Salbutamol,41,2706,Amoxicillin Syrup,1,872,0,0,1,4.27
12-Mar-2025,Orthopedics,158,81844,518,1169.2,11,39,Vitamin D3,47,6439,Calcium,1,1560,0,0,0,3.63
12-Mar-2025,Cardiology,56,33600,600,861.5384615,16.6,33.6,Atorvastatin,9,1800,Atorvastatin,0,0,0,0,0,3.61
12-Mar-2025,Pulmonology,91,59332,652,1483.3,7.6,22.6,Salbutamol Inhaler,24,3192,Salbutamol Inhaler,7,13412,0,0,0,4.1
13-Mar-2025,General Medicine,93,46128,496,1025.066667,18,23,Paracetamol,22,4312,Amlodipine,0,0,0,0,0,3.56
13-Mar-2025,General Surgery,45,35820,796,1791,10.4,27.4,Tramadol,11,1936,Ceftriaxone,1,1779,0,0,0,4.54
13-Mar-2025,Nephrology,94,130566,1389,3264.15,13.3,32.3,Tacrolimus,19,2090,Furosemide,7,11760,0,0,0,3.95
13-Mar-2025,Neurology,46,14306,311,408.7428571,17.3,29.3,Aspirin,8,544,Levetiracetam,0,0,0,0,0,3.72
13-Mar-2025,Gynecology & OBG,111,70485,635,978.9583333,5.7,16.7,Metronidazole,25,1050,Calcium,2,1820,0,0,0,4.5
13-Mar-2025,Pediatrics,210,90090,429,662.4264706,19.9,33.9,ORS,41,7093,Paracetamol Syrup,14,25984,0,0,2,3.58
13-Mar-2025,Orthopedics,149,90592,608,1393.723077,6.3,23.3,Paracetamol,32,6176,Calcium,5,4500,0,0,0,3.58
13-Mar-2025,Cardiology,172,226696,1318,2833.7,6.8,12.8,Atorvastatin,23,1840,Aspirin,11,12331,0,0,0,4.53
13-Mar-2025,Pulmonology,100,64900,649,1298,17.1,39.1,Montelukast,13,273,Salbutamol Inhaler,10,11500,0,0,0,3.78
14-Mar-2025,General Medicine,240,155760,649,1024.736842,18,42,Amlodipine,68,5984,Metformin,15,16455,0,0,0,4.56
14-Mar-2025,General Surgery,87,77691,893,1294.85,6.1,33.1,Tramadol,20,2980,Ceftriaxone,3,2019,0,0,0,4.04
14-Mar-2025,Nephrology,88,97768,1111,1745.857143,10.7,35.7,Erythropoietin,13,572,Furosemide,1,549,0,0,0,3.75
14-Mar-2025,Neurology,93,57474,618,766.32,6,28,Levetiracetam,18,846,Levetiracetam,2,3200,0,0,0,3.87
14-Mar-2025,Gynecology & OBG,99,32868,332,410.85,14.6,32.6,Oxytocin,11,1133,Oxytocin,1,870,0,0,0,4.67
14-Mar-2025,Pediatrics,228,107160,470,579.2432432,19.1,29.1,Salbutamol,39,6396,Amoxicillin Syrup,11,17831,0,0,0,4.05
14-Mar-2025,Orthopedics,223,154985,695,1549.85,18.2,26.2,Diclofenac,44,4708,Diclofenac,13,10712,0,0,0,4.92
14-Mar-2025,Cardiology,140,134960,964,2249.333333,14.1,32.1,Aspirin,15,1920,Amiodarone,2,2344,0,0,1,3.76
14-Mar-2025,Pulmonology,32,30368,949,1265.333333,14,37,Budesonide,5,270,Budesonide,2,2424,0,0,0,4.88
15-Mar-2025,General Medicine,134,63784,476,1139,16.1,28.1,Amoxicillin,36,1080,Paracetamol,4,7264,0,0,0,4.37
15-Mar-2025,General Surgery,63,53865,855,1197,15.7,20.7,Ceftriaxone,12,1932,Tramadol,5,4680,0,0,0,4.49
15-Mar-2025,Nephrology,92,137172,1491,3117.545455,13.2,26.2,Furosemide,24,2736,Sevelamer,8,7384,0,0,0,3.54
15-Mar-2025,Neurology,55,38280,696,1531.2,17.1,40.1,Aspirin,14,756,Aspirin,2,1580,0,0,0,3.54
15-Mar-2025,Gynecology & OBG,122,85034,697,1491.824561,9.2,14.2,Calcium,31,4371,Oxytocin,12,19668,0,0,0,3.89
15-Mar-2025,Pediatrics,271,165581,611,895.0324324,5.4,23.4,Salbutamol,68,9928,Salbutamol,9,16137,0,0,0,3.6
15-Mar-2025,Orthopedics,94,56682,603,1259.6,12.1,22.1,Calcium,20,1360,Diclofenac,6,7782,0,0,0,4.38
15-Mar-2025,Cardiology,98,63896,652,851.9466667,17.1,39.1,Amiodarone,11,1419,Clopidogrel,1,1914,0,0,0,4.08
15-Mar-2025,Pulmonology,65,38350,590,983.3333333,12.5,42.5,Montelukast,15,735,Azithromycin,5,7335,0,0,0,4.31
16-Mar-2025,General Medicine,163,83293,511,1041.1625,13.3,26.3,Paracetamol,47,6674,Metformin,16,25904,0,0,0,3.78
16-Mar-2025,General Surgery,36,26352,732,1647,5.9,12.9,Diclofenac,10,570,Tramadol,1,1302,0,0,0,3.65
16-Mar-2025,Nephrology,74,99604,1346,2165.304348,18.4,45.4,Erythropoietin,10,1110,Sevelamer,3,2688,0,0,0,3.97
16-Mar-2025,Neurology,83,22742,274,392.1034483,16.9,25.9,Levetiracetam,20,1560,Levetiracetam,8,9744,0,0,0,3.57
16-Mar-2025,Gynecology & OBG,26,11128,428,695.5,6.2,23.2,Iron-Folic Acid,5,755,Metronidazole,0,0,0,0,0,4.56
16-Mar-2025,Pediatrics,164,92496,564,1302.760563,15.5,37.5,Amoxicillin Syrup,28,3136,ORS,14,12390,0,0,0,4.35
16-Mar-2025,Orthopedics,128,87936,687,1418.322581,13.3,38.3,Calcium,28,2464,Calcium,3,3243,0,0,1,4.31
16-Mar-2025,Cardiology,160,207520,1297,2730.526316,12.7,26.7,Aspirin,29,5104,Aspirin,12,20328,0,0,0,4.1
16-Mar-2025,Pulmonology,44,26444,601,1202,5.9,17.9,Salbutamol Inhaler,8,1560,Montelukast,1,1263,0,0,0,4.12
17-Mar-2025,General Medicine,79,39500,500,718.1818182,19.9,41.9,Paracetamol,10,1860,Amoxicillin,1,1734,0,0,0,3.87
17-Mar-2025,General Surgery,81,37179,459,791.0425532,19.3,42.3,Diclofenac,11,1331,Pantoprazole,8,14184,0,0,0,3.93
17-Mar-2025,Nephrology,206,165006,801,1793.543478,9.9,19.9,Sevelamer,30,1050,Erythropoietin,13,7215,0,0,2,4.09
17-Mar-2025,Neurology,70,27860,398,546.2745098,17.4,23.4,Levetiracetam,8,1600,Clopidogrel,1,1800,0,0,0,3.85
17-Mar-2025,Gynecology & OBG,105,34755,331,789.8863636,7.2,33.2,Oxytocin,15,1605,Iron-Folic Acid,10,13160,0,0,1,4.13
17-Mar-2025,Pediatrics,171,119187,697,896.1428571,10.1,23.1,ORS,37,2331,Amoxicillin Syrup,14,24822,0,0,1,3.56
17-Mar-2025,Orthopedics,103,29561,287,591.22,10.6,21.6,Paracetamol,20,3980,Paracetamol,1,538,0,0,1,3.94
17-Mar-2025,Cardiology,278,405324,1458,3268.741935,17.8,37.8,Aspirin,83,11537,Amiodarone,5,8550,0,0,0,4.12
17-Mar-2025,Pulmonology,92,40020,435,870,8.5,37.5,Budesonide,12,2052,Azithromycin,5,5825,0,0,0,3.59
18-Mar-2025,General Medicine,197,114851,583,1367.27381,7.4,19.4,Amoxicillin,57,7011,Amoxicillin,4,7092,0,0,1,4.42
18-Mar-2025,General Surgery,136,133280,980,1402.947368,14.4,21.4,Ceftriaxone,24,2736,Diclofenac,6,4068,0,0,1,3.48
18-Mar-2025,Nephrology,206,297052,1442,2970.52,8.7,37.7,Tacrolimus,61,7320,Sevelamer,0,0,0,0,0,3.73
18-Mar-2025,Neurology,143,59917,419,599.17,14.3,24.3,Sodium Valproate,37,6771,Aspirin,14,17724,0,0,1,4.23
18-Mar-2025,Gynecology & OBG,129,82947,643,921.6333333,10,20,Iron-Folic Acid,26,2288,Metronidazole,9,9450,0,0,0,3.88
18-Mar-2025,Pediatrics,165,34650,210,320.8333333,7.7,31.7,ORS,44,2332,Paracetamol Syrup,13,21723,0,0,1,4.73
18-Mar-2025,Orthopedics,123,28044,228,350.55,18.1,41.1,Diclofenac,23,874,Vitamin D3,0,0,0,0,1,4.46
18-Mar-2025,Cardiology,121,175692,1452,2091.571429,14.7,23.7,Amiodarone,32,1376,Amiodarone,8,8760,0,0,1,3.64
18-Mar-2025,Pulmonology,102,43350,425,1032.142857,9.1,29.1,Azithromycin,21,1071,Salbutamol Inhaler,7,6384,0,0,0,3.53
19-Mar-2025,General Medicine,324,94284,291,604.3846154,17.9,45.9,Metformin,63,10962,Amoxicillin,26,42250,0,0,0,4.64
19-Mar-2025,General Surgery,35,22890,654,915.6,6.3,21.3,Ceftriaxone,5,660,Tramadol,0,0,0,0,0,4
19-Mar-2025,Nephrology,60,78360,1306,2009.230769,15.5,20.5,Erythropoietin,18,2844,Sevelamer,4,2652,0,0,0,3.74
19-Mar-2025,Neurology,138,89700,650,1495,14.5,28.5,Levetiracetam,18,3114,Clopidogrel,3,3222,0,0,1,4.72
19-Mar-2025,Gynecology & OBG,38,15390,405,549.6428571,15,32,Metronidazole,5,480,Iron-Folic Acid,1,608,0,0,0,4.04
19-Mar-2025,Pediatrics,158,102226,647,1460.371429,10.3,25.3,Paracetamol Syrup,39,1911,ORS,10,6040,0,0,0,4.77
19-Mar-2025,Orthopedics,106,74094,699,1058.485714,19.5,32.5,Vitamin D3,28,5516,Diclofenac,2,1020,0,0,0,4.53
19-Mar-2025,Cardiology,173,132864,768,1006.545455,5.9,34.9,Aspirin,48,8688,Clopidogrel,12,23784,0,0,1,4.53
19-Mar-2025,Pulmonology,99,48510,490,1102.5,8.5,16.5,Azithromycin,25,2725,Budesonide,7,6482,0,0,0,4.78
20-Mar-2025,General Medicine,231,100485,435,1004.85,9.5,27.5,Amlodipine,36,1296,Amoxicillin,16,31648,0,0,1,3.72
20-Mar-2025,General Surgery,84,35532,423,888.3,11.7,40.7,Tramadol,20,1940,Diclofenac,6,7146,0,0,0,3.8
20-Mar-2025,Nephrology,46,49634,1079,1418.114286,12.9,17.9,Tacrolimus,10,1940,Furosemide,3,5898,0,0,0,4.39
20-Mar-2025,Neurology,48,31200,650,1300,19.2,41.2,Levetiracetam,10,1730,Levetiracetam,3,3999,0,0,0,4.15
20-Mar-2025,Gynecology & OBG,122,50752,416,995.1372549,18.3,25.3,Oxytocin,35,5985,Oxytocin,7,7280,0,0,0,4.27
20-Mar-2025,Pediatrics,171,83277,487,711.7692308,13.2,18.2,Salbutamol,32,2944,ORS,2,3564,0,0,1,3.5
20-Mar-2025,Orthopedics,107,31886,298,419.5526316,14.6,44.6,Diclofenac,24,3456,Vitamin D3,5,4440,0,0,1,3.85
20-Mar-2025,Cardiology,137,82200,600,822,12.8,40.8,Amiodarone,24,1560,Atorvastatin,2,3122,0,0,0,4.08
20-Mar-2025,Pulmonology,56,38752,692,968.8,5.5,15.5,Azithromycin,9,720,Montelukast,5,3340,0,0,0,3.84
21-Mar-2025,General Medicine,280,135240,483,1252.222222,15.8,42.8,Paracetamol,60,9480,Amlodipine,6,3504,0,0,0,4.21
21-Mar-2025,General Surgery,45,37800,840,1890,16.8,36.8,Ceftriaxone,12,348,Diclofenac,3,3804,0,0,0,3.78
21-Mar-2025,Nephrology,42,55188,1314,1839.6,15.2,30.2,Sevelamer,7,1288,Sevelamer,4,7516,0,0,0,4.1
21-Mar-2025,Neurology,52,25376,488,725.0285714,13.5,20.5,Sodium Valproate,11,1210,Aspirin,3,4773,0,0,0,4.41
21-Mar-2025,Gynecology & OBG,84,34776,414,966,19.4,39.4,Oxytocin,12,2328,Calcium,6,9798,0,0,0,3.73
21-Mar-2025,Pediatrics,133,66101,497,661.01,20,38,Amoxicillin Syrup,33,3366,Paracetamol Syrup,6,7200,0,0,1,4.23
21-Mar-2025,Orthopedics,104,33800,325,704.1666667,7.3,23.3,Paracetamol,17,1938,Calcium,8,15776,0,0,1,4.29
21-Mar-2025,Cardiology,209,291346,1394,2913.46,7.5,12.5,Aspirin,30,4470,Clopidogrel,10,12060,0,0,1,3.89
21-Mar-2025,Pulmonology,39,36933,947,1758.714286,10.6,16.6,Budesonide,9,1728,Azithromycin,1,646,0,0,0,4.68
22-Mar-2025,General Medicine,76,17100,225,335.2941176,18.4,29.4,Metformin,21,3927,Paracetamol,1,854,0,0,0,4.15
22-Mar-2025,General Surgery,91,64701,711,1470.477273,5.1,20.1,Ceftriaxone,18,396,Pantoprazole,7,4823,0,0,0,3.36
22-Mar-2025,Nephrology,184,274160,1490,3427,5.9,14.9,Tacrolimus,21,3108,Erythropoietin,5,8720,0,0,0,4.37
22-Mar-2025,Neurology,84,57372,683,1434.3,18.1,32.1,Aspirin,20,2720,Clopidogrel,1,1986,0,0,0,4.89
22-Mar-2025,Gynecology & OBG,68,34748,511,723.9166667,8,36,Metronidazole,19,1387,Calcium,2,3296,0,0,0,3.59
22-Mar-2025,Pediatrics,104,67288,647,1401.833333,9.6,28.6,Salbutamol,12,624,Paracetamol Syrup,1,769,0,0,1,4.5
22-Mar-2025,Orthopedics,56,36680,655,917,11.8,21.8,Paracetamol,14,1470,Diclofenac,2,3802,0,0,0,3.68
22-Mar-2025,Cardiology,111,73149,659,1354.611111,6.9,18.9,Clopidogrel,11,1089,Atorvastatin,6,6936,0,0,0,4.58
22-Mar-2025,Pulmonology,72,47448,659,988.5,7,31,Azithromycin,16,464,Montelukast,6,4110,0,0,0,4.32
23-Mar-2025,General Medicine,62,32860,530,1060,7.5,24.5,Metformin,14,966,Amoxicillin,3,1794,0,0,0,4.47
23-Mar-2025,General Surgery,61,51789,849,1399.702703,19.1,33.1,Diclofenac,8,712,Pantoprazole,0,0,0,0,0,3.95
23-Mar-2025,Nephrology,78,85488,1096,2249.684211,13.1,28.1,Erythropoietin,20,940,Erythropoietin,7,9954,0,0,0,4.28
23-Mar-2025,Neurology,49,9800,200,316.1290323,15.1,37.1,Aspirin,5,830,Sodium Valproate,2,1294,0,0,0,3.67
23-Mar-2025,Gynecology & OBG,62,34968,564,874.2,9.4,25.4,Oxytocin,9,1008,Metronidazole,0,0,0,0,0,4.74
23-Mar-2025,Pediatrics,133,39767,299,409.9690722,15.5,21.5,Salbutamol,36,6084,ORS,11,10978,0,0,0,3.72
23-Mar-2025,Orthopedics,56,29680,530,645.2173913,10.7,28.7,Paracetamol,13,676,Diclofenac,4,4352,0,0,0,3.87
23-Mar-2025,Cardiology,40,46720,1168,2336,19.1,37.1,Clopidogrel,6,444,Amiodarone,1,1178,0,0,0,3.56
23-Mar-2025,Pulmonology,43,39173,911,1958.65,16.5,36.5,Azithromycin,8,1256,Salbutamol Inhaler,0,0,0,0,0,3.67
24-Mar-2025,General Medicine,279,95139,341,827.2956522,11.7,25.7,Paracetamol,66,9702,Paracetamol,0,0,0,0,2,4.34
24-Mar-2025,General Surgery,156,112788,723,1634.608696,11.7,28.7,Pantoprazole,39,3393,Diclofenac,0,0,0,0,0,4.37
24-Mar-2025,Nephrology,44,57068,1297,1585.222222,10.4,38.4,Furosemide,10,1550,Tacrolimus,0,0,0,0,0,3.94
24-Mar-2025,Neurology,62,23870,385,518.9130435,6.2,16.2,Clopidogrel,15,1440,Aspirin,5,8110,0,0,0,3.91
24-Mar-2025,Gynecology & OBG,140,96740,691,1535.555556,17.2,36.2,Oxytocin,21,462,Calcium,14,21616,0,0,1,3.79
24-Mar-2025,Pediatrics,179,88605,495,1093.888889,15.8,29.8,Amoxicillin Syrup,18,3438,Salbutamol,9,11880,0,0,0,4.05
24-Mar-2025,Orthopedics,228,67032,294,609.3818182,10.6,20.6,Diclofenac,26,1612,Diclofenac,7,13755,0,0,1,4.39
24-Mar-2025,Cardiology,68,64396,947,1609.9,5.3,21.3,Aspirin,15,1335,Atorvastatin,6,4974,0,0,0,4.72
24-Mar-2025,Pulmonology,37,16206,438,704.6086957,7.6,15.6,Montelukast,7,938,Azithromycin,3,3702,0,0,0,4.33
25-Mar-2025,General Medicine,116,66584,574,1189,17.5,22.5,Paracetamol,22,594,Metformin,4,2448,0,0,0,4.54
25-Mar-2025,General Surgery,162,71928,444,1057.764706,15.6,42.6,Ceftriaxone,24,2472,Ceftriaxone,3,3822,0,0,1,3.93
25-Mar-2025,Nephrology,45,46665,1037,1728.333333,19.8,30.8,Erythropoietin,12,240,Sevelamer,4,6472,0,0,0,4.22
25-Mar-2025,Neurology,108,66312,614,828.9,15,30,Sodium Valproate,23,3795,Clopidogrel,0,0,0,0,0,4.03
25-Mar-2025,Gynecology & OBG,152,38912,256,648.5333333,15.1,24.1,Oxytocin,38,5510,Metronidazole,1,781,0,0,1,4.47
25-Mar-2025,Pediatrics,115,37490,326,781.0416667,11.4,17.4,Amoxicillin Syrup,29,3683,Paracetamol Syrup,9,5553,0,0,0,3.5
25-Mar-2025,Orthopedics,72,23040,320,451.7647059,7.5,30.5,Calcium,16,816,Diclofenac,0,0,0,0,0,4.28
25-Mar-2025,Cardiology,192,177600,925,1233.333333,19.5,32.5,Amiodarone,22,3542,Amiodarone,10,14330,0,0,0,4.03
25-Mar-2025,Pulmonology,140,82880,592,1295,6.9,33.9,Budesonide,30,2850,Salbutamol Inhaler,5,8765,0,0,0,3.69
26-Mar-2025,General Medicine,156,107796,691,1711.047619,17.1,40.1,Amlodipine,44,924,Paracetamol,2,3450,0,0,1,4.21
26-Mar-2025,General Surgery,35,30450,870,2030,6.4,13.4,Pantoprazole,10,900,Pantoprazole,2,3120,0,0,0,3.48
26-Mar-2025,Nephrology,124,117304,946,2132.8,13.5,18.5,Sevelamer,12,996,Erythropoietin,9,10269,0,0,0,4.43
26-Mar-2025,Neurology,97,27645,285,406.5441176,18.1,25.1,Levetiracetam,23,4554,Clopidogrel,9,15021,0,0,0,4.65
26-Mar-2025,Gynecology & OBG,100,35700,357,714,16.3,38.3,Iron-Folic Acid,27,5265,Calcium,6,4620,0,0,0,4.35
26-Mar-2025,Pediatrics,155,87110,562,1146.184211,18.5,35.5,ORS,39,897,Amoxicillin Syrup,2,3936,0,0,1,4.6
26-Mar-2025,Orthopedics,103,32754,318,727.8666667,7.3,30.3,Calcium,15,1095,Diclofenac,3,5397,0,0,1,4.06
26-Mar-2025,Cardiology,224,188832,843,1748.444444,14.9,41.9,Atorvastatin,62,10230,Amiodarone,1,596,0,0,1,4.6
26-Mar-2025,Pulmonology,83,37018,446,771.2083333,11.8,24.8,Montelukast,17,3026,Montelukast,3,3441,0,0,0,4.13
27-Mar-2025,General Medicine,262,147244,562,1177.952,8.4,16.4,Amoxicillin,35,4760,Paracetamol,14,15512,0,0,2,3.44
27-Mar-2025,General Surgery,100,86000,860,1720,6.1,31.1,Pantoprazole,29,4437,Ceftriaxone,1,1725,0,0,0,3.53
27-Mar-2025,Nephrology,51,65892,1292,2745.5,14.5,20.5,Erythropoietin,12,708,Erythropoietin,3,5661,0,0,0,4.43
27-Mar-2025,Neurology,174,111360,640,1465.263158,10.4,35.4,Clopidogrel,51,5610,Levetiracetam,7,6944,0,0,1,3.73
27-Mar-2025,Gynecology & OBG,48,29808,621,1242,5.8,13.8,Oxytocin,10,1270,Oxytocin,4,6572,0,0,0,4.65
27-Mar-2025,Pediatrics,176,99440,565,887.8571429,10.8,23.8,Amoxicillin Syrup,23,2346,Amoxicillin Syrup,12,16056,0,0,1,4.14
27-Mar-2025,Orthopedics,88,45408,516,709.5,9.6,37.6,Diclofenac,19,779,Calcium,1,1652,0,0,0,3.45
27-Mar-2025,Cardiology,251,167166,666,1348.112903,6.4,15.4,Atorvastatin,56,1288,Clopidogrel,9,12861,0,0,1,4.48
27-Mar-2025,Pulmonology,94,73226,779,1076.852941,8.4,18.4,Budesonide,17,1479,Montelukast,9,6732,0,0,0,4.28
28-Mar-2025,General Medicine,162,82134,507,1053,9.3,34.3,Amoxicillin,17,1513,Metformin,16,17424,0,0,0,3.51
28-Mar-2025,General Surgery,60,41640,694,925.3333333,12.8,26.8,Pantoprazole,11,781,Pantoprazole,0,0,0,0,0,4.72
28-Mar-2025,Nephrology,63,66528,1056,1848,19.1,37.1,Tacrolimus,16,3024,Furosemide,2,1674,0,0,0,3.88
28-Mar-2025,Neurology,59,19411,329,485.275,9.5,21.5,Clopidogrel,13,624,Levetiracetam,5,5310,0,0,0,4.37
28-Mar-2025,Gynecology & OBG,30,6030,201,251.25,9.5,36.5,Iron-Folic Acid,9,198,Oxytocin,0,0,0,0,0,4.22
28-Mar-2025,Pediatrics,437,93518,214,479.5794872,15.6,43.6,Salbutamol,45,3690,Paracetamol Syrup,11,11000,0,1,0,3.63
28-Mar-2025,Orthopedics,102,68952,676,1641.714286,6.2,28.2,Diclofenac,30,3600,Calcium,0,0,0,0,0,4.11
28-Mar-2025,Cardiology,82,104796,1278,1612.246154,9.8,34.8,Aspirin,17,1921,Aspirin,4,6488,0,0,0,4.43
28-Mar-2025,Pulmonology,143,127985,895,1969,9.6,20.6,Salbutamol Inhaler,32,5760,Salbutamol Inhaler,12,17052,0,0,0,4.17
29-Mar-2025,General Medicine,180,61740,343,514.5,14.8,31.8,Metformin,26,728,Amoxicillin,8,6832,0,0,0,4.66
29-Mar-2025,General Surgery,83,35358,426,552.46875,16.4,34.4,Pantoprazole,19,1976,Pantoprazole,3,4302,0,0,0,3.73
29-Mar-2025,Nephrology,35,25025,715,1191.666667,18.7,27.7,Erythropoietin,10,1190,Tacrolimus,1,1410,0,0,0,4.14
29-Mar-2025,Neurology,30,12270,409,511.25,14.3,29.3,Clopidogrel,8,1448,Sodium Valproate,1,1149,0,0,0,4.74
29-Mar-2025,Gynecology & OBG,63,33138,526,828.45,8.4,33.4,Oxytocin,8,648,Metronidazole,4,7260,0,0,0,3.67
29-Mar-2025,Pediatrics,172,77572,451,923.4761905,11.8,29.8,Amoxicillin Syrup,36,4428,Amoxicillin Syrup,16,20496,0,0,0,4.13
29-Mar-2025,Orthopedics,35,12600,360,504,13.4,28.4,Paracetamol,5,515,Paracetamol,0,0,0,0,0,3.89
29-Mar-2025,Cardiology,111,107337,967,1703.761905,8,27,Amiodarone,32,3008,Amiodarone,4,5568,0,0,0,4.22
29-Mar-2025,Pulmonology,32,14784,462,616,15.8,28.8,Montelukast,5,410,Azithromycin,3,3324,0,0,0,4.35
30-Mar-2025,General Medicine,173,36330,210,534.2647059,15.6,32.6,Paracetamol,37,3441,Amlodipine,9,8757,0,0,1,4.32
30-Mar-2025,General Surgery,28,14280,510,1020,17.7,44.7,Diclofenac,4,176,Ceftriaxone,1,644,0,0,0,3.78
30-Mar-2025,Nephrology,43,36679,853,1358.481481,11.3,32.3,Tacrolimus,9,738,Erythropoietin,1,1771,0,0,0,3.57
30-Mar-2025,Neurology,38,8360,220,269.6774194,13.3,34.3,Sodium Valproate,5,305,Sodium Valproate,1,620,0,0,0,3.66
30-Mar-2025,Gynecology & OBG,108,50436,467,988.9411765,5.3,16.3,Calcium,29,4495,Calcium,5,7220,0,0,1,4.27
30-Mar-2025,Pediatrics,125,73125,585,1329.545455,6.2,31.2,Paracetamol Syrup,33,792,Amoxicillin Syrup,10,15810,0,0,1,4.1
30-Mar-2025,Orthopedics,81,49734,614,1275.230769,5.8,27.8,Paracetamol,15,2580,Diclofenac,7,3696,0,0,0,3.45
30-Mar-2025,Cardiology,152,162488,1069,2256.777778,10.3,39.3,Atorvastatin,33,6468,Aspirin,7,12054,0,0,1,4.47
30-Mar-2025,Pulmonology,83,43575,525,751.2931034,19.1,29.1,Budesonide,9,477,Salbutamol Inhaler,5,5800,0,0,0,3.77
31-Mar-2025,General Medicine,156,46956,301,426.8727273,11.4,30.4,Amoxicillin,45,1935,Paracetamol,4,3272,0,0,0,4.54
31-Mar-2025,General Surgery,81,48276,596,1419.882353,9,36,Pantoprazole,18,2502,Ceftriaxone,2,1654,0,0,0,4.64
31-Mar-2025,Nephrology,103,79104,768,1146.434783,15.1,41.1,Tacrolimus,18,1278,Furosemide,3,5988,0,0,0,4.57
31-Mar-2025,Neurology,70,22610,323,443.3333333,6.4,21.4,Aspirin,19,2850,Levetiracetam,4,5172,0,0,0,3.7
31-Mar-2025,Gynecology & OBG,82,32964,402,599.3454545,18.8,35.8,Metronidazole,22,440,Iron-Folic Acid,5,5675,0,0,0,4.72
31-Mar-2025,Pediatrics,143,65065,455,625.625,7.6,36.6,Paracetamol Syrup,23,2231,Paracetamol Syrup,14,18270,0,0,0,4.63
31-Mar-2025,Orthopedics,83,50630,610,830,11.9,27.9,Paracetamol,9,684,Calcium,3,2490,0,0,0,4.83
31-Mar-2025,Cardiology,188,279368,1486,1900.462585,8.8,30.8,Amiodarone,51,1785,Aspirin,10,12230,0,0,0,3.86
31-Mar-2025,Pulmonology,216,113616,526,1234.956522,5.9,26.9,Budesonide,24,912,Montelukast,17,10149,0,0,2,3.74
1-Apr-2025,General Medicine,185,100270,542,737.2794118,13.1,38.1,Metformin,44,5940,Metformin,6,8976,0,0,1,3.86
1-Apr-2025,General Surgery,58,58000,1000,1611.111111,9.8,29.8,Pantoprazole,6,948,Pantoprazole,4,3824,0,0,0,4.72
1-Apr-2025,Nephrology,51,62220,1220,1944.375,12.3,24.3,Erythropoietin,13,1612,Furosemide,2,2344,0,0,0,4.58
1-Apr-2025,Neurology,168,50400,300,672,19.1,39.1,Sodium Valproate,46,3082,Clopidogrel,3,1755,0,0,0,4.05
1-Apr-2025,Gynecology & OBG,49,11074,226,527.3333333,15.8,28.8,Iron-Folic Acid,13,2444,Metronidazole,4,2144,0,0,0,4.95
1-Apr-2025,Pediatrics,84,56868,677,947.8,14.8,25.8,Salbutamol,23,4393,Paracetamol Syrup,7,10619,0,0,0,4.37
1-Apr-2025,Orthopedics,36,13356,371,742,16.1,42.1,Calcium,4,788,Calcium,1,558,0,0,0,4.45
1-Apr-2025,Cardiology,247,260338,1054,2410.537037,10.5,26.5,Aspirin,29,5046,Clopidogrel,3,4047,0,0,2,4.15
1-Apr-2025,Pulmonology,69,53199,771,1209.068182,13,28,Montelukast,7,1197,Salbutamol Inhaler,3,3567,0,0,0,4.48
2-Apr-2025,General Medicine,88,33880,385,564.6666667,16.4,23.4,Metformin,8,1048,Amoxicillin,4,3064,0,0,0,3.75
2-Apr-2025,General Surgery,209,106381,509,1063.81,11.4,24.4,Diclofenac,56,4480,Tramadol,19,22971,0,0,1,4.66
2-Apr-2025,Nephrology,35,29085,831,1038.75,20,47,Sevelamer,4,104,Erythropoietin,3,1971,0,0,0,4.13
2-Apr-2025,Neurology,113,30849,273,560.8909091,18.8,27.8,Sodium Valproate,20,1500,Levetiracetam,11,20922,0,0,0,3.3
2-Apr-2025,Gynecology & OBG,124,66712,538,1212.945455,15.4,22.4,Metronidazole,17,1173,Metronidazole,0,0,0,0,0,4.38
2-Apr-2025,Pediatrics,193,43232,224,389.4774775,13.5,28.5,Salbutamol,39,2652,Paracetamol Syrup,2,3824,0,0,0,4.57
2-Apr-2025,Orthopedics,176,63008,358,741.2705882,12.9,41.9,Calcium,37,3515,Paracetamol,4,7552,0,0,1,4.72
2-Apr-2025,Cardiology,258,255420,990,1277.1,11.5,41.5,Clopidogrel,51,9537,Atorvastatin,21,36204,0,0,2,3.73
2-Apr-2025,Pulmonology,53,33178,626,947.9428571,6.6,25.6,Azithromycin,11,2178,Montelukast,0,0,0,0,0,3.61
3-Apr-2025,General Medicine,192,125760,655,1572,18.7,34.7,Paracetamol,29,5481,Paracetamol,5,8280,0,0,1,3.44
3-Apr-2025,General Surgery,72,50616,703,1581.75,7.4,13.4,Diclofenac,10,1820,Ceftriaxone,7,10206,0,0,0,4.45
3-Apr-2025,Nephrology,105,109725,1045,1613.602941,6.2,17.2,Erythropoietin,28,5208,Erythropoietin,3,3138,0,0,1,4.49
3-Apr-2025,Neurology,129,58953,457,1052.732143,12.1,17.1,Levetiracetam,19,1691,Clopidogrel,0,0,0,0,1,3.89
3-Apr-2025,Gynecology & OBG,112,22960,205,441.5384615,16.1,42.1,Iron-Folic Acid,30,5130,Iron-Folic Acid,3,5757,0,0,0,4.17
3-Apr-2025,Pediatrics,199,80794,406,850.4631579,16.7,39.7,ORS,51,5865,Salbutamol,9,5958,0,0,1,3.96
3-Apr-2025,Orthopedics,78,46878,601,1041.733333,10.5,21.5,Calcium,7,910,Calcium,0,0,0,0,0,3.93
3-Apr-2025,Cardiology,269,400541,1489,3081.084615,6.7,16.7,Clopidogrel,40,4320,Clopidogrel,16,21952,0,0,2,3.76
3-Apr-2025,Pulmonology,192,108672,566,1207.466667,19.2,47.2,Azithromycin,55,7150,Montelukast,11,12826,0,0,0,4.63
4-Apr-2025,General Medicine,143,44473,311,684.2,16.8,26.8,Metformin,31,1798,Metformin,10,16060,0,0,1,4.58
4-Apr-2025,General Surgery,85,55590,654,1544.166667,9.3,37.3,Diclofenac,14,1932,Tramadol,0,0,0,0,0,4.44
4-Apr-2025,Nephrology,24,24048,1002,1336,10.7,30.7,Erythropoietin,4,768,Erythropoietin,0,0,0,0,0,4.31
4-Apr-2025,Neurology,106,65296,616,768.1882353,9,15,Sodium Valproate,29,4611,Aspirin,8,9912,0,0,0,4.46
4-Apr-2025,Gynecology & OBG,184,37536,204,469.2,19.8,31.8,Iron-Folic Acid,33,2772,Oxytocin,9,11898,0,0,1,4.89
4-Apr-2025,Pediatrics,165,83160,504,1108.8,17.4,24.4,Salbutamol,36,5796,Salbutamol,3,1530,0,0,1,3.8
4-Apr-2025,Orthopedics,157,51182,326,752.6764706,11.9,29.9,Vitamin D3,41,1763,Diclofenac,6,11928,0,0,1,4.6
4-Apr-2025,Cardiology,223,250206,1122,1614.232258,15.3,27.3,Aspirin,52,3172,Amiodarone,11,17644,0,0,0,4.16
4-Apr-2025,Pulmonology,31,27776,896,1322.666667,17.8,44.8,Salbutamol Inhaler,4,292,Salbutamol Inhaler,2,3696,0,0,0,3.78
5-Apr-2025,General Medicine,72,25056,348,417.6,7.8,22.8,Metformin,12,1368,Amoxicillin,3,5088,0,0,0,3.82
5-Apr-2025,General Surgery,87,39498,454,1097.166667,6.9,18.9,Pantoprazole,11,1056,Diclofenac,3,1545,0,0,0,4.18
5-Apr-2025,Nephrology,99,89199,901,1982.2,17.2,36.2,Sevelamer,10,400,Tacrolimus,8,4768,0,0,0,3.75
5-Apr-2025,Neurology,57,33288,584,1232.888889,19,49,Sodium Valproate,9,1107,Clopidogrel,3,2106,0,0,0,3.7
5-Apr-2025,Gynecology & OBG,120,55560,463,694.5,11.8,38.8,Calcium,32,5568,Calcium,12,16620,0,0,1,4.47
5-Apr-2025,Pediatrics,181,123623,683,1248.717172,13.7,39.7,Salbutamol,43,6493,Paracetamol Syrup,4,4624,0,0,0,4.4
5-Apr-2025,Orthopedics,127,53213,419,967.5090909,5.9,10.9,Vitamin D3,21,1323,Vitamin D3,7,5880,0,0,1,3.63
5-Apr-2025,Cardiology,219,144102,658,960.68,16.5,40.5,Amiodarone,52,1716,Amiodarone,16,10272,0,0,1,3.84
5-Apr-2025,Pulmonology,93,73191,787,1829.775,9.9,17.9,Salbutamol Inhaler,13,1378,Montelukast,6,5430,0,0,0,4.63
6-Apr-2025,General Medicine,101,39087,387,535.4383562,12.9,31.9,Amoxicillin,13,611,Amoxicillin,4,7296,0,0,0,4.84
6-Apr-2025,General Surgery,46,37582,817,1565.916667,8.7,18.7,Diclofenac,4,484,Diclofenac,2,3852,0,0,0,4.25
6-Apr-2025,Nephrology,34,28526,839,1426.3,5.7,12.7,Furosemide,9,423,Tacrolimus,0,0,0,0,0,4.55
6-Apr-2025,Neurology,98,20286,207,414,9.5,22.5,Levetiracetam,19,2812,Levetiracetam,6,11934,0,0,0,3.8
6-Apr-2025,Gynecology & OBG,21,11886,566,1320.666667,15.9,43.9,Oxytocin,5,1000,Calcium,0,0,0,0,0,4.36
6-Apr-2025,Pediatrics,104,50440,485,1008.8,19,42,Amoxicillin Syrup,13,1911,Paracetamol Syrup,7,8092,0,0,1,4.36
6-Apr-2025,Orthopedics,61,16897,277,422.425,12.2,20.2,Diclofenac,18,1800,Diclofenac,5,5785,0,0,0,4.51
6-Apr-2025,Cardiology,138,89838,651,1497.3,6.2,11.2,Clopidogrel,40,2960,Aspirin,8,4488,0,0,1,3.95
6-Apr-2025,Pulmonology,50,30950,619,1547.5,11,37,Montelukast,6,456,Salbutamol Inhaler,0,0,0,0,0,4.04
7-Apr-2025,General Medicine,176,106128,603,1310.222222,5.5,19.5,Amlodipine,23,1265,Amlodipine,10,6560,0,0,1,3.6
7-Apr-2025,General Surgery,99,49203,497,630.8076923,7.5,37.5,Ceftriaxone,10,1650,Ceftriaxone,9,13653,0,0,0,3.46
7-Apr-2025,Nephrology,131,84757,647,1324.328125,9.2,20.2,Erythropoietin,29,2233,Furosemide,11,20955,0,0,1,3.91
7-Apr-2025,Neurology,33,15807,479,585.4444444,11.8,23.8,Clopidogrel,5,505,Clopidogrel,2,2154,0,0,0,4.52
7-Apr-2025,Gynecology & OBG,63,26208,416,639.2195122,17,26,Calcium,16,1184,Calcium,0,0,0,0,0,3.59
7-Apr-2025,Pediatrics,95,40945,431,890.1086957,8.4,37.4,Paracetamol Syrup,24,2616,Salbutamol,2,1580,0,0,0,4.06
7-Apr-2025,Orthopedics,226,106898,473,971.8,18,30,Diclofenac,46,2162,Vitamin D3,15,14985,0,0,2,3.81
7-Apr-2025,Cardiology,229,161674,706,1469.763636,14.1,22.1,Atorvastatin,66,12804,Atorvastatin,16,10720,0,0,2,4.86
7-Apr-2025,Pulmonology,26,25350,975,1267.5,6.5,34.5,Salbutamol Inhaler,7,1386,Budesonide,1,1366,0,0,0,4.17
8-Apr-2025,General Medicine,206,127514,619,1465.678161,19.4,25.4,Amlodipine,20,1320,Amoxicillin,7,4004,0,0,0,4.2
8-Apr-2025,General Surgery,117,81666,698,1074.552632,10.9,39.9,Diclofenac,25,1300,Ceftriaxone,10,15980,0,0,1,3.46
8-Apr-2025,Nephrology,53,53053,1001,1768.433333,19.9,48.9,Sevelamer,7,917,Furosemide,5,2755,0,0,0,4.44
8-Apr-2025,Neurology,75,20175,269,630.46875,5.9,35.9,Aspirin,10,1080,Sodium Valproate,5,4570,0,0,0,3.48
8-Apr-2025,Gynecology & OBG,147,30870,210,474.9230769,16.6,46.6,Metronidazole,23,1564,Iron-Folic Acid,3,4182,0,0,0,3.77
8-Apr-2025,Pediatrics,183,42456,232,339.648,19.4,36.4,Salbutamol,33,5412,Salbutamol,3,2847,0,0,1,4.6
8-Apr-2025,Orthopedics,109,27795,255,347.4375,7.8,30.8,Calcium,25,4750,Diclofenac,3,1836,0,0,1,4.14
8-Apr-2025,Cardiology,80,107840,1348,2995.555556,9.1,14.1,Aspirin,22,3740,Atorvastatin,3,3690,0,0,0,3.92
8-Apr-2025,Pulmonology,180,157320,874,1966.5,16.1,24.1,Budesonide,39,2145,Salbutamol Inhaler,7,10829,0,0,1,4.38
9-Apr-2025,General Medicine,265,121635,459,695.0571429,6,24,Amoxicillin,45,8505,Amoxicillin,21,37527,0,0,1,4.39
9-Apr-2025,General Surgery,60,27780,463,1157.5,11.8,36.8,Diclofenac,15,1140,Pantoprazole,3,1905,0,0,0,4.47
9-Apr-2025,Nephrology,104,68328,657,1423.5,12.2,37.2,Erythropoietin,16,2672,Sevelamer,4,2912,0,0,1,4.14
9-Apr-2025,Neurology,162,110484,682,1578.342857,18.6,43.6,Aspirin,19,627,Clopidogrel,4,3064,0,0,1,4.73
9-Apr-2025,Gynecology & OBG,63,42210,670,1563.333333,7.4,33.4,Metronidazole,15,2280,Metronidazole,2,3366,0,0,0,3.78
9-Apr-2025,Pediatrics,66,35772,542,745.25,16.8,24.8,Paracetamol Syrup,19,2299,Amoxicillin Syrup,3,2178,0,0,0,4.03
9-Apr-2025,Orthopedics,180,124560,692,1638.947368,8,20,Paracetamol,52,8684,Vitamin D3,11,14608,0,0,0,4.22
9-Apr-2025,Cardiology,176,136576,776,1167.316239,18.4,33.4,Clopidogrel,17,2788,Aspirin,14,8834,0,0,1,3.87
9-Apr-2025,Pulmonology,160,156960,981,2065.263158,14.4,31.4,Budesonide,23,1035,Montelukast,3,2028,0,0,1,4.37
10-Apr-2025,General Medicine,98,44884,458,997.4222222,13.1,36.1,Metformin,22,1650,Metformin,3,1818,0,0,0,4.21
10-Apr-2025,General Surgery,28,25676,917,1222.666667,5.3,31.3,Diclofenac,6,516,Diclofenac,0,0,0,0,0,4.49
10-Apr-2025,Nephrology,42,50232,1196,1435.2,17.8,41.8,Erythropoietin,8,1072,Furosemide,2,1520,0,0,0,4.18
10-Apr-2025,Neurology,42,18732,446,624.4,19,25,Sodium Valproate,9,351,Sodium Valproate,4,4804,0,0,0,4.82
10-Apr-2025,Gynecology & OBG,60,32160,536,1072,14,41,Oxytocin,13,2275,Calcium,6,6984,0,0,0,4.27
10-Apr-2025,Pediatrics,329,139496,424,871.85,6.2,35.2,ORS,34,5848,ORS,19,13091,0,0,0,4.64
10-Apr-2025,Orthopedics,70,18410,263,418.4090909,18.1,29.1,Vitamin D3,17,2057,Vitamin D3,6,9174,0,0,0,3.72
10-Apr-2025,Cardiology,304,269648,887,1821.945946,11.5,33.5,Amiodarone,37,962,Atorvastatin,4,6532,0,0,3,4.39
10-Apr-2025,Pulmonology,87,62205,715,1727.916667,15.6,33.6,Salbutamol Inhaler,13,1365,Montelukast,5,5870,0,0,0,4.88
11-Apr-2025,General Medicine,297,147015,495,753.9230769,6.1,33.1,Metformin,37,2479,Amoxicillin,15,24780,0,0,1,3.6
11-Apr-2025,General Surgery,91,85176,936,1310.4,6.3,35.3,Diclofenac,25,3400,Ceftriaxone,5,7585,0,0,0,4.25
11-Apr-2025,Nephrology,92,66424,722,1509.636364,10.9,15.9,Tacrolimus,19,1330,Tacrolimus,8,5440,0,0,0,4.66
11-Apr-2025,Neurology,107,23540,220,452.6923077,15.4,33.4,Sodium Valproate,15,2175,Clopidogrel,0,0,0,0,0,3.95
11-Apr-2025,Gynecology & OBG,69,25806,374,469.2,6.7,13.7,Oxytocin,16,2816,Oxytocin,0,0,0,0,0,4.66
11-Apr-2025,Pediatrics,129,38700,300,614.2857143,15.2,31.2,Amoxicillin Syrup,30,2280,Paracetamol Syrup,1,623,0,0,0,3.75
11-Apr-2025,Orthopedics,114,56202,493,780.5833333,9,15,Paracetamol,15,1335,Calcium,4,2452,0,0,0,3.98
11-Apr-2025,Cardiology,246,288558,1173,1898.407895,18.2,23.2,Atorvastatin,25,2225,Amiodarone,17,19975,0,0,0,4.7
11-Apr-2025,Pulmonology,193,162313,841,1909.564706,14.1,43.1,Azithromycin,31,4836,Azithromycin,8,15520,0,0,1,3.51
12-Apr-2025,General Medicine,104,56368,542,704.6,19.5,30.5,Metformin,22,1474,Paracetamol,1,1858,0,0,1,4.7
12-Apr-2025,General Surgery,20,14980,749,998.6666667,8.9,29.9,Ceftriaxone,4,140,Pantoprazole,2,1694,0,0,0,4.47
12-Apr-2025,Nephrology,68,70652,1039,1358.692308,14.6,39.6,Sevelamer,17,408,Sevelamer,0,0,0,0,0,4.36
12-Apr-2025,Neurology,30,14640,488,732,10.7,21.7,Clopidogrel,9,252,Sodium Valproate,3,2217,0,0,0,3.78
12-Apr-2025,Gynecology & OBG,75,49425,659,1372.916667,17.9,30.9,Oxytocin,18,3168,Calcium,5,3200,0,0,0,4.72
12-Apr-2025,Pediatrics,129,57663,447,720.7875,19.1,40.1,Paracetamol Syrup,19,3097,Paracetamol Syrup,12,7284,0,0,1,4.3
12-Apr-2025,Orthopedics,52,36348,699,908.7,16.7,45.7,Paracetamol,7,1316,Vitamin D3,3,2961,0,0,0,4.38
12-Apr-2025,Cardiology,156,227136,1456,2103.111111,15.2,28.2,Aspirin,26,4940,Clopidogrel,11,12419,0,0,0,4.22
12-Apr-2025,Pulmonology,42,33390,795,1590,14.5,33.5,Salbutamol Inhaler,9,234,Budesonide,1,1178,0,0,0,4.49
13-Apr-2025,General Medicine,108,46116,427,720.5625,15.8,40.8,Amlodipine,13,741,Metformin,5,8845,0,0,0,4.45
13-Apr-2025,General Surgery,37,17094,462,683.76,17.8,30.8,Pantoprazole,8,1056,Diclofenac,3,5745,0,0,0,3.81
13-Apr-2025,Nephrology,57,68799,1207,1638.071429,13.7,35.7,Furosemide,5,675,Sevelamer,1,1842,0,0,0,4.76
13-Apr-2025,Neurology,52,26468,509,735.2222222,5.4,25.4,Clopidogrel,11,440,Clopidogrel,4,2872,0,0,0,4.44
13-Apr-2025,Gynecology & OBG,68,33728,496,661.3333333,16.2,43.2,Iron-Folic Acid,15,1620,Iron-Folic Acid,6,10866,0,0,0,3.43
13-Apr-2025,Pediatrics,110,32120,292,698.2608696,15.1,26.1,Paracetamol Syrup,14,350,Amoxicillin Syrup,7,10598,0,0,0,4.46
13-Apr-2025,Orthopedics,86,19436,226,485.9,14.1,33.1,Paracetamol,24,2256,Vitamin D3,5,9035,0,0,0,3.69
13-Apr-2025,Cardiology,98,99960,1020,2173.043478,18.9,41.9,Aspirin,18,3096,Atorvastatin,5,6230,0,0,0,4.64
13-Apr-2025,Pulmonology,22,21516,978,1956,13.2,29.2,Montelukast,5,255,Montelukast,0,0,0,0,0,4.03
14-Apr-2025,General Medicine,81,47709,589,1015.085106,14.8,35.8,Amlodipine,18,3492,Paracetamol,3,2043,0,0,0,4.13
14-Apr-2025,General Surgery,92,69184,752,922.4533333,14.1,19.1,Diclofenac,23,2208,Ceftriaxone,7,9653,0,0,0,3.55
14-Apr-2025,Nephrology,42,42084,1002,1402.8,18.1,47.1,Erythropoietin,6,852,Furosemide,0,0,0,0,0,3.97
14-Apr-2025,Neurology,95,58900,620,1436.585366,14.3,29.3,Levetiracetam,11,1243,Clopidogrel,6,11100,0,0,0,4.4
14-Apr-2025,Gynecology & OBG,110,61270,557,704.2528736,16.3,45.3,Oxytocin,22,4268,Oxytocin,7,10794,0,0,1,4.45
14-Apr-2025,Pediatrics,95,37240,392,809.5652174,17.3,43.3,Amoxicillin Syrup,27,810,Amoxicillin Syrup,0,0,0,0,0,3.87
14-Apr-2025,Orthopedics,74,19388,262,570.2352941,16.9,40.9,Diclofenac,16,2048,Calcium,3,5505,0,0,0,3.55
14-Apr-2025,Cardiology,150,182400,1216,1900,17.7,23.7,Clopidogrel,27,4266,Clopidogrel,10,11970,0,0,0,4.27
14-Apr-2025,Pulmonology,97,74399,767,1078.246377,7.7,27.7,Azithromycin,28,2492,Salbutamol Inhaler,3,4389,0,0,0,3.62
15-Apr-2025,General Medicine,191,87860,460,1033.647059,18.8,48.8,Paracetamol,53,7261,Amoxicillin,6,9090,0,0,0,3.63
15-Apr-2025,General Surgery,143,109967,769,1832.783333,20,46,Tramadol,30,4350,Diclofenac,6,10218,0,0,0,4.09
15-Apr-2025,Nephrology,84,75432,898,1323.368421,11,22,Sevelamer,24,3408,Erythropoietin,3,6000,0,0,0,4.44
15-Apr-2025,Neurology,49,19012,388,528.1111111,10.7,25.7,Sodium Valproate,10,1600,Clopidogrel,2,1174,0,0,0,4.08
15-Apr-2025,Gynecology & OBG,58,33176,572,1228.740741,16.7,43.7,Metronidazole,5,800,Metronidazole,4,2052,0,0,0,4.72
15-Apr-2025,Pediatrics,311,175404,564,1185.162162,10.6,21.6,Paracetamol Syrup,52,8840,ORS,10,5150,0,0,2,4.5
15-Apr-2025,Orthopedics,109,57552,528,1278.933333,11,24,Calcium,16,2688,Diclofenac,2,2276,0,0,1,4.75
15-Apr-2025,Cardiology,96,82560,860,1196.521739,6.8,31.8,Aspirin,19,2698,Atorvastatin,9,5724,0,0,0,4.7
15-Apr-2025,Pulmonology,123,106149,863,1769.15,16.7,35.7,Budesonide,33,891,Montelukast,7,7987,0,0,0,3.88
16-Apr-2025,General Medicine,405,237735,587,1358.485714,14.3,40.3,Amlodipine,92,11132,Amlodipine,38,63574,0,0,0,4.12
16-Apr-2025,General Surgery,136,118728,873,1746,8.3,32.3,Tramadol,38,4104,Tramadol,6,7614,0,0,0,3.99
16-Apr-2025,Nephrology,64,65408,1022,1362.666667,8,19,Erythropoietin,16,1456,Furosemide,5,3720,0,0,0,4.19
16-Apr-2025,Neurology,40,23240,581,774.6666667,7.2,17.2,Aspirin,6,516,Levetiracetam,3,1812,0,0,0,3.85
16-Apr-2025,Gynecology & OBG,30,20280,676,845,8.5,33.5,Metronidazole,9,1188,Calcium,3,3258,0,0,0,4.42
16-Apr-2025,Pediatrics,218,52102,239,347.3466667,16.5,45.5,Amoxicillin Syrup,27,4455,ORS,7,7728,0,0,0,3.82
16-Apr-2025,Orthopedics,108,72792,674,1427.294118,5.3,32.3,Vitamin D3,13,702,Vitamin D3,2,2564,0,0,0,4.06
16-Apr-2025,Cardiology,218,218654,1003,2208.626263,10.1,26.1,Atorvastatin,33,6270,Clopidogrel,5,5230,0,0,2,3.58
16-Apr-2025,Pulmonology,90,65700,730,938.5714286,6,32,Azithromycin,17,1887,Salbutamol Inhaler,3,4818,0,0,0,3.42
17-Apr-2025,General Medicine,116,60436,521,1079.214286,17.8,22.8,Paracetamol,34,5100,Amoxicillin,10,6710,0,0,1,4.45
17-Apr-2025,General Surgery,80,66000,825,1031.25,15.5,23.5,Diclofenac,11,726,Diclofenac,1,657,0,0,0,3.99
17-Apr-2025,Nephrology,85,86105,1013,1565.545455,9.7,22.7,Erythropoietin,20,3620,Sevelamer,6,4506,0,0,0,3.88
17-Apr-2025,Neurology,154,51128,332,681.7066667,12,23,Levetiracetam,16,3136,Levetiracetam,6,10812,0,0,0,4.37
17-Apr-2025,Gynecology & OBG,40,10360,259,431.6666667,9.5,22.5,Calcium,4,436,Metronidazole,3,2889,0,0,0,4.55
17-Apr-2025,Pediatrics,378,198450,525,1072.702703,9,35,Amoxicillin Syrup,68,11356,Amoxicillin Syrup,11,14366,0,0,1,3.3
17-Apr-2025,Orthopedics,72,47304,657,1075.090909,7.4,12.4,Paracetamol,21,1302,Calcium,2,3712,0,0,0,4.08
17-Apr-2025,Cardiology,191,201696,1056,1613.568,19,41,Atorvastatin,57,10146,Clopidogrel,17,30175,0,0,1,4.08
17-Apr-2025,Pulmonology,140,90860,649,1298,18.1,42.1,Salbutamol Inhaler,40,1160,Azithromycin,7,5110,0,0,0,3.93
18-Apr-2025,General Medicine,60,29160,486,694.2857143,17.9,42.9,Metformin,9,1341,Amlodipine,1,950,0,0,0,4.42
18-Apr-2025,General Surgery,84,54348,647,1393.538462,10.5,34.5,Ceftriaxone,23,2783,Diclofenac,3,5199,0,0,0,4.5
18-Apr-2025,Nephrology,90,99450,1105,2486.25,5.8,15.8,Erythropoietin,11,1529,Tacrolimus,7,8239,0,0,0,3.37
18-Apr-2025,Neurology,123,51537,419,644.2125,8.1,27.1,Aspirin,16,1424,Aspirin,5,6160,0,0,0,4.32
18-Apr-2025,Gynecology & OBG,122,31232,256,328.7578947,16.1,27.1,Iron-Folic Acid,26,3172,Iron-Folic Acid,12,13764,0,0,1,4.79
18-Apr-2025,Pediatrics,232,156368,674,1628.833333,12.7,33.7,ORS,32,3456,Amoxicillin Syrup,20,23200,0,0,0,4.18
18-Apr-2025,Orthopedics,35,9135,261,326.25,19.4,42.4,Calcium,5,330,Diclofenac,2,3394,0,0,0,3.53
18-Apr-2025,Cardiology,236,179360,760,1601.428571,15.2,32.2,Clopidogrel,54,1242,Aspirin,16,17232,0,0,0,4.29
18-Apr-2025,Pulmonology,53,40704,768,1017.6,17.5,33.5,Azithromycin,11,220,Montelukast,1,1446,0,0,0,3.88
19-Apr-2025,General Medicine,104,45344,436,872,14.8,42.8,Amoxicillin,20,1040,Paracetamol,7,13447,0,0,0,3.87
19-Apr-2025,General Surgery,45,18540,412,686.6666667,11.5,19.5,Tramadol,11,462,Tramadol,1,677,0,0,0,4.08
19-Apr-2025,Nephrology,147,168021,1143,2584.938462,11.6,23.6,Furosemide,22,2728,Furosemide,9,11403,0,0,1,3.71
19-Apr-2025,Neurology,40,21200,530,662.5,14.5,26.5,Aspirin,9,1260,Aspirin,1,725,0,0,0,3.52
19-Apr-2025,Gynecology & OBG,50,33750,675,1350,13.6,26.6,Oxytocin,15,315,Calcium,0,0,0,0,0,4.55
19-Apr-2025,Pediatrics,213,127587,599,1288.757576,13,28,Paracetamol Syrup,39,1404,Paracetamol Syrup,8,8832,0,0,1,3.85
19-Apr-2025,Orthopedics,58,26680,460,592.8888889,7.8,15.8,Calcium,17,3128,Calcium,5,5475,0,0,0,4.84
19-Apr-2025,Cardiology,147,176841,1203,2456.125,5.8,24.8,Atorvastatin,31,4061,Atorvastatin,7,11256,0,0,1,3.85
19-Apr-2025,Pulmonology,99,62766,634,1307.625,7.1,29.1,Azithromycin,20,3540,Montelukast,7,7966,0,0,0,3.76
20-Apr-2025,General Medicine,76,25384,334,725.2571429,12.8,22.8,Amoxicillin,15,675,Metformin,4,6256,0,0,0,4.9
20-Apr-2025,General Surgery,28,11704,418,532,8.4,36.4,Ceftriaxone,8,1576,Pantoprazole,0,0,0,0,0,3.62
20-Apr-2025,Nephrology,64,40192,628,913.4545455,8.3,28.3,Tacrolimus,10,880,Tacrolimus,6,11046,0,0,0,4.42
20-Apr-2025,Neurology,36,18396,511,735.84,13.5,39.5,Aspirin,10,260,Levetiracetam,0,0,0,0,0,3.92
20-Apr-2025,Gynecology & OBG,53,26341,497,823.15625,12.8,35.8,Iron-Folic Acid,11,418,Oxytocin,0,0,0,0,0,4.64
20-Apr-2025,Pediatrics,212,104092,491,1020.509804,7.2,15.2,Amoxicillin Syrup,45,4050,ORS,0,0,0,0,0,3.46
20-Apr-2025,Orthopedics,66,43164,654,1027.714286,13,36,Diclofenac,9,324,Paracetamol,0,0,0,0,0,4.19
20-Apr-2025,Cardiology,186,235662,1267,1963.85,11.6,26.6,Amiodarone,19,1786,Clopidogrel,6,6030,0,0,0,3.92
20-Apr-2025,Pulmonology,63,37800,600,1021.621622,11,27,Salbutamol Inhaler,15,600,Montelukast,1,1045,0,0,0,4.42
21-Apr-2025,General Medicine,156,101244,649,880.3826087,5.7,11.7,Metformin,15,1455,Metformin,3,2784,0,0,1,4.81
21-Apr-2025,General Surgery,140,125860,899,1850.882353,7.3,20.3,Diclofenac,31,2294,Pantoprazole,12,13956,0,0,1,3.54
21-Apr-2025,Nephrology,82,93726,1143,1644.315789,16.2,27.2,Furosemide,13,2366,Sevelamer,1,1046,0,0,0,3.94
21-Apr-2025,Neurology,42,21294,507,665.4375,16.2,31.2,Sodium Valproate,9,621,Clopidogrel,0,0,0,0,0,3.9
21-Apr-2025,Gynecology & OBG,72,16560,230,414,10.4,25.4,Iron-Folic Acid,9,567,Oxytocin,3,4161,0,0,0,3.4
21-Apr-2025,Pediatrics,164,66748,407,501.8646617,17.6,37.6,Amoxicillin Syrup,21,2499,ORS,15,19305,0,0,0,4.4
21-Apr-2025,Orthopedics,34,21114,621,1242,17.3,26.3,Calcium,7,1323,Vitamin D3,1,1469,0,0,0,4.3
21-Apr-2025,Cardiology,76,106400,1400,1970.37037,10.7,20.7,Atorvastatin,16,1504,Aspirin,4,7268,0,0,0,3.93
21-Apr-2025,Pulmonology,130,125840,968,1997.460317,9.8,20.8,Montelukast,33,4191,Salbutamol Inhaler,4,7412,0,0,0,3.98
22-Apr-2025,General Medicine,210,104790,499,770.5147059,7.1,37.1,Paracetamol,30,1080,Metformin,20,32520,0,0,2,4.52
22-Apr-2025,General Surgery,84,80220,955,2228.333333,15.9,35.9,Ceftriaxone,16,1696,Diclofenac,0,0,0,0,0,4.25
22-Apr-2025,Nephrology,89,80189,901,1572.333333,14.9,41.9,Erythropoietin,21,1491,Erythropoietin,5,4060,0,0,0,3.84
22-Apr-2025,Neurology,129,26316,204,328.95,15.9,33.9,Clopidogrel,27,2079,Clopidogrel,1,1003,0,0,1,3.87
22-Apr-2025,Gynecology & OBG,124,80476,649,1005.95,9.2,38.2,Oxytocin,27,2754,Metronidazole,11,13156,0,0,0,4.33
22-Apr-2025,Pediatrics,358,172556,482,1078.475,12.3,23.3,ORS,80,14240,ORS,3,5874,0,1,2,4.24
22-Apr-2025,Orthopedics,179,61755,345,771.9375,13.5,31.5,Calcium,35,980,Diclofenac,11,17963,0,0,0,4.66
22-Apr-2025,Cardiology,434,430094,991,2263.652632,12.1,29.1,Amiodarone,44,7612,Atorvastatin,6,8952,0,0,0,4.9
22-Apr-2025,Pulmonology,49,42091,859,1169.194444,12.5,36.5,Budesonide,8,1072,Azithromycin,3,3222,0,0,0,3.85
23-Apr-2025,General Medicine,103,27089,263,338.6125,15.7,27.7,Metformin,10,1760,Amoxicillin,10,5710,0,0,1,4.62
23-Apr-2025,General Surgery,94,85070,905,1134.266667,14.3,35.3,Ceftriaxone,17,867,Tramadol,2,3730,0,0,0,4.27
23-Apr-2025,Nephrology,39,27846,714,928.2,8.7,34.7,Sevelamer,8,1104,Furosemide,2,2466,0,0,0,4.52
23-Apr-2025,Neurology,60,30540,509,763.5,8.3,29.3,Sodium Valproate,8,208,Levetiracetam,0,0,0,0,0,4.11
23-Apr-2025,Gynecology & OBG,130,27300,210,487.5,16.5,34.5,Iron-Folic Acid,37,2331,Calcium,7,12656,0,0,1,4.26
23-Apr-2025,Pediatrics,205,103525,505,766.8518519,18.5,33.5,Salbutamol,25,3275,Paracetamol Syrup,5,4255,0,0,0,3.46
23-Apr-2025,Orthopedics,63,26712,424,556.5,13.9,34.9,Paracetamol,7,994,Vitamin D3,1,1038,0,0,0,3.82
23-Apr-2025,Cardiology,178,129228,726,1076.9,15.6,34.6,Atorvastatin,26,4238,Clopidogrel,3,3825,0,0,0,4.11
23-Apr-2025,Pulmonology,130,92950,715,1659.821429,5.5,22.5,Montelukast,28,1568,Montelukast,5,8735,0,0,1,4.16
24-Apr-2025,General Medicine,111,43401,391,510.6,19.1,24.1,Amlodipine,22,3278,Amlodipine,1,885,0,0,1,4.84
24-Apr-2025,General Surgery,44,32956,749,998.6666667,9.4,35.4,Tramadol,4,376,Ceftriaxone,0,0,0,0,0,3.35
24-Apr-2025,Nephrology,67,86564,1292,1803.416667,18.1,44.1,Erythropoietin,18,450,Sevelamer,6,4824,0,0,0,3.91
24-Apr-2025,Neurology,36,17928,498,747,17.1,25.1,Sodium Valproate,3,426,Levetiracetam,0,0,0,0,0,4.14
24-Apr-2025,Gynecology & OBG,60,25620,427,640.5,7.4,34.4,Calcium,16,1888,Calcium,6,6714,0,0,0,4.35
24-Apr-2025,Pediatrics,261,55332,212,345.825,14.1,44.1,Salbutamol,54,9666,Paracetamol Syrup,16,9328,0,0,1,4.78
24-Apr-2025,Orthopedics,189,71442,378,793.8,15,34,Calcium,39,2418,Paracetamol,15,27015,0,0,1,3.44
24-Apr-2025,Cardiology,108,159624,1478,2128.32,15.4,27.4,Atorvastatin,16,1648,Clopidogrel,2,1004,0,0,1,3.98
24-Apr-2025,Pulmonology,60,54840,914,1218.666667,8.5,28.5,Budesonide,13,637,Budesonide,0,0,0,0,0,3.6
25-Apr-2025,General Medicine,187,79101,423,1054.68,9.3,32.3,Amlodipine,41,3854,Amlodipine,14,17346,0,0,0,4.29
25-Apr-2025,General Surgery,73,51100,700,1703.333333,14.1,36.1,Ceftriaxone,21,3591,Ceftriaxone,0,0,0,0,0,4.98
25-Apr-2025,Nephrology,60,63000,1050,1750,8.9,35.9,Furosemide,11,2200,Tacrolimus,2,2234,0,0,0,4.09
25-Apr-2025,Neurology,25,13925,557,696.25,17.2,30.2,Sodium Valproate,5,210,Sodium Valproate,1,1428,0,0,0,4.42
25-Apr-2025,Gynecology & OBG,96,46368,483,579.6,18,38,Calcium,17,2516,Oxytocin,3,5808,0,0,0,4.72
25-Apr-2025,Pediatrics,239,160369,671,1431.866071,12.2,18.2,ORS,33,3432,Amoxicillin Syrup,19,28785,0,0,1,4.63
25-Apr-2025,Orthopedics,28,14532,519,692,8.1,20.1,Diclofenac,2,184,Vitamin D3,0,0,0,0,0,3.5
25-Apr-2025,Cardiology,174,227418,1307,2675.505882,11.9,25.9,Aspirin,17,1768,Amiodarone,7,10696,0,0,0,3.35
25-Apr-2025,Pulmonology,183,169092,924,2113.65,15.1,32.1,Budesonide,19,3781,Budesonide,7,5341,0,0,0,4.65
26-Apr-2025,General Medicine,198,75834,383,665.2105263,17.8,30.8,Amoxicillin,57,8892,Amlodipine,10,14890,0,0,0,4.88
26-Apr-2025,General Surgery,110,106590,969,1254,7.9,27.9,Pantoprazole,19,2945,Pantoprazole,1,1635,0,0,0,4.75
26-Apr-2025,Nephrology,179,174167,973,2177.0875,14.9,44.9,Sevelamer,40,5080,Tacrolimus,5,9700,0,0,0,3.71
26-Apr-2025,Neurology,91,55510,610,1387.75,10.6,34.6,Aspirin,22,1056,Clopidogrel,4,5976,0,0,0,4.35
26-Apr-2025,Gynecology & OBG,53,15105,285,377.625,7.3,13.3,Oxytocin,13,481,Oxytocin,5,5720,0,0,0,3.76
26-Apr-2025,Pediatrics,405,142965,353,816.9428571,14.2,32.2,Paracetamol Syrup,114,9348,ORS,13,6604,0,1,0,4.21
26-Apr-2025,Orthopedics,55,25685,467,1027.4,8.6,16.6,Calcium,13,2418,Paracetamol,3,2274,0,0,0,3.47
26-Apr-2025,Cardiology,156,225108,1443,2206.941176,16.4,44.4,Aspirin,37,4736,Clopidogrel,13,12610,0,0,1,3.8
26-Apr-2025,Pulmonology,35,26530,758,1061.2,17.4,43.4,Salbutamol Inhaler,4,372,Azithromycin,1,743,0,0,0,3.61
27-Apr-2025,General Medicine,51,16983,333,585.6206897,19.3,41.3,Metformin,5,240,Amlodipine,1,1115,0,0,0,3.91
27-Apr-2025,General Surgery,47,27542,586,1251.909091,16.6,21.6,Diclofenac,9,747,Tramadol,1,1733,0,0,0,4.35
27-Apr-2025,Nephrology,18,22608,1256,1884,16.8,43.8,Tacrolimus,2,222,Sevelamer,0,0,0,0,0,4.33
27-Apr-2025,Neurology,53,32065,605,801.625,9.8,24.8,Aspirin,6,390,Aspirin,3,4479,0,0,0,4.33
27-Apr-2025,Gynecology & OBG,70,21700,310,425.4901961,16.9,39.9,Calcium,17,2856,Calcium,2,3214,0,0,0,4.57
27-Apr-2025,Pediatrics,72,45000,625,1607.142857,7.6,15.6,Salbutamol,21,1029,Amoxicillin Syrup,7,4277,0,0,0,4.24
27-Apr-2025,Orthopedics,94,28200,300,742.1052632,19.7,30.7,Vitamin D3,24,2544,Paracetamol,7,7777,0,0,0,4.54
27-Apr-2025,Cardiology,138,132342,959,2281.758621,14.9,31.9,Aspirin,33,2211,Atorvastatin,6,6426,0,0,0,4.71
27-Apr-2025,Pulmonology,113,56274,498,1023.163636,8.9,20.9,Salbutamol Inhaler,13,2392,Montelukast,0,0,0,0,1,3.99
28-Apr-2025,General Medicine,95,56145,591,719.8076923,15.9,21.9,Amlodipine,12,1524,Amlodipine,8,5408,0,0,0,4.46
28-Apr-2025,General Surgery,39,29289,751,1722.882353,18.3,31.3,Diclofenac,4,124,Pantoprazole,1,1239,0,0,0,4.25
28-Apr-2025,Nephrology,75,60000,800,1276.595745,5.7,18.7,Sevelamer,9,225,Erythropoietin,4,5132,0,0,0,4.03
28-Apr-2025,Neurology,130,74230,571,905.2439024,7.8,18.8,Clopidogrel,39,1365,Levetiracetam,5,5725,0,0,0,4.46
28-Apr-2025,Gynecology & OBG,87,59682,686,1170.235294,6.9,11.9,Oxytocin,9,891,Calcium,1,1859,0,0,0,3.71
28-Apr-2025,Pediatrics,210,101220,482,1150.227273,6.9,24.9,Salbutamol,29,2494,Amoxicillin Syrup,4,2608,0,0,1,4.13
28-Apr-2025,Orthopedics,62,23560,380,512.173913,8.4,24.4,Vitamin D3,14,2268,Vitamin D3,3,5700,0,0,0,4.07
28-Apr-2025,Cardiology,289,223975,775,1835.860656,12.9,31.9,Atorvastatin,38,4142,Clopidogrel,21,31500,0,0,0,4.21
28-Apr-2025,Pulmonology,32,18336,573,916.8,9.9,22.9,Azithromycin,8,768,Montelukast,2,1614,0,0,0,3.92
29-Apr-2025,General Medicine,176,51040,290,398.75,14.8,25.8,Amlodipine,22,2882,Paracetamol,2,2966,0,0,1,3.6
29-Apr-2025,General Surgery,134,119126,889,1323.622222,11.5,29.5,Ceftriaxone,13,1911,Tramadol,10,6700,0,0,0,4.01
29-Apr-2025,Nephrology,89,78320,880,1151.764706,19.2,40.2,Tacrolimus,15,825,Sevelamer,3,1815,0,0,0,3.91
29-Apr-2025,Neurology,40,27520,688,1376,16.3,34.3,Sodium Valproate,11,1166,Aspirin,3,5685,0,0,0,4.03
29-Apr-2025,Gynecology & OBG,66,35178,533,781.7333333,12.9,24.9,Iron-Folic Acid,18,2682,Iron-Folic Acid,5,8390,0,0,0,4.41
29-Apr-2025,Pediatrics,169,40898,242,511.225,18.6,42.6,Amoxicillin Syrup,44,5280,Paracetamol Syrup,15,24870,0,0,1,3.94
29-Apr-2025,Orthopedics,164,67896,414,848.7,16.7,21.7,Paracetamol,33,3366,Vitamin D3,3,5127,0,0,1,3.99
29-Apr-2025,Cardiology,213,196599,923,1489.386364,8.8,15.8,Clopidogrel,57,4674,Amiodarone,20,12560,0,0,0,3.72
29-Apr-2025,Pulmonology,61,52338,858,1586,9.8,30.8,Azithromycin,8,1032,Montelukast,4,4524,0,0,0,4.27
30-Apr-2025,General Medicine,166,99434,599,776.828125,15,41,Metformin,27,1620,Paracetamol,9,4770,0,0,1,3.52
30-Apr-2025,General Surgery,32,17984,562,749.3333333,10.4,22.4,Pantoprazole,5,665,Pantoprazole,2,1058,0,0,0,3.37
30-Apr-2025,Nephrology,40,57560,1439,2131.851852,13.7,20.7,Erythropoietin,5,320,Sevelamer,1,1768,0,0,0,4.86
30-Apr-2025,Neurology,133,86184,648,1325.907692,5.5,31.5,Aspirin,13,1378,Clopidogrel,11,19723,0,0,1,3.74
30-Apr-2025,Gynecology & OBG,49,17150,350,635.1851852,5.7,31.7,Calcium,10,680,Oxytocin,2,1244,0,0,0,4.4
30-Apr-2025,Pediatrics,93,43431,467,1085.775,16.9,32.9,Amoxicillin Syrup,25,1225,Paracetamol Syrup,2,3152,0,0,0,3.54
30-Apr-2025,Orthopedics,112,43120,385,898.3333333,16.6,22.6,Paracetamol,31,4371,Vitamin D3,10,19750,0,0,1,4.1
30-Apr-2025,Cardiology,285,183825,645,1571.153846,14.8,21.8,Clopidogrel,44,6556,Aspirin,26,40482,0,0,0,4.61
30-Apr-2025,Pulmonology,117,92547,791,1285.375,18.3,48.3,Montelukast,30,4740,Azithromycin,0,0,0,0,1,3.94
1-May-2025,General Medicine,233,48231,207,311.1677419,14.1,33.1,Metformin,47,5264,Metformin,16,30160,0,0,2,3.61
1-May-2025,General Surgery,165,146850,890,1958,16.9,35.9,Tramadol,25,3750,Pantoprazole,15,10140,0,0,1,4.09
1-May-2025,Nephrology,64,49728,777,1554,15.8,44.8,Furosemide,13,2171,Erythropoietin,3,2493,0,0,0,4.48
1-May-2025,Neurology,124,85684,691,1557.890909,13,35,Aspirin,13,2587,Aspirin,4,4152,0,0,0,3.84
1-May-2025,Gynecology & OBG,179,79476,444,1045.736842,5.4,16.4,Iron-Folic Acid,45,8460,Iron-Folic Acid,10,15530,0,0,0,3.58
1-May-2025,Pediatrics,413,193697,469,1047.010811,13.5,36.5,ORS,77,13706,ORS,24,42408,0,0,2,3.93
1-May-2025,Orthopedics,132,30756,233,569.5555556,19.4,39.4,Paracetamol,19,2052,Diclofenac,6,6432,0,0,1,4.41
1-May-2025,Cardiology,216,246024,1139,2460.24,16,41,Clopidogrel,62,11346,Atorvastatin,16,14160,0,0,1,4.57
1-May-2025,Pulmonology,116,84564,729,939.6,10.3,38.3,Azithromycin,19,2888,Salbutamol Inhaler,11,9548,0,0,1,4.41
2-May-2025,General Medicine,113,76953,681,1165.954545,19.1,41.1,Amoxicillin,18,3438,Metformin,6,9774,0,0,0,4.4
2-May-2025,General Surgery,118,102188,866,1792.77193,13.5,38.5,Diclofenac,15,1650,Diclofenac,1,1299,0,0,0,3.78
2-May-2025,Nephrology,32,19872,621,828,10.3,20.3,Furosemide,5,305,Tacrolimus,0,0,0,0,0,4.13
2-May-2025,Neurology,94,41548,442,553.9733333,7.5,35.5,Aspirin,23,3657,Levetiracetam,5,5390,0,0,0,3.6
2-May-2025,Gynecology & OBG,94,27918,297,387.75,18.1,30.1,Iron-Folic Acid,10,740,Iron-Folic Acid,7,13237,0,0,0,4.36
2-May-2025,Pediatrics,187,99671,533,1328.946667,18.5,28.5,Amoxicillin Syrup,46,7130,Salbutamol,15,11055,0,0,0,3.67
2-May-2025,Orthopedics,60,16560,276,424.6153846,13.2,29.2,Calcium,9,1107,Paracetamol,4,7912,0,0,0,4.79
2-May-2025,Cardiology,180,149580,831,1869.75,17.4,40.4,Clopidogrel,28,3388,Clopidogrel,18,10782,0,0,1,4.01
2-May-2025,Pulmonology,56,35112,627,1254,5.6,29.6,Azithromycin,6,192,Montelukast,5,9930,0,0,0,3.45
3-May-2025,General Medicine,120,31920,266,336,19.9,29.9,Amlodipine,33,5346,Metformin,7,12628,0,0,1,3.29
3-May-2025,General Surgery,148,132608,896,1326.08,7.2,20.2,Tramadol,37,2664,Pantoprazole,3,5571,0,0,0,3.74
3-May-2025,Nephrology,66,66990,1015,2233,8.2,38.2,Sevelamer,14,560,Furosemide,4,3376,0,0,0,4.33
3-May-2025,Neurology,179,48509,271,606.3625,17.7,22.7,Clopidogrel,33,1419,Sodium Valproate,1,739,0,0,1,4.13
3-May-2025,Gynecology & OBG,68,45288,666,943.5,8.2,17.2,Iron-Folic Acid,17,2737,Calcium,0,0,0,0,0,4.09
3-May-2025,Pediatrics,219,112128,512,1218.782609,6.8,21.8,Paracetamol Syrup,60,5640,Amoxicillin Syrup,3,5241,0,0,1,3.9
3-May-2025,Orthopedics,63,13419,213,479.25,19.8,25.8,Diclofenac,14,322,Vitamin D3,4,3712,0,0,0,4.58
3-May-2025,Cardiology,196,188552,962,2095.022222,16.4,31.4,Aspirin,43,1118,Amiodarone,13,8827,0,0,1,4.88
3-May-2025,Pulmonology,174,87522,503,1215.583333,6.6,25.6,Salbutamol Inhaler,39,4212,Azithromycin,13,16211,0,0,0,3.64
4-May-2025,General Medicine,143,81224,568,1144,8.4,20.4,Metformin,31,930,Amoxicillin,12,20724,0,0,0,4.1
4-May-2025,General Surgery,96,49632,517,855.7241379,8.2,13.2,Diclofenac,23,1012,Diclofenac,1,1848,0,0,0,4.03
4-May-2025,Nephrology,21,18627,887,1241.8,15.7,32.7,Sevelamer,2,120,Sevelamer,0,0,0,0,0,3.92
4-May-2025,Neurology,42,17052,406,897.4736842,5.5,25.5,Aspirin,9,972,Sodium Valproate,0,0,0,0,0,4.83
4-May-2025,Gynecology & OBG,128,34304,268,623.7090909,13.9,28.9,Calcium,21,3276,Metronidazole,6,4680,0,0,1,4.94
4-May-2025,Pediatrics,80,22560,282,593.6842105,12.2,41.2,Amoxicillin Syrup,14,812,Paracetamol Syrup,2,3622,0,0,0,4.48
4-May-2025,Orthopedics,36,15840,440,833.6842105,7.4,26.4,Paracetamol,8,1568,Paracetamol,3,5487,0,0,0,4.47
4-May-2025,Cardiology,117,131391,1123,1476.303371,18.3,36.3,Clopidogrel,18,648,Aspirin,3,3609,0,0,0,3.52
4-May-2025,Pulmonology,72,66816,928,1336.32,11,29,Salbutamol Inhaler,16,1456,Salbutamol Inhaler,1,761,0,0,0,3.45
5-May-2025,General Medicine,119,38437,323,662.7068966,8.5,13.5,Amoxicillin,33,5247,Amoxicillin,1,903,0,0,1,3.69
5-May-2025,General Surgery,26,15782,607,789.1,8.4,34.4,Ceftriaxone,3,507,Diclofenac,0,0,0,0,0,3.99
5-May-2025,Nephrology,101,87264,864,1077.333333,13.1,33.1,Tacrolimus,25,4100,Tacrolimus,3,3342,0,0,1,4.24
5-May-2025,Neurology,183,116754,638,1342,7,20,Aspirin,49,3283,Sodium Valproate,8,5000,0,0,0,3.43
5-May-2025,Gynecology & OBG,39,8775,225,325,12.9,41.9,Calcium,3,492,Iron-Folic Acid,0,0,0,0,0,4.27
5-May-2025,Pediatrics,163,51997,319,495.2095238,6,11,ORS,22,3982,Paracetamol Syrup,6,6570,0,0,1,3.88
5-May-2025,Orthopedics,37,22237,601,966.826087,17.9,38.9,Diclofenac,10,1320,Diclofenac,2,2406,0,0,0,4.23
5-May-2025,Cardiology,144,169488,1177,1569.333333,7.1,18.1,Amiodarone,19,2527,Aspirin,1,821,0,0,1,3.85
5-May-2025,Pulmonology,213,152721,717,1660.01087,11,22,Montelukast,53,1802,Azithromycin,0,0,0,0,1,4.36
6-May-2025,General Medicine,177,66552,376,875.6842105,13.8,32.8,Amlodipine,23,4186,Amlodipine,5,7475,0,0,0,4.23
6-May-2025,General Surgery,132,111012,841,1233.466667,16.3,23.3,Diclofenac,39,1950,Ceftriaxone,12,21864,0,0,0,3.76
6-May-2025,Nephrology,48,58272,1214,1765.818182,8.7,15.7,Tacrolimus,8,696,Erythropoietin,3,1593,0,0,0,3.68
6-May-2025,Neurology,138,28842,209,534.1111111,9.5,16.5,Clopidogrel,27,1080,Levetiracetam,8,13104,0,0,1,4.35
6-May-2025,Gynecology & OBG,51,16116,316,447.6666667,15.8,34.8,Calcium,10,1780,Iron-Folic Acid,3,4512,0,0,0,4.58
6-May-2025,Pediatrics,212,75684,357,742,14.9,38.9,Amoxicillin Syrup,50,8700,Amoxicillin Syrup,6,6210,0,0,0,3.78
6-May-2025,Orthopedics,81,27054,334,751.5,7.6,15.6,Vitamin D3,24,4488,Paracetamol,3,5781,0,0,0,4.39
6-May-2025,Cardiology,152,101384,667,1206.952381,13.6,36.6,Aspirin,26,4420,Amiodarone,10,18800,0,0,0,4.38
6-May-2025,Pulmonology,36,34956,971,1294.666667,13.3,42.3,Azithromycin,8,1088,Azithromycin,0,0,0,0,0,3.95
7-May-2025,General Medicine,144,60480,420,889.4117647,14.1,39.1,Paracetamol,22,616,Amoxicillin,9,14220,0,0,0,3.68
7-May-2025,General Surgery,47,42347,901,1283.242424,14.2,36.2,Tramadol,6,816,Pantoprazole,0,0,0,0,0,4.04
7-May-2025,Nephrology,172,151188,879,1889.85,14.9,35.9,Sevelamer,35,1785,Sevelamer,10,17900,0,0,0,4.27
7-May-2025,Neurology,51,22491,441,702.84375,12.8,18.8,Aspirin,12,396,Levetiracetam,5,2970,0,0,0,3.75
7-May-2025,Gynecology & OBG,171,76266,446,1016.88,16.4,45.4,Oxytocin,31,713,Metronidazole,9,4689,0,0,0,4.26
7-May-2025,Pediatrics,152,65512,431,909.8888889,6.4,12.4,Paracetamol Syrup,35,3080,ORS,4,4572,0,0,0,4.49
7-May-2025,Orthopedics,50,12050,241,401.6666667,17.9,27.9,Vitamin D3,11,1353,Vitamin D3,1,1700,0,0,0,3.71
7-May-2025,Cardiology,109,68343,627,1139.05,17.1,46.1,Aspirin,16,2688,Amiodarone,10,9290,0,0,1,4.44
7-May-2025,Pulmonology,229,223733,977,2237.33,19.2,27.2,Montelukast,49,2450,Budesonide,6,10902,0,0,0,4.15
8-May-2025,General Medicine,243,77274,318,468.3272727,8.4,16.4,Amoxicillin,70,13370,Amoxicillin,14,24206,0,0,0,4.07
8-May-2025,General Surgery,56,52192,932,2174.666667,14.4,37.4,Tramadol,11,1166,Diclofenac,5,6155,0,0,0,3.73
8-May-2025,Nephrology,55,59290,1078,2371.6,13.8,41.8,Furosemide,12,1860,Furosemide,4,7472,0,0,0,4.43
8-May-2025,Neurology,64,44416,694,1233.777778,16.9,29.9,Clopidogrel,17,2431,Clopidogrel,3,2619,0,0,0,4.11
8-May-2025,Gynecology & OBG,28,7560,270,360,17.2,27.2,Calcium,2,286,Iron-Folic Acid,1,1742,0,0,0,4.81
8-May-2025,Pediatrics,174,44892,258,332.5333333,7,36,Amoxicillin Syrup,35,5985,Paracetamol Syrup,4,5452,0,0,0,4.02
8-May-2025,Orthopedics,99,68013,687,1416.9375,15,23,Paracetamol,13,1482,Diclofenac,9,9450,0,0,0,3.49
8-May-2025,Cardiology,228,194256,852,2023.5,12.9,40.9,Aspirin,24,3384,Atorvastatin,3,5631,0,0,0,4.33
8-May-2025,Pulmonology,88,57464,653,1008.140351,12.9,39.9,Montelukast,8,1488,Salbutamol Inhaler,0,0,0,0,0,3.43
9-May-2025,General Medicine,168,60480,360,746.6666667,16.4,30.4,Amlodipine,48,6912,Amoxicillin,8,14888,0,0,1,4.21
9-May-2025,General Surgery,128,96768,756,1209.6,11.6,31.6,Ceftriaxone,37,4477,Ceftriaxone,7,10612,0,0,1,3.9
9-May-2025,Nephrology,46,54004,1174,1928.714286,6.6,17.6,Tacrolimus,6,312,Tacrolimus,3,4536,0,0,0,3.79
9-May-2025,Neurology,144,59904,416,855.7714286,7.2,20.2,Levetiracetam,37,6771,Aspirin,10,11290,0,0,0,4.06
9-May-2025,Gynecology & OBG,100,39200,392,816.6666667,14.9,25.9,Oxytocin,20,1140,Iron-Folic Acid,8,12056,0,0,0,3.72
9-May-2025,Pediatrics,152,75240,495,895.7142857,17.3,30.3,Salbutamol,29,1653,Amoxicillin Syrup,6,4692,0,0,0,3.74
9-May-2025,Orthopedics,76,42788,563,891.4166667,13.4,38.4,Vitamin D3,16,1776,Calcium,0,0,0,0,0,4.09
9-May-2025,Cardiology,285,223155,783,1144.384615,9,27,Atorvastatin,61,1342,Amiodarone,11,9812,0,0,1,4.68
9-May-2025,Pulmonology,78,54210,695,903.5,13.3,37.3,Budesonide,7,511,Azithromycin,6,7656,0,0,0,4.57
10-May-2025,General Medicine,83,17264,208,383.6444444,18.4,36.4,Paracetamol,13,2106,Amlodipine,3,3513,0,0,0,4.21
10-May-2025,General Surgery,123,93726,762,1802.423077,15.9,24.9,Diclofenac,25,4725,Pantoprazole,5,6305,0,0,0,4.01
10-May-2025,Nephrology,153,106335,695,1563.75,17,28,Furosemide,43,5504,Furosemide,0,0,0,0,1,4.23
10-May-2025,Neurology,56,31864,569,817.025641,19.2,25.2,Sodium Valproate,14,1596,Levetiracetam,1,833,0,0,0,3.73
10-May-2025,Gynecology & OBG,30,15780,526,789,18.9,44.9,Metronidazole,3,348,Iron-Folic Acid,1,1108,0,0,0,4.33
10-May-2025,Pediatrics,177,83367,471,1208.217391,12.3,31.3,Amoxicillin Syrup,17,3145,Salbutamol,12,22416,0,0,1,4.53
10-May-2025,Orthopedics,136,71400,525,1098.461538,7.9,14.9,Paracetamol,18,1692,Paracetamol,5,9730,0,0,1,4.42
10-May-2025,Cardiology,195,170430,874,1893.666667,7.3,21.3,Amiodarone,46,5566,Atorvastatin,19,30058,0,0,1,4.73
10-May-2025,Pulmonology,171,72333,423,964.44,16.2,35.2,Salbutamol Inhaler,33,6039,Salbutamol Inhaler,12,9924,0,0,0,3.63
11-May-2025,General Medicine,132,84348,639,980.7906977,19.9,25.9,Amoxicillin,27,4374,Amoxicillin,10,13590,0,0,1,3.72
11-May-2025,General Surgery,77,49357,641,1050.148936,13.5,29.5,Tramadol,17,816,Ceftriaxone,3,3672,0,0,0,3.37
11-May-2025,Nephrology,142,162874,1147,2627,18.6,33.6,Erythropoietin,18,720,Erythropoietin,9,7866,0,0,0,3.92
11-May-2025,Neurology,74,25234,341,720.9714286,5.4,35.4,Sodium Valproate,11,352,Sodium Valproate,7,6265,0,0,0,3.9
11-May-2025,Gynecology & OBG,38,20520,540,1026,18.3,27.3,Oxytocin,4,412,Calcium,0,0,0,0,0,3.59
11-May-2025,Pediatrics,189,115290,610,1325.172414,17,42,Salbutamol,23,4071,Salbutamol,9,11853,0,0,1,4.72
11-May-2025,Orthopedics,72,47376,658,1435.636364,7.5,20.5,Paracetamol,14,1554,Calcium,4,6040,0,0,0,3.74
11-May-2025,Cardiology,97,104469,1077,2374.295455,9.2,33.2,Atorvastatin,27,1620,Clopidogrel,0,0,0,0,0,4.55
11-May-2025,Pulmonology,45,36900,820,1537.5,9.5,20.5,Budesonide,12,648,Azithromycin,0,0,0,0,0,3.64
12-May-2025,General Medicine,187,55352,296,601.6521739,6.4,16.4,Amoxicillin,32,5760,Metformin,2,3720,0,0,1,4.71
12-May-2025,General Surgery,88,56848,646,963.5254237,5.6,15.6,Pantoprazole,23,3887,Ceftriaxone,8,10400,0,0,0,3.62
12-May-2025,Nephrology,62,65596,1058,2429.481481,6.3,34.3,Tacrolimus,15,840,Erythropoietin,0,0,0,0,0,4.32
12-May-2025,Neurology,51,33864,664,1472.347826,12.9,27.9,Sodium Valproate,5,845,Aspirin,4,5016,0,0,0,3.45
12-May-2025,Gynecology & OBG,27,12933,479,760.7647059,14,35,Iron-Folic Acid,4,328,Calcium,1,767,0,0,0,3.58
12-May-2025,Pediatrics,273,105378,386,816.8837209,5.9,29.9,ORS,40,1240,Paracetamol Syrup,8,13192,0,0,1,3.79
12-May-2025,Orthopedics,89,18779,211,318.2881356,12.3,17.3,Vitamin D3,22,1078,Diclofenac,0,0,0,0,0,4.1
12-May-2025,Cardiology,120,132480,1104,2324.210526,13.6,24.6,Amiodarone,26,1378,Clopidogrel,9,5886,0,0,0,3.78
12-May-2025,Pulmonology,85,48705,573,798.442623,11.6,40.6,Azithromycin,16,2848,Montelukast,7,6608,0,0,0,4.55
13-May-2025,General Medicine,124,34224,276,496,18.6,23.6,Paracetamol,22,3102,Amoxicillin,8,6776,0,0,1,3.87
13-May-2025,General Surgery,111,57720,520,679.0588235,7.1,19.1,Ceftriaxone,21,1743,Tramadol,0,0,0,0,1,4.38
13-May-2025,Nephrology,36,24624,684,820.8,16.4,40.4,Erythropoietin,6,720,Tacrolimus,1,1042,0,0,0,3.89
13-May-2025,Neurology,157,86507,551,1235.814286,6.4,13.4,Sodium Valproate,36,6264,Clopidogrel,7,9772,0,0,1,4.45
13-May-2025,Gynecology & OBG,114,73302,643,1527.125,14.5,26.5,Metronidazole,23,3266,Iron-Folic Acid,3,2412,0,0,0,3.41
13-May-2025,Pediatrics,144,84816,589,1211.657143,5.7,27.7,ORS,16,1824,Amoxicillin Syrup,4,3752,0,0,1,3.64
13-May-2025,Orthopedics,86,40678,473,847.4583333,15.1,31.1,Diclofenac,21,4116,Vitamin D3,7,13363,0,0,0,3.75
13-May-2025,Cardiology,246,361128,1468,3009.4,11,16,Aspirin,34,6324,Clopidogrel,15,10815,0,0,2,4.25
13-May-2025,Pulmonology,135,64260,476,1190,11.9,33.9,Budesonide,20,2080,Salbutamol Inhaler,6,3330,0,0,0,3.39
14-May-2025,General Medicine,186,118482,637,817.1172414,17.5,26.5,Amlodipine,48,7872,Paracetamol,6,5544,0,0,1,3.76
14-May-2025,General Surgery,63,28854,458,961.8,15.7,33.7,Tramadol,16,560,Ceftriaxone,6,11214,0,0,0,4.82
14-May-2025,Nephrology,123,152397,1239,2539.95,18.1,32.1,Erythropoietin,34,1360,Erythropoietin,12,12600,0,0,0,4.46
14-May-2025,Neurology,30,16260,542,650.4,11.6,33.6,Sodium Valproate,5,690,Clopidogrel,2,2508,0,0,0,3.8
14-May-2025,Gynecology & OBG,53,15582,294,519.4,16.6,38.6,Oxytocin,10,1810,Calcium,4,7760,0,0,0,4.94
14-May-2025,Pediatrics,97,64020,660,1641.538462,11,38,Salbutamol,15,1440,Salbutamol,9,14283,0,0,0,4.18
14-May-2025,Orthopedics,127,30226,238,355.6,17.6,22.6,Calcium,18,2538,Calcium,3,5862,0,0,1,3.49
14-May-2025,Cardiology,230,334420,1454,3483.541667,6.2,13.2,Atorvastatin,60,9420,Atorvastatin,14,19810,0,0,1,3.73
14-May-2025,Pulmonology,46,45494,989,2166.380952,13.5,41.5,Montelukast,4,424,Azithromycin,4,5628,0,0,0,4.38
15-May-2025,General Medicine,274,67130,245,588.8596491,16,36,Amlodipine,42,7350,Amlodipine,9,7677,0,0,2,3.39
15-May-2025,General Surgery,143,70928,496,1013.257143,15.2,31.2,Tramadol,20,1840,Pantoprazole,6,5754,0,0,0,4.54
15-May-2025,Nephrology,40,30680,767,1534,8.4,16.4,Erythropoietin,11,1243,Tacrolimus,3,4368,0,0,0,3.98
15-May-2025,Neurology,99,54747,553,1216.6,11.8,20.8,Levetiracetam,28,868,Sodium Valproate,8,11168,0,0,0,4.46
15-May-2025,Gynecology & OBG,183,113826,622,1422.825,16.4,30.4,Iron-Folic Acid,46,8464,Metronidazole,0,0,0,0,1,3.8
15-May-2025,Pediatrics,188,80840,430,1010.5,17.8,32.8,ORS,21,3633,Paracetamol Syrup,16,11280,0,0,1,3.86
15-May-2025,Orthopedics,92,63572,691,1059.533333,7.6,25.6,Vitamin D3,18,2394,Paracetamol,6,7254,0,0,0,3.62
15-May-2025,Cardiology,160,228960,1431,2081.454545,13.9,29.9,Clopidogrel,20,3380,Clopidogrel,11,20086,0,0,0,4.44
15-May-2025,Pulmonology,94,86480,920,1921.777778,12.6,27.6,Montelukast,25,1850,Salbutamol Inhaler,2,2566,0,0,0,4.14
16-May-2025,General Medicine,286,78364,274,580.4740741,15.8,26.8,Metformin,44,1716,Metformin,2,2522,0,0,2,4.48
16-May-2025,General Surgery,28,26068,931,1241.333333,14.7,25.7,Ceftriaxone,3,420,Ceftriaxone,1,1090,0,0,0,3.92
16-May-2025,Nephrology,88,100848,1146,2101,12.5,38.5,Furosemide,21,4200,Erythropoietin,7,5761,0,0,0,4.61
16-May-2025,Neurology,99,67320,680,1051.875,19.6,33.6,Clopidogrel,28,5572,Aspirin,8,15672,0,0,0,4.49
16-May-2025,Gynecology & OBG,63,23562,374,785.4,17.3,27.3,Oxytocin,7,1379,Iron-Folic Acid,0,0,0,0,0,3.55
16-May-2025,Pediatrics,186,44268,238,491.8666667,15.7,44.7,Amoxicillin Syrup,25,2300,Paracetamol Syrup,0,0,0,0,1,3.64
16-May-2025,Orthopedics,125,30875,247,605.3921569,18.2,29.2,Paracetamol,18,2430,Vitamin D3,11,17941,0,0,0,4.59
16-May-2025,Cardiology,87,128586,1478,2143.1,6.4,24.4,Amiodarone,23,2806,Atorvastatin,7,9135,0,0,0,4.59
16-May-2025,Pulmonology,86,81958,953,2101.487179,18.2,44.2,Azithromycin,14,868,Montelukast,7,5544,0,0,0,4.13
17-May-2025,General Medicine,86,25542,297,399.09375,13.8,22.8,Amlodipine,11,539,Amlodipine,6,8712,0,0,0,3.56
17-May-2025,General Surgery,40,32000,800,1600,15.4,23.4,Pantoprazole,7,301,Ceftriaxone,0,0,0,0,0,3.69
17-May-2025,Nephrology,75,84000,1120,1400,13.3,22.3,Erythropoietin,21,609,Tacrolimus,6,10536,0,0,0,3.91
17-May-2025,Neurology,134,56012,418,622.3555556,13.2,29.2,Clopidogrel,34,6154,Sodium Valproate,8,8744,0,0,1,4.18
17-May-2025,Gynecology & OBG,96,61056,636,848,16.7,33.7,Iron-Folic Acid,10,1230,Oxytocin,6,5352,0,0,0,4.61
17-May-2025,Pediatrics,144,80352,558,992,17.9,36.9,Paracetamol Syrup,16,1104,Amoxicillin Syrup,7,5887,0,0,1,3.65
17-May-2025,Orthopedics,35,9415,269,376.6,15.5,31.5,Vitamin D3,7,777,Vitamin D3,2,2248,0,0,0,4.87
17-May-2025,Cardiology,460,567640,1234,2838.2,18.7,32.7,Amiodarone,51,7701,Clopidogrel,25,12775,0,0,4,4.26
17-May-2025,Pulmonology,30,27870,929,1858,14,28,Budesonide,8,168,Azithromycin,3,5901,0,0,0,4.38
18-May-2025,General Medicine,75,43425,579,789.5454545,13.4,40.4,Amoxicillin,18,2448,Amlodipine,3,1716,0,0,0,4.38
18-May-2025,General Surgery,18,11070,615,1230,18.7,24.7,Ceftriaxone,1,184,Tramadol,0,0,0,0,0,4.64
18-May-2025,Nephrology,117,111969,957,2195.470588,9.4,18.4,Tacrolimus,11,726,Sevelamer,9,15570,0,0,1,4.07
18-May-2025,Neurology,22,9548,434,868,17.1,28.1,Aspirin,5,905,Sodium Valproate,2,3632,0,0,0,3.6
18-May-2025,Gynecology & OBG,32,14816,463,1058.285714,16.7,28.7,Oxytocin,7,840,Iron-Folic Acid,3,5133,0,0,0,3.71
18-May-2025,Pediatrics,72,30240,420,737.5609756,18,40,ORS,7,609,Amoxicillin Syrup,6,5658,0,0,0,3.62
18-May-2025,Orthopedics,51,19329,379,666.5172414,17.6,31.6,Diclofenac,7,329,Diclofenac,1,982,0,0,0,3.69
18-May-2025,Cardiology,59,39294,666,1571.76,7.5,24.5,Aspirin,8,1344,Aspirin,0,0,0,0,0,3.68
18-May-2025,Pulmonology,40,20120,503,1117.777778,18.1,32.1,Budesonide,7,350,Budesonide,4,4072,0,0,0,4.22
19-May-2025,General Medicine,245,120295,491,994.1735537,14,31,Amoxicillin,48,5664,Amoxicillin,1,1843,0,0,0,4.14
19-May-2025,General Surgery,87,78735,905,1290.737705,15.5,23.5,Pantoprazole,22,3366,Pantoprazole,6,6120,0,0,0,4
19-May-2025,Nephrology,43,36464,848,1072.470588,19.2,29.2,Furosemide,12,2364,Furosemide,1,1594,0,0,0,4.23
19-May-2025,Neurology,137,75350,550,1321.929825,16.8,39.8,Levetiracetam,27,5049,Clopidogrel,10,13070,0,0,0,3.4
19-May-2025,Gynecology & OBG,211,60135,285,578.2211538,7,16,Metronidazole,43,8428,Calcium,7,4571,0,0,2,4.21
19-May-2025,Pediatrics,137,40826,298,371.1454545,12.1,30.1,Paracetamol Syrup,22,3080,Amoxicillin Syrup,5,4100,0,0,0,4.71
19-May-2025,Orthopedics,135,90045,667,1526.186441,6.8,25.8,Diclofenac,17,2380,Paracetamol,2,1842,0,0,0,4.48
19-May-2025,Cardiology,304,328320,1080,1492.363636,14.8,24.8,Clopidogrel,77,15246,Atorvastatin,26,44564,0,0,3,4.89
19-May-2025,Pulmonology,55,34705,631,964.0277778,18.1,42.1,Salbutamol Inhaler,8,1568,Salbutamol Inhaler,3,4788,0,0,0,3.57
20-May-2025,General Medicine,312,112008,359,777.8333333,10.4,28.4,Amlodipine,47,1034,Amlodipine,11,5676,0,0,1,3.56
20-May-2025,General Surgery,129,52503,407,937.5535714,17.7,38.7,Diclofenac,28,2268,Diclofenac,2,2702,0,0,1,4.2
20-May-2025,Nephrology,76,83448,1098,2318,19.6,45.6,Erythropoietin,13,2028,Furosemide,5,4670,0,0,0,4.81
20-May-2025,Neurology,25,13975,559,931.6666667,12.2,30.2,Levetiracetam,4,148,Levetiracetam,2,1552,0,0,0,4.16
20-May-2025,Gynecology & OBG,46,31004,674,885.8285714,16.4,32.4,Metronidazole,4,688,Calcium,1,1167,0,0,0,4.38
20-May-2025,Pediatrics,93,36735,395,489.8,10.5,15.5,ORS,11,407,Paracetamol Syrup,4,4172,0,0,0,4.29
20-May-2025,Orthopedics,105,66990,638,985.1470588,18,29,Calcium,18,1044,Diclofenac,0,0,0,0,1,4.03
20-May-2025,Cardiology,110,145420,1322,2138.529412,18.8,30.8,Aspirin,24,3936,Atorvastatin,5,8145,0,0,0,4.06
20-May-2025,Pulmonology,123,94956,772,1665.894737,5.8,14.8,Azithromycin,21,4074,Salbutamol Inhaler,11,10780,0,0,0,3.88
21-May-2025,General Medicine,122,72468,594,762.8210526,17.1,30.1,Amlodipine,33,5247,Amoxicillin,3,2433,0,0,1,4.36
21-May-2025,General Surgery,124,122884,991,2048.066667,6.9,17.9,Ceftriaxone,32,736,Diclofenac,4,2784,0,0,1,3.71
21-May-2025,Nephrology,116,152076,1311,3168.25,9.6,18.6,Tacrolimus,25,1350,Sevelamer,2,3280,0,0,1,4.7
21-May-2025,Neurology,122,81862,671,1605.137255,11,34,Sodium Valproate,26,780,Sodium Valproate,6,10770,0,0,1,3.63
21-May-2025,Gynecology & OBG,61,13481,221,408.5151515,18.7,38.7,Oxytocin,13,468,Iron-Folic Acid,3,2256,0,0,0,3.72
21-May-2025,Pediatrics,60,22800,380,542.8571429,18.6,45.6,Salbutamol,15,2235,Paracetamol Syrup,4,6828,0,0,0,4.61
21-May-2025,Orthopedics,32,19584,612,816,7.7,18.7,Paracetamol,8,184,Diclofenac,3,5133,0,0,0,4.1
21-May-2025,Cardiology,128,188928,1476,2222.682353,6.9,22.9,Amiodarone,13,1651,Clopidogrel,10,13780,0,0,1,4.24
21-May-2025,Pulmonology,97,58879,607,905.8307692,12.6,18.6,Budesonide,11,1287,Montelukast,6,11190,0,0,0,3.66
22-May-2025,General Medicine,156,84240,540,702,7.5,29.5,Amoxicillin,30,2940,Paracetamol,1,1547,0,0,0,3.57
22-May-2025,General Surgery,84,47460,565,1318.333333,14.5,38.5,Tramadol,11,550,Ceftriaxone,6,6570,0,0,0,4.27
22-May-2025,Nephrology,160,96000,600,1263.157895,16.6,46.6,Tacrolimus,32,4736,Erythropoietin,9,15471,0,0,1,4.3
22-May-2025,Neurology,84,33012,393,579.1578947,11.8,22.8,Levetiracetam,15,1320,Levetiracetam,8,10808,0,0,0,3.63
22-May-2025,Gynecology & OBG,60,34380,573,1146,14,27,Oxytocin,14,644,Metronidazole,1,1940,0,0,0,3.79
22-May-2025,Pediatrics,139,62967,453,1104.684211,17.1,31.1,Paracetamol Syrup,25,3450,Amoxicillin Syrup,4,5532,0,0,1,4.08
22-May-2025,Orthopedics,30,20550,685,1027.5,9.9,19.9,Calcium,4,668,Diclofenac,3,5700,0,0,0,3.86
22-May-2025,Cardiology,120,174720,1456,1941.333333,11.7,39.7,Amiodarone,27,837,Amiodarone,11,9746,0,0,1,4
22-May-2025,Pulmonology,206,167272,812,1858.577778,7.5,36.5,Azithromycin,26,936,Budesonide,14,19208,0,0,1,3.64
23-May-2025,General Medicine,146,64094,439,610.4190476,7.5,19.5,Metformin,22,4004,Metformin,11,7172,0,0,0,4.08
23-May-2025,General Surgery,48,34752,724,1448,13.6,32.6,Pantoprazole,4,752,Ceftriaxone,2,2616,0,0,0,3.8
23-May-2025,Nephrology,104,122200,1175,2909.52381,11.4,25.4,Tacrolimus,14,1302,Sevelamer,3,2040,0,0,1,3.75
23-May-2025,Neurology,81,54270,670,1005,15.9,31.9,Sodium Valproate,9,207,Levetiracetam,8,4128,0,0,0,3.92
23-May-2025,Gynecology & OBG,55,17710,322,708.4,7.7,18.7,Calcium,9,1305,Iron-Folic Acid,4,6332,0,0,0,4.22
23-May-2025,Pediatrics,66,27522,417,611.6,12.3,28.3,Salbutamol,8,256,Paracetamol Syrup,5,5370,0,0,0,4.39
23-May-2025,Orthopedics,88,18568,211,309.4666667,11.4,16.4,Vitamin D3,22,1452,Vitamin D3,6,8760,0,0,0,4.22
23-May-2025,Cardiology,53,40916,772,1363.866667,16.5,43.5,Atorvastatin,14,420,Aspirin,5,8955,0,0,0,4.59
23-May-2025,Pulmonology,54,37206,689,826.8,6.7,25.7,Azithromycin,15,2250,Montelukast,1,931,0,0,0,4.47
24-May-2025,General Medicine,390,270660,694,1463.027027,6.5,30.5,Metformin,102,11832,Paracetamol,33,52470,0,1,1,4.52
24-May-2025,General Surgery,57,49818,874,1107.066667,5.2,24.2,Pantoprazole,9,1044,Ceftriaxone,1,1271,0,0,0,3.82
24-May-2025,Nephrology,70,104720,1496,2094.4,9.1,15.1,Furosemide,18,1800,Erythropoietin,5,5190,0,0,0,4.02
24-May-2025,Neurology,84,29316,349,458.0625,18.9,47.9,Clopidogrel,9,657,Aspirin,2,3374,0,0,0,3.65
24-May-2025,Gynecology & OBG,35,20300,580,812,18.6,40.6,Oxytocin,9,297,Oxytocin,0,0,0,0,0,3.68
24-May-2025,Pediatrics,247,151164,612,1526.909091,8.6,21.6,Amoxicillin Syrup,41,6519,Paracetamol Syrup,6,11928,0,0,0,3.98
24-May-2025,Orthopedics,165,81180,492,1082.4,9.1,15.1,Diclofenac,43,7224,Diclofenac,8,5112,0,0,0,3.9
24-May-2025,Cardiology,253,261349,1033,2489.038095,15.8,31.8,Aspirin,64,3648,Aspirin,19,37639,0,0,0,4.33
24-May-2025,Pulmonology,73,42121,577,752.1607143,13.1,18.1,Montelukast,12,552,Montelukast,2,2244,0,0,0,3.6
25-May-2025,General Medicine,195,118950,610,991.25,13.2,38.2,Metformin,44,4928,Amlodipine,19,25232,0,0,1,3.53
25-May-2025,General Surgery,40,19480,487,974,9.8,39.8,Ceftriaxone,4,668,Ceftriaxone,1,1804,0,0,0,4.8
25-May-2025,Nephrology,56,55776,996,2324,12.2,25.2,Sevelamer,8,280,Furosemide,3,4545,0,0,0,4.25
25-May-2025,Neurology,108,71820,665,1436.4,7.5,29.5,Sodium Valproate,20,780,Clopidogrel,5,6910,0,0,1,3.91
25-May-2025,Gynecology & OBG,30,16050,535,844.7368421,18.2,31.2,Oxytocin,6,630,Metronidazole,1,876,0,0,0,4.33
25-May-2025,Pediatrics,140,88200,630,864.7058824,18.2,39.2,Salbutamol,17,1258,Salbutamol,0,0,0,0,0,4.47
25-May-2025,Orthopedics,15,3450,230,287.5,13.4,36.4,Calcium,4,384,Paracetamol,1,679,0,0,0,4.29
25-May-2025,Cardiology,80,102560,1282,2330.909091,6.6,29.6,Atorvastatin,19,931,Atorvastatin,4,5176,0,0,0,4.42
25-May-2025,Pulmonology,22,14080,640,1005.714286,16.6,38.6,Azithromycin,3,354,Montelukast,0,0,0,0,0,3.46
26-May-2025,General Medicine,224,97888,437,889.8909091,15.9,28.9,Amlodipine,32,1760,Amlodipine,6,10896,0,0,1,4.5
26-May-2025,General Surgery,236,225852,957,1947,11.6,41.6,Diclofenac,39,2964,Tramadol,1,1816,0,0,1,3.88
26-May-2025,Nephrology,56,75096,1341,2086,13.4,40.4,Erythropoietin,10,580,Sevelamer,0,0,0,0,0,3.66
26-May-2025,Neurology,130,79950,615,1378.448276,18.9,42.9,Levetiracetam,20,1780,Sodium Valproate,5,4120,0,0,0,4.2
26-May-2025,Gynecology & OBG,115,61180,532,1223.6,19.7,43.7,Iron-Folic Acid,11,1221,Calcium,2,3758,0,0,0,4.32
26-May-2025,Pediatrics,89,61054,686,1130.62963,13.2,34.2,Paracetamol Syrup,12,1188,Amoxicillin Syrup,8,7400,0,0,0,4.76
26-May-2025,Orthopedics,39,17394,446,1023.176471,5.6,26.6,Vitamin D3,8,928,Paracetamol,1,1676,0,0,0,3.77
26-May-2025,Cardiology,318,400998,1261,3037.863636,9.2,29.2,Amiodarone,75,4425,Atorvastatin,29,36888,0,0,3,4.26
26-May-2025,Pulmonology,105,92505,881,2010.978261,10.5,30.5,Montelukast,31,2759,Azithromycin,0,0,0,0,0,4.35
27-May-2025,General Medicine,141,50619,359,766.9545455,12.8,24.8,Amoxicillin,27,1188,Paracetamol,8,12016,0,0,0,3.53
27-May-2025,General Surgery,40,16840,421,842,7,14,Diclofenac,11,2057,Ceftriaxone,1,1749,0,0,0,4.63
27-May-2025,Nephrology,122,149938,1229,1972.868421,7.9,23.9,Furosemide,29,1769,Tacrolimus,6,8904,0,0,1,4.35
27-May-2025,Neurology,141,35391,251,589.85,13,30,Levetiracetam,15,2145,Levetiracetam,2,1476,0,0,1,3.96
27-May-2025,Gynecology & OBG,57,12711,223,353.0833333,19.2,35.2,Iron-Folic Acid,6,336,Oxytocin,1,1270,0,0,0,4.15
27-May-2025,Pediatrics,123,38991,317,389.91,19.4,32.4,ORS,29,3683,Salbutamol,2,1774,0,0,1,4.07
27-May-2025,Orthopedics,49,13671,279,390.6,9.7,14.7,Diclofenac,9,369,Calcium,4,5348,0,0,0,3.67
27-May-2025,Cardiology,139,184870,1330,1777.596154,8,26,Atorvastatin,38,7182,Amiodarone,7,6335,0,0,0,4.39
27-May-2025,Pulmonology,134,77854,581,1197.753846,11,41,Azithromycin,16,2304,Azithromycin,10,14540,0,0,0,3.71
28-May-2025,General Medicine,152,101688,669,907.9285714,19.6,32.6,Paracetamol,36,4500,Paracetamol,14,22386,0,0,1,3.79
28-May-2025,General Surgery,112,74368,664,1430.153846,9.8,35.8,Tramadol,12,1752,Diclofenac,1,688,0,0,0,4.3
28-May-2025,Nephrology,142,177642,1251,2612.382353,16.4,35.4,Furosemide,31,2728,Tacrolimus,2,1564,0,0,0,3.72
28-May-2025,Neurology,91,26936,296,528.1568627,6.7,35.7,Levetiracetam,23,4554,Levetiracetam,2,1736,0,0,0,4.34
28-May-2025,Gynecology & OBG,160,64160,401,802,8.3,33.3,Oxytocin,47,8319,Iron-Folic Acid,1,1869,0,0,1,3.61
28-May-2025,Pediatrics,189,76923,407,884.1724138,5.4,14.4,Paracetamol Syrup,54,8802,ORS,15,24360,0,0,0,3.83
28-May-2025,Orthopedics,45,26235,583,971.6666667,14.9,22.9,Vitamin D3,9,1143,Vitamin D3,1,1036,0,0,0,4.64
28-May-2025,Cardiology,129,79077,613,1054.36,11.9,22.9,Aspirin,38,4978,Amiodarone,7,12103,0,0,0,4.14
28-May-2025,Pulmonology,101,46763,463,668.0428571,12.2,18.2,Azithromycin,26,2808,Budesonide,0,0,0,0,1,3.66
29-May-2025,General Medicine,119,26061,219,377.6956522,14,43,Metformin,13,1560,Paracetamol,11,9702,0,0,0,3.75
29-May-2025,General Surgery,136,120496,886,2113.964912,18.1,28.1,Tramadol,40,960,Ceftriaxone,13,15145,0,0,1,4.29
29-May-2025,Nephrology,108,140724,1303,3127.2,6.6,34.6,Tacrolimus,13,1196,Erythropoietin,3,4368,0,0,0,4.92
29-May-2025,Neurology,63,26208,416,873.6,16.5,22.5,Aspirin,18,2142,Aspirin,2,2600,0,0,0,3.95
29-May-2025,Gynecology & OBG,68,26248,386,673.025641,14.5,37.5,Iron-Folic Acid,10,1240,Oxytocin,1,1742,0,0,0,4.09
29-May-2025,Pediatrics,261,56898,218,494.7652174,16.4,34.4,Salbutamol,69,6417,Amoxicillin Syrup,13,17654,0,0,1,3.49
29-May-2025,Orthopedics,40,15880,397,661.6666667,14.4,39.4,Vitamin D3,7,490,Paracetamol,4,2148,0,0,0,4.46
29-May-2025,Cardiology,172,159616,928,1227.815385,7.8,25.8,Aspirin,37,3071,Amiodarone,14,21504,0,0,1,3.37
29-May-2025,Pulmonology,78,71994,923,1199.9,13.1,18.1,Azithromycin,21,840,Montelukast,3,3678,0,0,0,4.63
30-May-2025,General Medicine,342,172368,504,1149.12,16.8,31.8,Paracetamol,96,11424,Amoxicillin,14,13272,0,0,0,3.39
30-May-2025,General Surgery,42,17388,414,496.8,9.6,20.6,Ceftriaxone,8,1512,Diclofenac,4,7864,0,0,0,3.5
30-May-2025,Nephrology,54,63126,1169,2630.25,13.4,20.4,Sevelamer,6,738,Sevelamer,1,724,0,0,0,3.73
30-May-2025,Neurology,143,30602,214,306.02,6.3,36.3,Aspirin,21,3927,Aspirin,2,1370,0,0,0,4.75
30-May-2025,Gynecology & OBG,36,9540,265,397.5,11.5,31.5,Oxytocin,5,900,Oxytocin,0,0,0,0,0,4.45
30-May-2025,Pediatrics,233,124888,536,780.55,5.9,34.9,Amoxicillin Syrup,57,3135,Paracetamol Syrup,21,22134,0,0,2,4.7
30-May-2025,Orthopedics,82,20828,254,400.5384615,19.1,44.1,Vitamin D3,13,429,Calcium,5,5925,0,0,0,3.56
30-May-2025,Cardiology,155,194680,1256,3090.15873,14.4,27.4,Atorvastatin,23,3841,Clopidogrel,10,16280,0,0,1,3.62
30-May-2025,Pulmonology,42,33936,808,969.6,17.9,30.9,Budesonide,8,432,Azithromycin,2,2606,0,0,0,4.6
31-May-2025,General Medicine,102,68442,671,1342,14.4,41.4,Paracetamol,30,900,Metformin,9,4662,0,0,1,3.56
31-May-2025,General Surgery,36,19656,546,1092,18.7,34.7,Tramadol,7,147,Tramadol,2,2040,0,0,0,3.75
31-May-2025,Nephrology,84,67284,801,1293.923077,6.9,23.9,Sevelamer,25,2975,Tacrolimus,6,5544,0,0,0,4.82
31-May-2025,Neurology,59,17464,296,396.9090909,8.9,19.9,Sodium Valproate,13,1885,Levetiracetam,2,1444,0,0,0,3.71
31-May-2025,Gynecology & OBG,156,51168,328,752.4705882,19.4,37.4,Iron-Folic Acid,41,5166,Calcium,4,6664,0,0,0,3.9
31-May-2025,Pediatrics,68,20196,297,420.75,17.2,35.2,Amoxicillin Syrup,17,3366,Paracetamol Syrup,2,3786,0,0,0,3.97
31-May-2025,Orthopedics,69,24909,361,754.8181818,7.9,18.9,Vitamin D3,18,2610,Paracetamol,2,2198,0,0,0,4
31-May-2025,Cardiology,204,170136,834,1063.35,15.3,34.3,Aspirin,33,4587,Aspirin,1,1433,0,0,0,4.13
31-May-2025,Pulmonology,72,57744,802,1804.5,6.1,29.1,Salbutamol Inhaler,19,3686,Budesonide,3,3786,0,0,0,4.82
1-Jun-2025,General Medicine,132,69432,526,951.1232877,17.5,46.5,Paracetamol,31,4526,Amoxicillin,12,11496,0,0,0,3.42
1-Jun-2025,General Surgery,49,29841,609,932.53125,15.7,36.7,Diclofenac,6,588,Tramadol,3,4221,0,0,0,3.6
1-Jun-2025,Nephrology,58,70238,1211,2809.52,11.4,29.4,Erythropoietin,8,1200,Sevelamer,1,1489,0,0,0,4.51
1-Jun-2025,Neurology,49,34202,698,855.05,13.6,24.6,Sodium Valproate,12,1728,Aspirin,1,1019,0,0,0,4.59
1-Jun-2025,Gynecology & OBG,55,11770,214,280.2380952,11.3,41.3,Metronidazole,13,1963,Iron-Folic Acid,2,3036,0,0,0,3.97
1-Jun-2025,Pediatrics,140,69020,493,972.1126761,13,21,Paracetamol Syrup,25,4700,Amoxicillin Syrup,1,1288,0,0,1,4.17
1-Jun-2025,Orthopedics,51,19533,383,976.65,11.2,24.2,Vitamin D3,10,910,Vitamin D3,0,0,0,0,0,4.63
1-Jun-2025,Cardiology,111,139971,1261,1971.422535,18.4,44.4,Amiodarone,24,1488,Amiodarone,2,1406,0,0,1,3.54
1-Jun-2025,Pulmonology,96,69312,722,924.16,7.8,25.8,Azithromycin,25,2975,Budesonide,1,771,0,0,0,4.41
2-Jun-2025,General Medicine,137,27811,203,463.5166667,11,23,Amlodipine,16,2848,Amoxicillin,13,8684,0,0,0,3.3
2-Jun-2025,General Surgery,85,76500,900,1390.909091,7.9,17.9,Pantoprazole,11,1045,Diclofenac,3,3186,0,0,0,4.51
2-Jun-2025,Nephrology,78,97968,1256,2226.545455,16.2,22.2,Sevelamer,7,1337,Erythropoietin,5,4600,0,0,0,4.75
2-Jun-2025,Neurology,64,30656,479,1135.407407,15.1,45.1,Sodium Valproate,10,280,Aspirin,4,6860,0,0,0,4.49
2-Jun-2025,Gynecology & OBG,141,79806,566,1156.608696,18.1,35.1,Calcium,29,2755,Metronidazole,0,0,0,0,0,3.67
2-Jun-2025,Pediatrics,258,77400,300,650.4201681,13.5,40.5,Salbutamol,29,5104,Salbutamol,23,38732,0,0,1,4.5
2-Jun-2025,Orthopedics,111,22866,206,336.2647059,16.3,42.3,Diclofenac,29,5568,Calcium,9,4788,0,0,1,3.6
2-Jun-2025,Cardiology,214,255944,1196,2047.552,18.3,32.3,Amiodarone,26,4888,Atorvastatin,11,6094,0,0,0,3.46
2-Jun-2025,Pulmonology,53,46693,881,2030.130435,10.9,33.9,Montelukast,10,200,Budesonide,0,0,0,0,0,4.84
3-Jun-2025,General Medicine,53,27295,515,737.7027027,11.6,32.6,Amlodipine,7,735,Metformin,0,0,0,0,0,4.22
3-Jun-2025,General Surgery,78,47814,613,735.6,13.7,25.7,Diclofenac,20,1520,Ceftriaxone,7,12887,0,0,0,4.35
3-Jun-2025,Nephrology,152,103816,683,1038.16,10.7,30.7,Tacrolimus,32,2784,Tacrolimus,7,11536,0,0,0,3.93
3-Jun-2025,Neurology,118,61714,523,1122.072727,6.7,33.7,Clopidogrel,29,5626,Clopidogrel,11,6688,0,0,1,3.9
3-Jun-2025,Gynecology & OBG,73,19783,271,380.4423077,7,13,Oxytocin,14,1778,Iron-Folic Acid,0,0,0,0,0,4.48
3-Jun-2025,Pediatrics,114,29298,257,597.9183673,10.9,39.9,Paracetamol Syrup,15,2880,ORS,11,13387,0,0,1,3.92
3-Jun-2025,Orthopedics,155,37355,241,491.5131579,15.3,35.3,Vitamin D3,41,7052,Paracetamol,13,16523,0,0,0,4.52
3-Jun-2025,Cardiology,125,128750,1030,1514.705882,11.8,30.8,Clopidogrel,37,2479,Clopidogrel,6,6990,0,0,1,4.5
3-Jun-2025,Pulmonology,96,66240,690,1380,8.7,15.7,Salbutamol Inhaler,19,3154,Azithromycin,1,1687,0,0,0,4.31
4-Jun-2025,General Medicine,139,58936,424,866.7058824,5.6,28.6,Amoxicillin,24,1368,Amoxicillin,1,1881,0,0,1,3.77
4-Jun-2025,General Surgery,42,36624,872,1744,12.7,37.7,Ceftriaxone,6,1056,Diclofenac,4,5604,0,0,0,3.84
4-Jun-2025,Nephrology,132,89628,679,1493.8,17.7,35.7,Furosemide,28,5404,Furosemide,9,13788,0,0,0,3.65
4-Jun-2025,Neurology,63,18837,299,523.25,13.9,26.9,Clopidogrel,17,1836,Levetiracetam,4,4920,0,0,0,4.29
4-Jun-2025,Gynecology & OBG,120,58080,484,764.2105263,19.1,34.1,Metronidazole,21,2646,Calcium,11,13860,0,0,1,4.76
4-Jun-2025,Pediatrics,383,202990,530,1121.491713,5.5,20.5,ORS,96,5088,Salbutamol,38,70490,0,1,2,3.67
4-Jun-2025,Orthopedics,82,20910,255,536.1538462,8.6,24.6,Paracetamol,12,420,Calcium,7,9912,0,0,0,3.47
4-Jun-2025,Cardiology,222,247308,1114,2355.314286,8.3,19.3,Clopidogrel,29,1218,Amiodarone,0,0,0,0,0,3.85
4-Jun-2025,Pulmonology,102,41106,403,570.9166667,11.6,29.6,Salbutamol Inhaler,18,3546,Azithromycin,9,14877,0,0,1,4.5
5-Jun-2025,General Medicine,201,115173,573,828.5827338,19.5,49.5,Paracetamol,39,2028,Metformin,1,1213,0,0,1,3.92
5-Jun-2025,General Surgery,120,114480,954,1205.052632,17.7,35.7,Pantoprazole,34,3230,Ceftriaxone,0,0,0,0,0,3.7
5-Jun-2025,Nephrology,221,279565,1265,2942.789474,12.4,24.4,Tacrolimus,39,975,Erythropoietin,15,21360,0,0,0,3.33
5-Jun-2025,Neurology,139,36140,260,602.3333333,8.2,38.2,Aspirin,32,3936,Clopidogrel,13,19760,0,0,1,3.53
5-Jun-2025,Gynecology & OBG,45,18720,416,624,15.5,41.5,Oxytocin,8,1040,Oxytocin,0,0,0,0,0,4.52
5-Jun-2025,Pediatrics,162,43740,270,394.0540541,18.6,23.6,Salbutamol,44,6688,Salbutamol,11,20625,0,0,1,3.88
5-Jun-2025,Orthopedics,52,30004,577,857.2571429,18.7,36.7,Vitamin D3,6,270,Calcium,0,0,0,0,0,3.56
5-Jun-2025,Cardiology,274,222762,813,1204.118919,17.3,30.3,Atorvastatin,79,14773,Aspirin,5,8625,0,0,2,4.38
5-Jun-2025,Pulmonology,221,103870,470,952.9357798,11.9,40.9,Budesonide,51,7497,Budesonide,6,3402,0,0,2,4.25
6-Jun-2025,General Medicine,87,30015,345,588.5294118,14.4,38.4,Amoxicillin,19,2603,Metformin,6,5808,0,0,0,4.15
6-Jun-2025,General Surgery,198,131076,662,1379.747368,18.3,28.3,Diclofenac,52,4212,Pantoprazole,13,20202,0,0,0,4.31
6-Jun-2025,Nephrology,138,193338,1401,3580.333333,19.5,38.5,Tacrolimus,25,3925,Sevelamer,13,13585,0,0,0,3.71
6-Jun-2025,Neurology,212,119144,562,1191.44,9,33,Levetiracetam,42,3276,Sodium Valproate,8,12432,0,0,2,4.33
6-Jun-2025,Gynecology & OBG,106,73246,691,1743.952381,16.4,32.4,Oxytocin,28,1764,Calcium,10,12420,0,0,0,3.8
6-Jun-2025,Pediatrics,79,18723,237,435.4186047,15,21,Amoxicillin Syrup,10,250,Amoxicillin Syrup,6,6702,0,0,0,4.87
6-Jun-2025,Orthopedics,226,73902,327,739.02,8.2,26.2,Paracetamol,24,4416,Diclofenac,14,25816,0,0,2,4.24
6-Jun-2025,Cardiology,242,344608,1424,3313.538462,6.7,13.7,Atorvastatin,57,4446,Clopidogrel,18,31986,0,0,2,4.44
6-Jun-2025,Pulmonology,78,39624,508,1070.918919,8.6,31.6,Salbutamol Inhaler,15,345,Montelukast,7,13076,0,0,0,4.24
7-Jun-2025,General Medicine,141,39480,280,368.9719626,15.8,34.8,Metformin,25,700,Metformin,1,653,0,0,0,3.71
7-Jun-2025,General Surgery,221,175695,795,1849.421053,18.3,32.3,Pantoprazole,64,3392,Pantoprazole,6,3174,0,0,1,3.6
7-Jun-2025,Nephrology,63,79506,1262,1590.12,17.3,45.3,Furosemide,8,880,Erythropoietin,3,3357,0,0,0,4.86
7-Jun-2025,Neurology,30,7920,264,440,16.3,27.3,Clopidogrel,5,415,Clopidogrel,1,1862,0,0,0,4.79
7-Jun-2025,Gynecology & OBG,60,30000,500,1250,9.3,19.3,Iron-Folic Acid,8,1216,Calcium,5,3970,0,0,0,4.15
7-Jun-2025,Pediatrics,213,44304,208,503.4545455,19.1,29.1,Salbutamol,21,735,Amoxicillin Syrup,11,16159,0,0,1,4.41
7-Jun-2025,Orthopedics,176,122496,696,1441.129412,17.8,24.8,Diclofenac,51,4233,Diclofenac,1,1242,0,0,0,4.32
7-Jun-2025,Cardiology,288,371232,1289,2993.806452,7.4,20.4,Aspirin,28,4676,Amiodarone,19,27683,0,0,0,4.02
7-Jun-2025,Pulmonology,60,35820,597,1194,7.5,14.5,Azithromycin,10,1120,Salbutamol Inhaler,5,7220,0,0,0,4.09
8-Jun-2025,General Medicine,235,50760,216,488.0769231,11.4,33.4,Metformin,66,11220,Metformin,20,26220,0,0,1,4.42
8-Jun-2025,General Surgery,55,46365,843,1783.269231,15.7,33.7,Diclofenac,7,1337,Ceftriaxone,4,2516,0,0,0,4.04
8-Jun-2025,Nephrology,56,75376,1346,3140.666667,10.3,34.3,Tacrolimus,7,280,Furosemide,4,4400,0,0,0,4.19
8-Jun-2025,Neurology,59,20650,350,666.1290323,10.8,29.8,Levetiracetam,14,1134,Levetiracetam,5,6575,0,0,0,4.26
8-Jun-2025,Gynecology & OBG,94,37130,395,598.8709677,15.6,41.6,Oxytocin,23,4554,Oxytocin,8,7328,0,0,0,3.97
8-Jun-2025,Pediatrics,211,135251,641,1536.943182,6.7,13.7,Paracetamol Syrup,48,3168,Salbutamol,4,5492,0,0,0,3.8
8-Jun-2025,Orthopedics,27,18144,672,1512,10.1,22.1,Vitamin D3,8,1304,Diclofenac,2,2312,0,0,0,4.05
8-Jun-2025,Cardiology,167,240647,1441,3166.407895,9.5,31.5,Aspirin,42,2772,Atorvastatin,16,15216,0,0,1,3.27
8-Jun-2025,Pulmonology,99,42966,434,999.2093023,9.2,39.2,Salbutamol Inhaler,18,2232,Budesonide,7,5502,0,0,0,4.04
9-Jun-2025,General Medicine,389,90248,232,571.1898734,19.4,46.4,Amlodipine,88,7128,Metformin,37,66267,0,1,0,4.18
9-Jun-2025,General Surgery,125,88375,707,1732.843137,6.1,32.1,Pantoprazole,14,2212,Ceftriaxone,8,13712,0,0,0,4.75
9-Jun-2025,Nephrology,83,53452,644,971.8545455,5.5,16.5,Furosemide,20,1580,Furosemide,5,4015,0,0,0,3.46
9-Jun-2025,Neurology,92,63756,693,1386,19.7,29.7,Levetiracetam,15,1230,Levetiracetam,3,3888,0,0,0,3.81
9-Jun-2025,Gynecology & OBG,128,84992,664,976.9195402,19.5,37.5,Iron-Folic Acid,15,1050,Oxytocin,5,9905,0,0,0,4.05
9-Jun-2025,Pediatrics,63,18522,294,385.875,9.2,20.2,Amoxicillin Syrup,17,1377,Amoxicillin Syrup,0,0,0,0,0,4.51
9-Jun-2025,Orthopedics,56,35560,635,987.7777778,15.2,42.2,Paracetamol,11,1441,Paracetamol,1,866,0,0,0,3.36
9-Jun-2025,Cardiology,206,246582,1197,1643.88,7.3,25.3,Aspirin,58,6554,Atorvastatin,3,3330,0,0,2,4.26
9-Jun-2025,Pulmonology,40,20240,506,595.2941176,14.1,29.1,Budesonide,10,640,Montelukast,1,1816,0,0,0,3.96
10-Jun-2025,General Medicine,174,86478,497,1029.5,19.5,38.5,Amlodipine,19,1368,Paracetamol,17,32130,0,0,0,3.41
10-Jun-2025,General Surgery,93,87048,936,1160.64,17.4,47.4,Ceftriaxone,21,525,Ceftriaxone,3,5820,0,0,0,4.43
10-Jun-2025,Nephrology,74,82880,1120,2368,6.1,18.1,Sevelamer,15,825,Erythropoietin,7,7742,0,0,0,3.58
10-Jun-2025,Neurology,69,25185,365,457.9090909,16.7,29.7,Aspirin,18,1314,Clopidogrel,1,959,0,0,0,4.28
10-Jun-2025,Gynecology & OBG,128,63104,493,986,12,18,Calcium,34,6664,Oxytocin,5,3935,0,0,1,4.38
10-Jun-2025,Pediatrics,98,21756,222,444,17.1,25.1,Salbutamol,9,1629,Salbutamol,0,0,0,0,0,3.59
10-Jun-2025,Orthopedics,40,20040,501,1002,17.6,29.6,Calcium,12,2232,Diclofenac,0,0,0,0,0,4.08
10-Jun-2025,Cardiology,223,224115,1005,2409.83871,7.1,35.1,Aspirin,57,1710,Aspirin,12,15624,0,0,2,3.53
10-Jun-2025,Pulmonology,105,66465,633,1545.697674,15.7,45.7,Salbutamol Inhaler,20,2640,Azithromycin,4,2684,0,0,0,4.96
11-Jun-2025,General Medicine,156,82836,531,804.2330097,13.3,39.3,Metformin,15,1815,Amlodipine,3,3978,0,0,1,3.89
11-Jun-2025,General Surgery,103,102485,995,1348.486842,14.4,33.4,Diclofenac,16,2080,Diclofenac,0,0,0,0,0,3.88
11-Jun-2025,Nephrology,88,116600,1325,2915,14.9,35.9,Furosemide,25,4350,Erythropoietin,2,2270,0,0,0,3.84
11-Jun-2025,Neurology,116,35380,305,442.25,9.9,25.9,Aspirin,27,945,Aspirin,3,2508,0,0,0,4.74
11-Jun-2025,Gynecology & OBG,98,32536,332,428.1052632,9.3,15.3,Calcium,25,2175,Metronidazole,6,11070,0,0,0,3.79
11-Jun-2025,Pediatrics,128,56448,441,910.4516129,16,31,Amoxicillin Syrup,28,3360,Salbutamol,1,1090,0,0,0,4.07
11-Jun-2025,Orthopedics,80,35440,443,1073.939394,12,24,Vitamin D3,24,3000,Vitamin D3,6,5166,0,0,0,4.81
11-Jun-2025,Cardiology,258,293862,1139,1836.6375,6.4,32.4,Atorvastatin,32,5344,Aspirin,20,19640,0,0,0,4.48
11-Jun-2025,Pulmonology,92,48668,529,737.3939394,20,35,Salbutamol Inhaler,12,1812,Budesonide,4,4096,0,0,0,4.32
12-Jun-2025,General Medicine,108,40284,373,789.8823529,10.5,16.5,Amoxicillin,14,784,Metformin,1,1537,0,0,1,4.61
12-Jun-2025,General Surgery,36,33696,936,1123.2,9.3,35.3,Tramadol,3,417,Tramadol,2,1732,0,0,0,4.31
12-Jun-2025,Nephrology,60,49200,820,984,7,35,Sevelamer,6,816,Tacrolimus,4,2288,0,0,0,3.39
12-Jun-2025,Neurology,83,39010,470,866.8888889,5.2,17.2,Clopidogrel,13,520,Sodium Valproate,3,3036,0,0,0,4.16
12-Jun-2025,Gynecology & OBG,48,23904,498,664,10.8,31.8,Metronidazole,14,1288,Metronidazole,3,5697,0,0,0,4.8
12-Jun-2025,Pediatrics,168,38136,227,373.8823529,15.8,23.8,Amoxicillin Syrup,33,3036,Salbutamol,4,6528,0,0,0,4.65
12-Jun-2025,Orthopedics,185,108040,584,1350.5,5.3,33.3,Vitamin D3,35,2905,Vitamin D3,17,23970,0,0,0,4.74
12-Jun-2025,Cardiology,120,80400,670,992.5925926,19.8,47.8,Aspirin,30,5070,Amiodarone,3,2346,0,0,1,4.13
12-Jun-2025,Pulmonology,126,101808,808,1996.235294,7.3,29.3,Azithromycin,36,6624,Azithromycin,0,0,0,0,1,3.57
13-Jun-2025,General Medicine,428,255944,598,1361.404255,18.9,26.9,Metformin,64,5952,Amlodipine,21,33117,0,0,1,4.7
13-Jun-2025,General Surgery,30,21330,711,1185,13.7,18.7,Tramadol,5,100,Tramadol,3,3219,0,0,0,4.07
13-Jun-2025,Nephrology,30,23550,785,1177.5,17.9,32.9,Sevelamer,4,792,Erythropoietin,2,2328,0,0,0,4.62
13-Jun-2025,Neurology,36,25164,699,838.8,12.6,18.6,Sodium Valproate,6,402,Aspirin,3,2529,0,0,0,3.98
13-Jun-2025,Gynecology & OBG,59,26078,442,651.95,7.6,23.6,Metronidazole,13,2132,Oxytocin,3,4740,0,0,0,3.62
13-Jun-2025,Pediatrics,62,29760,480,692.0930233,6.7,31.7,Amoxicillin Syrup,14,630,Paracetamol Syrup,1,719,0,0,0,4.48
13-Jun-2025,Orthopedics,229,130759,571,1307.59,14.8,44.8,Diclofenac,40,5960,Diclofenac,10,5040,0,0,1,3.93
13-Jun-2025,Cardiology,303,379962,1254,2638.625,10.3,29.3,Clopidogrel,42,7014,Amiodarone,12,17052,0,0,0,4.87
13-Jun-2025,Pulmonology,147,125832,856,1094.191304,7,14,Azithromycin,39,3744,Montelukast,8,6560,0,0,0,3.6
14-Jun-2025,General Medicine,230,47610,207,337.6595745,14.1,29.1,Amlodipine,67,2680,Metformin,20,19500,0,0,1,3.69
14-Jun-2025,General Surgery,81,55890,690,931.5,9.6,34.6,Tramadol,24,1248,Pantoprazole,6,10662,0,0,0,4.59
14-Jun-2025,Nephrology,79,51982,658,911.9649123,6.9,16.9,Erythropoietin,7,1001,Furosemide,5,8155,0,0,0,3.64
14-Jun-2025,Neurology,115,59455,517,1061.696429,14.2,33.2,Clopidogrel,28,1120,Aspirin,11,14916,0,0,1,3.8
14-Jun-2025,Gynecology & OBG,43,22876,532,714.875,9.1,22.1,Metronidazole,6,588,Iron-Folic Acid,2,3376,0,0,0,4.51
14-Jun-2025,Pediatrics,471,322164,684,1431.84,19.2,49.2,Amoxicillin Syrup,55,8965,Paracetamol Syrup,23,22103,0,0,3,4.45
14-Jun-2025,Orthopedics,45,16020,356,445,16.3,22.3,Diclofenac,10,1310,Paracetamol,3,4317,0,0,0,4.59
14-Jun-2025,Cardiology,299,187473,627,1292.917241,13.6,32.6,Aspirin,84,11088,Clopidogrel,27,48411,0,0,1,3.51
14-Jun-2025,Pulmonology,36,20736,576,691.2,11.7,35.7,Budesonide,6,1002,Budesonide,1,1546,0,0,0,3.46
15-Jun-2025,General Medicine,127,34544,272,359.8333333,18.5,24.5,Metformin,12,2340,Paracetamol,8,4432,0,0,1,4.04
15-Jun-2025,General Surgery,51,48705,955,1571.129032,15,24,Diclofenac,9,1728,Ceftriaxone,3,2238,0,0,0,4.08
15-Jun-2025,Nephrology,87,72732,836,2078.057143,17.8,43.8,Sevelamer,20,2660,Erythropoietin,5,7125,0,0,0,3.36
15-Jun-2025,Neurology,61,16653,273,666.12,19.5,25.5,Levetiracetam,17,731,Clopidogrel,6,5778,0,0,0,4.23
15-Jun-2025,Gynecology & OBG,69,21804,316,474,5.7,10.7,Oxytocin,10,1210,Metronidazole,4,7944,0,0,0,3.89
15-Jun-2025,Pediatrics,63,30555,485,1018.5,14.5,29.5,Paracetamol Syrup,9,585,Amoxicillin Syrup,0,0,0,0,0,3.43
15-Jun-2025,Orthopedics,30,10050,335,670,11.7,19.7,Paracetamol,3,360,Vitamin D3,2,2918,0,0,0,3.95
15-Jun-2025,Cardiology,154,192192,1248,2562.56,17.9,31.9,Amiodarone,44,4928,Amiodarone,3,6000,0,0,0,4.03
15-Jun-2025,Pulmonology,66,27588,418,672.8780488,10.1,24.1,Salbutamol Inhaler,6,864,Budesonide,0,0,0,0,0,3.35
16-Jun-2025,General Medicine,340,199240,586,1237.515528,15.9,36.9,Amlodipine,91,8463,Metformin,22,31372,0,0,1,3.72
16-Jun-2025,General Surgery,135,85455,633,871.9897959,7.5,22.5,Ceftriaxone,16,1856,Tramadol,5,4065,0,0,0,4.34
16-Jun-2025,Nephrology,48,40800,850,1360,8.7,16.7,Furosemide,12,1020,Tacrolimus,2,1426,0,0,0,3.82
16-Jun-2025,Neurology,127,62484,492,637.5918367,7.4,20.4,Levetiracetam,22,2816,Sodium Valproate,0,0,0,0,1,3.85
16-Jun-2025,Gynecology & OBG,39,9204,236,340.8888889,14.8,27.8,Iron-Folic Acid,8,1384,Metronidazole,2,1416,0,0,0,3.61
16-Jun-2025,Pediatrics,273,58968,216,322.2295082,14.1,27.1,Amoxicillin Syrup,39,6513,Paracetamol Syrup,7,10038,0,0,0,3.61
16-Jun-2025,Orthopedics,153,43146,282,575.28,6.9,29.9,Vitamin D3,20,2240,Paracetamol,12,23604,0,0,0,4.01
16-Jun-2025,Cardiology,112,99232,886,1210.146341,17.7,38.7,Amiodarone,25,3200,Atorvastatin,1,1665,0,0,0,4.36
16-Jun-2025,Pulmonology,57,29412,516,754.1538462,8.8,36.8,Azithromycin,6,972,Salbutamol Inhaler,1,1824,0,0,0,4.47
17-Jun-2025,General Medicine,254,68580,270,665.8252427,19.3,25.3,Paracetamol,73,2263,Amoxicillin,4,2984,0,0,1,3.82
17-Jun-2025,General Surgery,67,41138,614,914.1777778,10.6,40.6,Pantoprazole,14,364,Diclofenac,1,557,0,0,0,4.53
17-Jun-2025,Nephrology,96,58176,606,775.68,8.3,17.3,Erythropoietin,22,4290,Sevelamer,4,4736,0,0,0,4.48
17-Jun-2025,Neurology,38,11400,300,542.8571429,17.9,32.9,Clopidogrel,11,2024,Sodium Valproate,1,1307,0,0,0,4.3
17-Jun-2025,Gynecology & OBG,66,44484,674,1482.8,18.4,43.4,Calcium,9,1377,Iron-Folic Acid,2,3140,0,0,0,4.44
17-Jun-2025,Pediatrics,546,338520,620,1387.377049,9.4,17.4,ORS,139,19321,Salbutamol,39,47580,0,1,4,3.96
17-Jun-2025,Orthopedics,60,29400,490,753.8461538,19.5,47.5,Vitamin D3,17,833,Diclofenac,5,6350,0,0,0,3.76
17-Jun-2025,Cardiology,165,245190,1486,3143.461538,9.5,32.5,Aspirin,34,1632,Aspirin,1,1651,0,0,0,3.63
17-Jun-2025,Pulmonology,247,209950,850,1926.146789,8.3,13.3,Montelukast,62,6448,Azithromycin,2,1184,0,0,0,4.26
18-Jun-2025,General Medicine,293,62116,212,492.984127,11.3,30.3,Paracetamol,61,3111,Paracetamol,20,11540,0,0,0,3.87
18-Jun-2025,General Surgery,116,108228,933,1202.533333,13.2,41.2,Diclofenac,22,1848,Ceftriaxone,0,0,0,0,1,4.7
18-Jun-2025,Nephrology,73,101762,1394,2035.24,5.9,13.9,Erythropoietin,18,1512,Furosemide,3,5787,0,0,0,4.42
18-Jun-2025,Neurology,81,44145,545,679.1538462,9.4,18.4,Aspirin,13,299,Sodium Valproate,2,2634,0,0,0,4.56
18-Jun-2025,Gynecology & OBG,94,32806,349,841.1794872,16.2,39.2,Calcium,27,5373,Oxytocin,4,5784,0,0,0,4.29
18-Jun-2025,Pediatrics,286,57200,200,501.754386,7.7,33.7,Paracetamol Syrup,72,1584,Amoxicillin Syrup,7,7938,0,0,2,4.34
18-Jun-2025,Orthopedics,124,71176,574,711.76,12.1,24.1,Diclofenac,33,4521,Vitamin D3,6,3012,0,0,1,3.76
18-Jun-2025,Cardiology,123,123123,1001,2052.05,8.8,18.8,Atorvastatin,25,4800,Aspirin,0,0,0,0,1,4.83
18-Jun-2025,Pulmonology,77,59444,772,1748.352941,5.9,26.9,Azithromycin,8,1440,Azithromycin,0,0,0,0,0,4.6
19-Jun-2025,General Medicine,186,59892,322,809.3513514,6.7,29.7,Paracetamol,46,6256,Metformin,15,26685,0,0,1,4.37
19-Jun-2025,General Surgery,91,53508,588,1216.090909,11.6,29.6,Ceftriaxone,21,3486,Pantoprazole,0,0,0,0,0,4.42
19-Jun-2025,Nephrology,45,36405,809,1300.178571,17.6,37.6,Sevelamer,7,168,Sevelamer,4,4060,0,0,0,4.73
19-Jun-2025,Neurology,36,24912,692,1384,10.4,32.4,Levetiracetam,4,204,Clopidogrel,0,0,0,0,0,3.79
19-Jun-2025,Gynecology & OBG,78,30498,391,586.5,19.6,37.6,Metronidazole,21,441,Oxytocin,7,7140,0,0,0,3.92
19-Jun-2025,Pediatrics,84,41244,491,1031.1,18.9,48.9,ORS,14,1960,Paracetamol Syrup,8,8240,0,0,0,3.78
19-Jun-2025,Orthopedics,66,39600,600,900,18.4,33.4,Paracetamol,8,616,Paracetamol,3,2910,0,0,0,4.55
19-Jun-2025,Cardiology,367,390855,1065,2505.480769,13,25,Aspirin,79,7031,Amiodarone,26,32058,0,1,3,3.29
19-Jun-2025,Pulmonology,78,77532,994,1582.285714,5.2,22.2,Budesonide,19,1026,Budesonide,2,2866,0,0,0,4.48
20-Jun-2025,General Medicine,170,50490,297,431.5384615,6.1,23.1,Metformin,44,5060,Amlodipine,4,2528,0,0,0,4.79
20-Jun-2025,General Surgery,78,37986,487,904.4285714,19.7,35.7,Diclofenac,18,2898,Tramadol,5,6115,0,0,0,3.64
20-Jun-2025,Nephrology,124,94240,760,1570.666667,13.2,22.2,Tacrolimus,17,340,Erythropoietin,3,2196,0,0,1,3.92
20-Jun-2025,Neurology,169,74529,441,993.72,16.2,38.2,Clopidogrel,24,4632,Clopidogrel,8,5704,0,0,1,3.98
20-Jun-2025,Gynecology & OBG,77,49819,647,1509.666667,13.1,34.1,Oxytocin,7,630,Oxytocin,3,5208,0,0,0,3.63
20-Jun-2025,Pediatrics,239,63813,267,554.8956522,11.5,40.5,Amoxicillin Syrup,42,7728,Paracetamol Syrup,6,8820,0,0,2,4.16
20-Jun-2025,Orthopedics,30,15960,532,886.6666667,17.4,42.4,Paracetamol,6,714,Vitamin D3,2,3414,0,0,0,3.94
20-Jun-2025,Cardiology,297,356697,1201,2477.0625,14.9,39.9,Atorvastatin,59,3127,Atorvastatin,26,31434,0,0,0,4.25
20-Jun-2025,Pulmonology,238,217770,915,1893.652174,9.8,33.8,Azithromycin,60,2340,Salbutamol Inhaler,1,694,0,0,2,3.61
21-Jun-2025,General Medicine,186,49662,267,352.212766,7.5,13.5,Metformin,36,4608,Metformin,5,4715,0,0,0,4.73
21-Jun-2025,General Surgery,85,39015,459,1083.75,5.7,15.7,Tramadol,19,2242,Diclofenac,3,3129,0,0,0,3.88
21-Jun-2025,Nephrology,182,161252,886,2015.65,12.3,33.3,Erythropoietin,48,1392,Sevelamer,9,17982,0,0,0,3.47
21-Jun-2025,Neurology,42,9282,221,442,6.4,17.4,Aspirin,10,530,Sodium Valproate,2,2394,0,0,0,4.59
21-Jun-2025,Gynecology & OBG,42,23604,562,843,5.6,35.6,Metronidazole,4,416,Iron-Folic Acid,4,7300,0,0,0,4.32
21-Jun-2025,Pediatrics,350,191800,548,830.3030303,12.9,35.9,Salbutamol,59,10974,ORS,23,30659,0,1,3,4
21-Jun-2025,Orthopedics,187,49368,264,580.8,9.5,35.5,Paracetamol,52,3744,Calcium,15,9975,0,0,0,4.41
21-Jun-2025,Cardiology,112,117712,1051,1471.4,10.6,33.6,Amiodarone,16,1840,Clopidogrel,4,2852,0,0,1,4.28
21-Jun-2025,Pulmonology,90,60390,671,1589.210526,12.1,25.1,Budesonide,26,2418,Budesonide,9,15957,0,0,0,4.08
22-Jun-2025,General Medicine,244,73932,303,710.8846154,19.8,32.8,Amlodipine,39,6903,Metformin,19,29925,0,0,2,4.78
22-Jun-2025,General Surgery,32,24736,773,1546,14.4,35.4,Pantoprazole,8,320,Ceftriaxone,2,2790,0,0,0,3.31
22-Jun-2025,Nephrology,52,70200,1350,2064.705882,12.1,23.1,Sevelamer,10,1320,Tacrolimus,5,8140,0,0,0,4.2
22-Jun-2025,Neurology,28,9688,346,605.5,18.4,25.4,Sodium Valproate,7,434,Sodium Valproate,1,1625,0,0,0,3.45
22-Jun-2025,Gynecology & OBG,63,27783,441,1029,15.5,42.5,Calcium,14,546,Oxytocin,6,6456,0,0,0,3.82
22-Jun-2025,Pediatrics,157,55421,353,595.9247312,13.8,20.8,Salbutamol,27,3726,Salbutamol,10,17140,0,0,0,4.75
22-Jun-2025,Orthopedics,75,42900,572,739.6551724,14.5,28.5,Vitamin D3,17,1411,Vitamin D3,4,7900,0,0,0,3.29
22-Jun-2025,Cardiology,142,168270,1185,2670.952381,6.7,33.7,Aspirin,14,1498,Aspirin,13,6838,0,0,0,3.86
22-Jun-2025,Pulmonology,78,77142,989,1836.714286,7.4,36.4,Salbutamol Inhaler,11,792,Montelukast,5,3210,0,0,0,4.43
23-Jun-2025,General Medicine,316,200976,636,1425.361702,19.7,31.7,Metformin,70,10570,Amoxicillin,20,23140,0,0,2,3.71
23-Jun-2025,General Surgery,115,47955,417,959.1,14,41,Ceftriaxone,27,2646,Pantoprazole,6,9600,0,0,0,3.72
23-Jun-2025,Nephrology,207,132894,642,1444.5,5.7,12.7,Erythropoietin,20,1000,Sevelamer,7,11382,0,0,2,4.45
23-Jun-2025,Neurology,85,41140,484,596.2318841,7.3,20.3,Levetiracetam,19,3211,Sodium Valproate,6,8316,0,0,0,4.25
23-Jun-2025,Gynecology & OBG,64,40640,635,1270,10.9,22.9,Iron-Folic Acid,18,2754,Calcium,2,2284,0,0,0,3.77
23-Jun-2025,Pediatrics,476,213724,449,1012.909953,16.1,25.1,Amoxicillin Syrup,133,2660,ORS,5,3435,0,1,4,4.56
23-Jun-2025,Orthopedics,106,23002,217,280.5121951,9.8,25.8,Paracetamol,25,4300,Paracetamol,6,7914,0,0,0,4.3
23-Jun-2025,Cardiology,132,142164,1077,1407.564356,6.9,12.9,Amiodarone,34,1768,Amiodarone,5,6750,0,0,0,3.62
23-Jun-2025,Pulmonology,196,186592,952,1964.126316,15.6,25.6,Montelukast,50,2250,Azithromycin,4,4336,0,0,1,3.88
24-Jun-2025,General Medicine,160,74240,464,1003.243243,11.9,37.9,Metformin,47,2585,Amlodipine,15,20790,0,0,0,4.24
24-Jun-2025,General Surgery,60,35340,589,1178,5.3,12.3,Ceftriaxone,18,2844,Tramadol,3,3942,0,0,0,3.77
24-Jun-2025,Nephrology,52,66820,1285,1909.142857,17.1,33.1,Erythropoietin,6,480,Erythropoietin,2,3306,0,0,0,4.95
24-Jun-2025,Neurology,120,33720,281,648.4615385,12.7,18.7,Levetiracetam,23,2139,Aspirin,6,10368,0,0,0,4.04
24-Jun-2025,Gynecology & OBG,30,15000,500,625,5.1,28.1,Metronidazole,7,910,Calcium,3,4473,0,0,0,4.41
24-Jun-2025,Pediatrics,489,271884,556,1276.450704,13.1,39.1,ORS,88,6776,Paracetamol Syrup,44,35684,0,0,2,4.39
24-Jun-2025,Orthopedics,49,21511,439,614.6,17.8,24.8,Calcium,9,522,Diclofenac,0,0,0,0,0,3.96
24-Jun-2025,Cardiology,248,301568,1216,3141.333333,19.4,34.4,Amiodarone,24,4656,Atorvastatin,13,13858,0,0,1,4.23
24-Jun-2025,Pulmonology,120,63840,532,1204.528302,16.3,28.3,Azithromycin,28,2240,Montelukast,9,5895,0,0,0,4.76
25-Jun-2025,General Medicine,305,62830,206,330.6842105,8,32,Paracetamol,62,1922,Paracetamol,1,1118,0,0,3,3.34
25-Jun-2025,General Surgery,128,62464,488,1041.066667,12.3,40.3,Diclofenac,17,1904,Pantoprazole,4,7180,0,0,0,3.8
25-Jun-2025,Nephrology,45,65970,1466,2443.333333,15.4,21.4,Furosemide,7,1295,Sevelamer,0,0,0,0,0,4.17
25-Jun-2025,Neurology,49,30331,619,842.5277778,16.6,29.6,Sodium Valproate,13,364,Aspirin,2,1530,0,0,0,4.4
25-Jun-2025,Gynecology & OBG,53,25175,475,839.1666667,19.3,30.3,Iron-Folic Acid,8,1576,Metronidazole,2,2102,0,0,0,4.18
25-Jun-2025,Pediatrics,262,155104,592,1281.85124,17.7,22.7,Amoxicillin Syrup,37,925,Amoxicillin Syrup,20,16780,0,0,2,4.39
25-Jun-2025,Orthopedics,128,71552,559,1192.533333,8.4,34.4,Diclofenac,21,3255,Vitamin D3,11,8855,0,0,1,3.4
25-Jun-2025,Cardiology,264,247368,937,2290.444444,16.8,28.8,Clopidogrel,56,10024,Amiodarone,7,9219,0,0,1,4.27
25-Jun-2025,Pulmonology,120,100440,837,1046.25,14.3,38.3,Azithromycin,30,4830,Montelukast,11,18062,0,0,1,3.74
26-Jun-2025,General Medicine,486,120042,247,519.6623377,12.8,23.8,Metformin,110,6820,Amoxicillin,47,68432,0,1,1,3.91
26-Jun-2025,General Surgery,52,50544,972,1444.114286,5.8,25.8,Diclofenac,13,2496,Pantoprazole,3,3906,0,0,0,3.75
26-Jun-2025,Nephrology,63,87381,1387,1941.8,10.6,35.6,Erythropoietin,7,266,Tacrolimus,6,8574,0,0,0,4.16
26-Jun-2025,Neurology,42,24444,582,698.4,7.6,18.6,Levetiracetam,11,1199,Aspirin,2,2160,0,0,0,3.78
26-Jun-2025,Gynecology & OBG,148,32708,221,454.2777778,16.7,23.7,Metronidazole,34,2142,Calcium,2,3704,0,0,1,3.94
26-Jun-2025,Pediatrics,243,71928,296,705.1764706,15.9,30.9,Salbutamol,33,1551,Salbutamol,18,14058,0,0,0,4.52
26-Jun-2025,Orthopedics,60,33960,566,1132,5.6,21.6,Vitamin D3,18,1944,Paracetamol,1,1875,0,0,0,3.29
26-Jun-2025,Cardiology,329,245105,745,1531.90625,17.6,33.6,Clopidogrel,38,5890,Amiodarone,3,1665,0,0,2,4.24
26-Jun-2025,Pulmonology,110,64130,583,1034.354839,11.6,31.6,Montelukast,25,4900,Montelukast,7,6706,0,0,0,4.27
27-Jun-2025,General Medicine,178,82414,463,605.9852941,15.6,23.6,Amlodipine,48,8928,Amlodipine,4,7700,0,0,1,3.59
27-Jun-2025,General Surgery,130,123240,948,2200.714286,10.9,30.9,Tramadol,35,2800,Tramadol,7,5887,0,0,0,3.75
27-Jun-2025,Nephrology,92,72220,785,1641.363636,14.2,36.2,Furosemide,14,434,Furosemide,3,3420,0,0,0,4.59
27-Jun-2025,Neurology,50,10750,215,430,15.9,34.9,Sodium Valproate,15,540,Clopidogrel,4,3412,0,0,0,4.13
27-Jun-2025,Gynecology & OBG,42,15918,379,884.3333333,9.8,19.8,Metronidazole,8,456,Iron-Folic Acid,4,2168,0,0,0,3.72
27-Jun-2025,Pediatrics,213,109695,515,1246.534091,7.5,31.5,Paracetamol Syrup,21,2268,ORS,16,10640,0,0,0,4.78
27-Jun-2025,Orthopedics,36,24516,681,1021.5,8,35,Diclofenac,9,1341,Vitamin D3,0,0,0,0,0,4.56
27-Jun-2025,Cardiology,72,73656,1023,1534.5,14.9,39.9,Aspirin,8,584,Clopidogrel,6,7392,0,0,0,3.99
27-Jun-2025,Pulmonology,118,57938,491,742.7948718,18.6,25.6,Budesonide,22,4004,Salbutamol Inhaler,2,1834,0,0,1,3.67
28-Jun-2025,General Medicine,205,73185,357,804.2307692,19.3,30.3,Amlodipine,30,4020,Amoxicillin,2,1260,0,0,2,4.24
28-Jun-2025,General Surgery,134,128640,960,2297.142857,19,40,Tramadol,35,1050,Tramadol,13,13364,0,0,1,3.7
28-Jun-2025,Nephrology,66,79992,1212,2666.4,9.6,18.6,Furosemide,14,1848,Erythropoietin,2,2786,0,0,0,3.33
28-Jun-2025,Neurology,122,48922,401,643.7105263,16.4,46.4,Levetiracetam,34,1224,Sodium Valproate,4,7848,0,0,1,3.62
28-Jun-2025,Gynecology & OBG,189,107919,571,1199.1,15.4,27.4,Metronidazole,53,5406,Calcium,13,21437,0,0,0,4.31
28-Jun-2025,Pediatrics,217,87234,402,641.4264706,19.9,49.9,Paracetamol Syrup,37,2331,Paracetamol Syrup,17,30039,0,0,0,4.08
28-Jun-2025,Orthopedics,55,11660,212,353.3333333,7.2,35.2,Vitamin D3,5,895,Vitamin D3,2,2364,0,0,0,3.5
28-Jun-2025,Cardiology,255,349095,1369,2181.84375,10.8,28.8,Atorvastatin,70,9730,Atorvastatin,7,7119,0,0,0,4.19
28-Jun-2025,Pulmonology,96,61152,637,1274,13.5,19.5,Azithromycin,14,2450,Budesonide,1,917,0,0,0,3.65
29-Jun-2025,General Medicine,236,95580,405,995.625,16.2,36.2,Paracetamol,61,10370,Paracetamol,1,780,0,0,2,3.71
29-Jun-2025,General Surgery,18,14616,812,1624,6.7,12.7,Ceftriaxone,2,176,Pantoprazole,0,0,0,0,0,3.58
29-Jun-2025,Nephrology,40,34360,859,1321.538462,8.8,36.8,Sevelamer,5,275,Erythropoietin,4,7952,0,0,0,4.39
29-Jun-2025,Neurology,51,15045,295,626.875,18.4,43.4,Aspirin,11,330,Levetiracetam,0,0,0,0,0,3.56
29-Jun-2025,Gynecology & OBG,52,36140,695,1290.714286,15.7,45.7,Metronidazole,10,500,Iron-Folic Acid,5,7085,0,0,0,3.44
29-Jun-2025,Pediatrics,140,86660,619,1111.025641,13.1,28.1,Amoxicillin Syrup,25,2200,Paracetamol Syrup,5,8750,0,0,1,4.01
29-Jun-2025,Orthopedics,53,17967,339,460.6923077,9.5,18.5,Calcium,7,1099,Vitamin D3,0,0,0,0,0,3.58
29-Jun-2025,Cardiology,172,122636,713,1495.560976,9,34,Clopidogrel,26,2496,Amiodarone,2,2450,0,0,0,4.46
29-Jun-2025,Pulmonology,56,22512,402,865.8461538,10,23,Salbutamol Inhaler,5,700,Azithromycin,2,3232,0,0,0,3.57
30-Jun-2025,General Medicine,349,164030,470,1086.291391,17.7,30.7,Paracetamol,76,15124,Amoxicillin,3,5697,0,1,2,4.63
30-Jun-2025,General Surgery,122,109068,894,1983.054545,18,36,Diclofenac,23,3887,Ceftriaxone,0,0,0,0,0,4.17
30-Jun-2025,Nephrology,64,82880,1295,1657.6,14.7,33.7,Sevelamer,10,1400,Sevelamer,0,0,0,0,0,4.61
30-Jun-2025,Neurology,95,63650,670,1552.439024,8.2,29.2,Levetiracetam,13,2587,Sodium Valproate,5,4745,0,0,0,3.4
30-Jun-2025,Gynecology & OBG,117,57798,494,1133.294118,20,27,Calcium,31,2356,Calcium,9,11493,0,0,1,4.82
30-Jun-2025,Pediatrics,290,183570,633,966.1578947,17.1,31.1,ORS,83,12367,Paracetamol Syrup,19,33136,0,0,2,4.56
30-Jun-2025,Orthopedics,226,84298,373,766.3454545,9.6,30.6,Paracetamol,48,2400,Vitamin D3,18,18450,0,0,0,3.63
30-Jun-2025,Cardiology,161,163898,1018,1377.294118,16.8,39.8,Aspirin,40,1080,Amiodarone,14,25816,0,0,1,3.89
30-Jun-2025,Pulmonology,141,65988,468,795.0361446,14.4,39.4,Budesonide,38,1482,Budesonide,5,6915,0,0,1,4.92
1-Jul-2025,General Medicine,85,41990,494,893.4042553,8.1,34.1,Metformin,22,2882,Metformin,7,12320,0,0,0,4.33
1-Jul-2025,General Surgery,132,110748,839,1977.642857,14.5,28.5,Ceftriaxone,27,4779,Diclofenac,0,0,0,0,0,4.23
1-Jul-2025,Nephrology,72,69192,961,2162.25,15.6,26.6,Sevelamer,7,448,Erythropoietin,4,2372,0,0,0,4.11
1-Jul-2025,Neurology,66,42306,641,961.5,14,39,Levetiracetam,10,740,Levetiracetam,4,4688,0,0,0,4.41
1-Jul-2025,Gynecology & OBG,96,55200,575,1254.545455,6.8,31.8,Oxytocin,24,4464,Oxytocin,8,8744,0,0,0,4.26
1-Jul-2025,Pediatrics,220,142340,647,889.625,11.3,35.3,Amoxicillin Syrup,64,8576,Salbutamol,3,1578,0,0,2,3.86
1-Jul-2025,Orthopedics,20,11120,556,741.3333333,14.8,39.8,Paracetamol,6,360,Diclofenac,0,0,0,0,0,4.5
1-Jul-2025,Cardiology,210,200550,955,1474.632353,6.5,20.5,Clopidogrel,38,5814,Clopidogrel,11,8129,0,0,0,4.25
1-Jul-2025,Pulmonology,30,13920,464,773.3333333,13.2,20.2,Azithromycin,4,636,Budesonide,2,3758,0,0,0,4.69
2-Jul-2025,General Medicine,266,103740,390,902.0869565,10.4,19.4,Paracetamol,42,6216,Metformin,7,9576,0,0,0,4.66
2-Jul-2025,General Surgery,90,41040,456,684,19.5,48.5,Ceftriaxone,24,2952,Diclofenac,1,1013,0,0,0,4.28
2-Jul-2025,Nephrology,73,66503,911,2216.766667,13.8,33.8,Sevelamer,19,3572,Tacrolimus,3,2706,0,0,0,4.45
2-Jul-2025,Neurology,76,51452,677,1607.875,6.1,15.1,Aspirin,14,504,Sodium Valproate,2,1026,0,0,0,4.3
2-Jul-2025,Gynecology & OBG,116,30972,267,645.25,6.9,22.9,Iron-Folic Acid,11,1177,Calcium,8,5128,0,0,1,4.6
2-Jul-2025,Pediatrics,234,75582,323,442,12.3,24.3,Salbutamol,41,7913,ORS,1,598,0,0,2,3.88
2-Jul-2025,Orthopedics,70,23310,333,777,10.1,19.1,Calcium,9,1224,Calcium,0,0,0,0,0,3.34
2-Jul-2025,Cardiology,148,174048,1176,1740.48,14.4,26.4,Amiodarone,29,3364,Amiodarone,1,695,0,0,0,4.12
2-Jul-2025,Pulmonology,120,72840,607,1428.235294,9.7,18.7,Montelukast,25,4225,Salbutamol Inhaler,3,4155,0,0,1,4.07
3-Jul-2025,General Medicine,97,59946,618,1275.446809,6.1,25.1,Amlodipine,23,2553,Amlodipine,6,4968,0,0,0,4.3
3-Jul-2025,General Surgery,83,59760,720,1245,9.5,23.5,Tramadol,19,627,Tramadol,4,2504,0,0,0,4.43
3-Jul-2025,Nephrology,105,108570,1034,1277.294118,11.6,30.6,Furosemide,29,2349,Sevelamer,6,4860,0,0,0,4.77
3-Jul-2025,Neurology,84,39564,471,989.1,5.8,13.8,Clopidogrel,12,444,Sodium Valproate,8,13152,0,0,0,4.11
3-Jul-2025,Gynecology & OBG,76,38304,504,1064,14.5,29.5,Metronidazole,18,1170,Metronidazole,6,5088,0,0,0,4.31
3-Jul-2025,Pediatrics,293,133901,457,1054.338583,6.5,27.5,Amoxicillin Syrup,63,9513,ORS,1,1442,0,0,2,4.45
3-Jul-2025,Orthopedics,63,29295,465,1046.25,16.8,46.8,Vitamin D3,15,1200,Vitamin D3,6,9168,0,0,0,4.13
3-Jul-2025,Cardiology,282,259158,919,1919.688889,12.5,22.5,Atorvastatin,51,6222,Aspirin,21,33390,0,0,0,4.12
3-Jul-2025,Pulmonology,87,37323,429,794.106383,7.7,22.7,Salbutamol Inhaler,8,448,Budesonide,0,0,0,0,0,4.14
4-Jul-2025,General Medicine,249,156870,630,866.6850829,7.4,28.4,Amoxicillin,47,1457,Paracetamol,10,11440,0,0,2,3.43
4-Jul-2025,General Surgery,126,69678,553,733.4526316,16.9,41.9,Pantoprazole,31,4433,Pantoprazole,10,18910,0,0,0,3.67
4-Jul-2025,Nephrology,87,61683,709,881.1857143,10.1,38.1,Erythropoietin,13,2353,Erythropoietin,4,2628,0,0,0,3.65
4-Jul-2025,Neurology,152,41040,270,684,17.7,35.7,Sodium Valproate,44,1936,Sodium Valproate,8,4664,0,0,1,4.79
4-Jul-2025,Gynecology & OBG,226,99440,440,994.4,10.3,34.3,Oxytocin,41,4920,Metronidazole,4,4132,0,0,0,3.82
4-Jul-2025,Pediatrics,196,102312,522,651.6687898,17.7,46.7,ORS,27,4968,Amoxicillin Syrup,14,7980,0,0,1,4.46
4-Jul-2025,Orthopedics,134,42210,315,659.53125,8.4,34.4,Calcium,14,2408,Vitamin D3,13,12389,0,0,0,3.86
4-Jul-2025,Cardiology,230,231840,1008,1566.486486,7.9,27.9,Clopidogrel,57,7581,Amiodarone,20,21000,0,0,1,3.94
4-Jul-2025,Pulmonology,42,34398,819,1911,8.2,32.2,Azithromycin,7,980,Montelukast,1,1478,0,0,0,3.97
5-Jul-2025,General Medicine,403,233337,579,1166.685,12.1,21.1,Metformin,52,2912,Metformin,11,7106,0,0,0,3.43
5-Jul-2025,General Surgery,51,50133,983,1392.583333,13.4,22.4,Diclofenac,14,1918,Ceftriaxone,4,2132,0,0,0,4.4
5-Jul-2025,Nephrology,40,32600,815,1018.75,16.2,33.2,Erythropoietin,9,1620,Furosemide,0,0,0,0,0,3.89
5-Jul-2025,Neurology,90,24480,272,612,9.4,24.4,Levetiracetam,15,600,Levetiracetam,6,10356,0,0,0,4.44
5-Jul-2025,Gynecology & OBG,76,47196,621,786.6,18.5,27.5,Iron-Folic Acid,17,901,Iron-Folic Acid,5,4975,0,0,0,3.68
5-Jul-2025,Pediatrics,96,43200,450,785.4545455,8.5,35.5,Salbutamol,12,348,Paracetamol Syrup,9,10341,0,0,0,3.35
5-Jul-2025,Orthopedics,161,54740,340,805,11.2,41.2,Diclofenac,38,1254,Paracetamol,8,6312,0,0,1,4.32
5-Jul-2025,Cardiology,162,135594,837,1937.057143,7.4,21.4,Aspirin,32,3008,Clopidogrel,3,1686,0,0,0,3.65
5-Jul-2025,Pulmonology,100,83100,831,1079.220779,12.5,30.5,Montelukast,16,2704,Montelukast,9,17307,0,0,1,3.57
6-Jul-2025,General Medicine,158,72048,456,960.64,7.2,22.2,Amlodipine,47,7426,Amlodipine,2,1912,0,0,0,4.08
6-Jul-2025,General Surgery,84,64848,772,1296.96,6.9,22.9,Diclofenac,17,1683,Diclofenac,7,4795,0,0,0,4.55
6-Jul-2025,Nephrology,61,74359,1219,1956.815789,11.3,18.3,Furosemide,9,1755,Furosemide,6,11442,0,0,0,3.6
6-Jul-2025,Neurology,24,7056,294,441,6.5,23.5,Clopidogrel,7,469,Levetiracetam,2,3262,0,0,0,4.13
6-Jul-2025,Gynecology & OBG,91,58786,646,1679.6,13.1,37.1,Calcium,26,754,Iron-Folic Acid,5,4550,0,0,0,4.03
6-Jul-2025,Pediatrics,72,49176,683,983.52,13.4,37.4,Salbutamol,16,1296,Paracetamol Syrup,4,7064,0,0,0,3.92
6-Jul-2025,Orthopedics,87,59595,685,1191.9,8.6,38.6,Paracetamol,16,1936,Diclofenac,3,5535,0,0,0,4.55
6-Jul-2025,Cardiology,108,79380,735,1240.3125,5.4,19.4,Atorvastatin,13,1794,Clopidogrel,2,3308,0,0,0,3.46
6-Jul-2025,Pulmonology,34,31620,930,1860,6.4,35.4,Salbutamol Inhaler,3,168,Budesonide,0,0,0,0,0,4.57
7-Jul-2025,General Medicine,324,202176,624,1296,17.7,42.7,Paracetamol,53,9169,Amoxicillin,25,24600,0,0,1,4.92
7-Jul-2025,General Surgery,242,150040,620,1364,12.6,24.6,Ceftriaxone,47,7238,Ceftriaxone,14,17864,0,0,0,4.29
7-Jul-2025,Nephrology,160,129280,808,1901.176471,16.2,28.2,Furosemide,43,5891,Tacrolimus,4,5092,0,0,1,4.03
7-Jul-2025,Neurology,54,14310,265,530,6.1,17.1,Sodium Valproate,7,1316,Aspirin,1,1077,0,0,0,3.9
7-Jul-2025,Gynecology & OBG,193,131240,680,1508.505747,17.9,37.9,Iron-Folic Acid,46,5888,Oxytocin,9,10647,0,0,0,4.43
7-Jul-2025,Pediatrics,253,107019,423,877.204918,8.9,20.9,Paracetamol Syrup,44,8712,ORS,14,13370,0,0,0,3.56
7-Jul-2025,Orthopedics,110,36960,336,577.5,11.8,34.8,Calcium,17,1921,Paracetamol,9,10557,0,0,0,3.58
7-Jul-2025,Cardiology,124,149544,1206,2534.644068,19.3,24.3,Clopidogrel,16,752,Atorvastatin,10,6580,0,0,0,4.45
7-Jul-2025,Pulmonology,195,108810,558,1310.963855,8.9,32.9,Budesonide,47,6674,Azithromycin,19,15162,0,0,1,4.43
8-Jul-2025,General Medicine,447,105939,237,572.6432432,10.4,35.4,Amlodipine,101,11716,Amlodipine,34,31280,0,1,4,4.14
8-Jul-2025,General Surgery,126,92736,736,1656,9.9,33.9,Ceftriaxone,13,1170,Pantoprazole,4,3264,0,0,1,3.76
8-Jul-2025,Nephrology,99,144144,1456,2002,18.9,43.9,Furosemide,11,1628,Furosemide,0,0,0,0,0,3.78
8-Jul-2025,Neurology,45,26730,594,1485,14.8,20.8,Aspirin,10,1040,Aspirin,0,0,0,0,0,3.39
8-Jul-2025,Gynecology & OBG,64,18048,282,601.6,14.2,21.2,Oxytocin,16,1520,Oxytocin,3,2589,0,0,0,3.99
8-Jul-2025,Pediatrics,185,116735,631,799.5547945,7.1,37.1,Paracetamol Syrup,47,3995,Paracetamol Syrup,10,19910,0,0,1,4.84
8-Jul-2025,Orthopedics,77,20559,267,623,12.5,35.5,Paracetamol,12,1584,Diclofenac,2,2694,0,0,0,4.45
8-Jul-2025,Cardiology,168,158592,944,1524.923077,7.1,18.1,Amiodarone,49,5880,Aspirin,7,8253,0,0,1,4.08
8-Jul-2025,Pulmonology,78,35100,450,575.4098361,6.7,21.7,Budesonide,22,3014,Salbutamol Inhaler,1,1774,0,0,0,4.84
9-Jul-2025,General Medicine,211,116050,550,811.5384615,11.1,34.1,Amoxicillin,22,2046,Amlodipine,15,16845,0,0,0,4.02
9-Jul-2025,General Surgery,134,118054,881,2186.185185,6.2,23.2,Pantoprazole,31,1488,Diclofenac,6,9396,0,0,1,4.63
9-Jul-2025,Nephrology,92,111228,1209,1588.971429,6.8,31.8,Erythropoietin,10,570,Sevelamer,4,4944,0,0,0,3.72
9-Jul-2025,Neurology,142,98974,697,1041.831579,10.1,24.1,Levetiracetam,38,4978,Sodium Valproate,13,6799,0,0,1,3.97
9-Jul-2025,Gynecology & OBG,40,8800,220,440,7.7,36.7,Oxytocin,10,250,Metronidazole,0,0,0,0,0,3.93
9-Jul-2025,Pediatrics,175,41650,238,389.2523364,8.7,29.7,Paracetamol Syrup,44,4928,Amoxicillin Syrup,16,24512,0,0,0,3.73
9-Jul-2025,Orthopedics,51,24225,475,757.03125,6.8,15.8,Calcium,12,1140,Paracetamol,4,2816,0,0,0,4.5
9-Jul-2025,Cardiology,366,266448,728,1665.3,13.2,25.2,Aspirin,43,2107,Aspirin,31,19902,0,0,1,4.42
9-Jul-2025,Pulmonology,80,65680,821,1876.571429,7.2,34.2,Salbutamol Inhaler,15,2700,Montelukast,0,0,0,0,0,3.91
10-Jul-2025,General Medicine,506,199364,394,914.5137615,5.3,22.3,Paracetamol,61,11773,Amoxicillin,3,3894,1,0,2,4.78
10-Jul-2025,General Surgery,30,16860,562,843,19.2,42.2,Diclofenac,9,1458,Diclofenac,0,0,0,0,0,3.77
10-Jul-2025,Nephrology,78,47892,614,1140.285714,14.7,19.7,Furosemide,13,1443,Tacrolimus,2,1278,0,0,0,4.62
10-Jul-2025,Neurology,30,9270,309,463.5,9.4,15.4,Levetiracetam,8,248,Sodium Valproate,2,2894,0,0,0,4.62
10-Jul-2025,Gynecology & OBG,174,96222,553,1132.023529,19.9,34.9,Metronidazole,22,792,Calcium,10,16040,0,0,1,3.75
10-Jul-2025,Pediatrics,198,74844,378,613.4754098,11.9,41.9,Paracetamol Syrup,57,9177,Salbutamol,15,7665,0,0,0,3.83
10-Jul-2025,Orthopedics,35,15750,450,562.5,9.6,25.6,Diclofenac,4,624,Diclofenac,2,2542,0,0,0,3.47
10-Jul-2025,Cardiology,152,152608,1004,2119.555556,6.6,14.6,Aspirin,16,1216,Atorvastatin,0,0,0,0,0,4.44
10-Jul-2025,Pulmonology,135,102330,758,938.8073394,15.7,34.7,Salbutamol Inhaler,20,1640,Budesonide,11,17776,0,0,0,4.3
11-Jul-2025,General Medicine,210,89670,427,1018.977273,16.2,28.2,Amlodipine,46,8004,Metformin,10,9890,0,0,1,4.03
11-Jul-2025,General Surgery,127,102489,807,1205.752941,5.4,12.4,Tramadol,22,3630,Pantoprazole,10,11870,0,0,1,4.37
11-Jul-2025,Nephrology,135,189135,1401,2101.5,18.9,27.9,Furosemide,19,2603,Erythropoietin,5,6680,0,0,1,3.79
11-Jul-2025,Neurology,109,59078,542,984.6333333,8.2,27.2,Clopidogrel,10,1430,Clopidogrel,4,4136,0,0,0,4.07
11-Jul-2025,Gynecology & OBG,76,24624,324,482.8235294,15.5,45.5,Iron-Folic Acid,7,294,Metronidazole,7,9114,0,0,0,4.58
11-Jul-2025,Pediatrics,276,86664,314,656.5454545,13.9,26.9,Salbutamol,72,2376,Amoxicillin Syrup,13,19747,0,0,1,4.35
11-Jul-2025,Orthopedics,68,28560,420,732.3076923,20,45,Vitamin D3,6,858,Calcium,0,0,0,0,0,3.77
11-Jul-2025,Cardiology,63,77490,1230,1937.25,5.8,19.8,Atorvastatin,7,399,Amiodarone,6,4956,0,0,0,3.76
11-Jul-2025,Pulmonology,128,52736,412,1034.039216,5.4,27.4,Salbutamol Inhaler,14,630,Montelukast,1,1010,0,0,1,4.41
12-Jul-2025,General Medicine,272,188768,694,1137.156627,16.4,41.4,Amlodipine,39,1638,Paracetamol,19,37639,0,0,0,4.41
12-Jul-2025,General Surgery,106,59784,564,703.3411765,11.5,30.5,Tramadol,17,1088,Diclofenac,6,11904,0,0,1,3.79
12-Jul-2025,Nephrology,116,121684,1049,2535.083333,16.2,33.2,Furosemide,17,1972,Furosemide,10,18890,0,0,0,3.34
12-Jul-2025,Neurology,74,51652,698,1012.784314,8,19,Aspirin,19,399,Clopidogrel,2,1320,0,0,0,4.31
12-Jul-2025,Gynecology & OBG,28,14784,528,821.3333333,6.3,31.3,Oxytocin,7,1358,Iron-Folic Acid,2,3362,0,0,0,3.81
12-Jul-2025,Pediatrics,314,83210,265,665.68,5.7,18.7,Salbutamol,77,7161,Amoxicillin Syrup,27,37827,0,0,1,3.89
12-Jul-2025,Orthopedics,40,15720,393,655,9,39,Paracetamol,4,196,Paracetamol,2,2500,0,0,0,3.75
12-Jul-2025,Cardiology,126,77364,614,1074.5,9.5,27.5,Aspirin,25,2875,Amiodarone,5,9220,0,0,0,3.34
12-Jul-2025,Pulmonology,120,99360,828,1035,5.4,29.4,Montelukast,33,5775,Budesonide,4,3816,0,0,1,4.39
13-Jul-2025,General Medicine,80,30880,386,735.2380952,18.8,45.8,Metformin,15,2265,Paracetamol,1,1286,0,0,0,4.67
13-Jul-2025,General Surgery,45,23535,523,1238.684211,14.9,21.9,Ceftriaxone,11,550,Tramadol,1,1991,0,0,0,4.58
13-Jul-2025,Nephrology,119,113883,957,2233,19.5,46.5,Erythropoietin,35,4445,Sevelamer,0,0,0,0,1,3.57
13-Jul-2025,Neurology,28,19096,682,1591.333333,15.7,34.7,Levetiracetam,6,522,Aspirin,0,0,0,0,0,4.11
13-Jul-2025,Gynecology & OBG,102,40698,399,992.6341463,15.9,22.9,Calcium,10,1920,Iron-Folic Acid,9,9279,0,0,1,4.84
13-Jul-2025,Pediatrics,230,92460,402,994.1935484,12.4,38.4,Amoxicillin Syrup,32,3520,Paracetamol Syrup,18,26406,0,0,0,4.14
13-Jul-2025,Orthopedics,38,8208,216,432,17,26,Diclofenac,4,712,Calcium,3,4893,0,0,0,4.67
13-Jul-2025,Cardiology,50,47100,942,2140.909091,18.1,36.1,Clopidogrel,14,2688,Aspirin,2,2228,0,0,0,4.01
13-Jul-2025,Pulmonology,53,40333,761,1301.064516,19.6,49.6,Montelukast,15,1290,Azithromycin,2,1796,0,0,0,3.87
14-Jul-2025,General Medicine,205,52685,257,373.6524823,17.4,23.4,Paracetamol,24,4248,Paracetamol,7,7980,0,0,2,4.08
14-Jul-2025,General Surgery,84,66948,797,1312.705882,10.6,21.6,Tramadol,20,1860,Diclofenac,7,13377,0,0,0,4.37
14-Jul-2025,Nephrology,104,74152,713,1426,14.3,27.3,Sevelamer,13,1612,Erythropoietin,6,3864,0,0,1,3.82
14-Jul-2025,Neurology,240,167760,699,1446.206897,10.5,29.5,Aspirin,56,2408,Clopidogrel,7,3570,0,0,2,3.68
14-Jul-2025,Gynecology & OBG,81,21708,268,461.8723404,6.9,33.9,Iron-Folic Acid,17,3179,Metronidazole,5,7700,0,0,0,4.26
14-Jul-2025,Pediatrics,231,94941,411,589.6956522,11.2,19.2,Paracetamol Syrup,27,1350,Salbutamol,6,10200,0,0,2,3.98
14-Jul-2025,Orthopedics,121,81312,672,991.6097561,6.4,22.4,Vitamin D3,13,1989,Paracetamol,10,16720,0,0,0,3.31
14-Jul-2025,Cardiology,163,202446,1242,2699.28,11.9,38.9,Amiodarone,26,2028,Amiodarone,4,6344,0,0,1,3.64
14-Jul-2025,Pulmonology,74,70670,955,2208.4375,8.9,35.9,Montelukast,21,2961,Azithromycin,1,1675,0,0,0,4.22
15-Jul-2025,General Medicine,240,135360,564,825.3658537,13.3,38.3,Amoxicillin,57,6384,Paracetamol,7,6125,0,0,1,3.78
15-Jul-2025,General Surgery,141,119427,847,1257.126316,5.7,14.7,Diclofenac,16,2976,Diclofenac,14,21476,0,0,0,4.39
15-Jul-2025,Nephrology,70,86170,1231,2872.333333,19.2,39.2,Furosemide,11,1353,Tacrolimus,2,2812,0,0,0,3.38
15-Jul-2025,Neurology,30,8700,290,580,9.5,22.5,Clopidogrel,9,459,Levetiracetam,1,1806,0,0,0,4.25
15-Jul-2025,Gynecology & OBG,30,18660,622,933,7.7,33.7,Metronidazole,4,728,Metronidazole,2,3054,0,0,0,4.27
15-Jul-2025,Pediatrics,186,116436,626,1279.516484,17.4,35.4,ORS,41,4510,Amoxicillin Syrup,18,27774,0,0,0,3.5
15-Jul-2025,Orthopedics,42,29022,691,1036.5,11.6,28.6,Diclofenac,11,583,Calcium,2,3414,0,0,0,4.08
15-Jul-2025,Cardiology,80,111440,1393,1955.087719,13.8,24.8,Amiodarone,11,286,Atorvastatin,2,3646,0,0,0,4.65
15-Jul-2025,Pulmonology,108,92880,860,1720,17.4,25.4,Montelukast,26,650,Montelukast,9,7713,0,0,1,3.86
16-Jul-2025,General Medicine,243,164754,678,1408.153846,10.1,36.1,Amlodipine,27,1647,Amoxicillin,12,9816,0,0,1,4.1
16-Jul-2025,General Surgery,99,59004,596,1341,9.7,33.7,Ceftriaxone,18,702,Diclofenac,1,1867,0,0,0,4.42
16-Jul-2025,Nephrology,90,70830,787,1574,10.5,16.5,Tacrolimus,10,910,Tacrolimus,3,4944,0,0,0,4.31
16-Jul-2025,Neurology,30,10980,366,610,20,37,Clopidogrel,8,552,Sodium Valproate,3,4707,0,0,0,4.09
16-Jul-2025,Gynecology & OBG,88,29832,339,828.6666667,19.7,34.7,Calcium,20,1040,Calcium,2,2526,0,0,0,3.81
16-Jul-2025,Pediatrics,300,126600,422,1012.8,10.7,35.7,Salbutamol,41,4059,ORS,17,17697,0,0,2,3.98
16-Jul-2025,Orthopedics,43,11524,268,480.1666667,5.7,28.7,Vitamin D3,5,385,Paracetamol,4,6364,0,0,0,3.46
16-Jul-2025,Cardiology,106,133560,1260,3180,15.5,20.5,Aspirin,25,1525,Amiodarone,7,10136,0,0,0,3.9
16-Jul-2025,Pulmonology,71,62267,877,1297.229167,19.1,33.1,Montelukast,19,665,Montelukast,2,1308,0,0,0,4.64
17-Jul-2025,General Medicine,122,70516,578,766.4782609,7.5,23.5,Amoxicillin,17,527,Paracetamol,1,1473,0,0,1,3.51
17-Jul-2025,General Surgery,57,39102,686,1086.166667,6.2,12.2,Tramadol,16,1504,Tramadol,0,0,0,0,0,3.78
17-Jul-2025,Nephrology,83,118939,1433,1982.316667,15.1,25.1,Erythropoietin,11,649,Sevelamer,8,9616,0,0,0,4.25
17-Jul-2025,Neurology,108,26460,245,352.8,7.7,31.7,Aspirin,18,2250,Clopidogrel,0,0,0,0,1,4.43
17-Jul-2025,Gynecology & OBG,30,13380,446,892,16.4,31.4,Calcium,4,384,Oxytocin,1,715,0,0,0,3.58
17-Jul-2025,Pediatrics,293,157927,539,666.3586498,8.9,38.9,Salbutamol,69,2070,Paracetamol Syrup,22,36146,0,0,1,3.91
17-Jul-2025,Orthopedics,55,32615,593,836.2820513,6.2,31.2,Diclofenac,15,1245,Calcium,3,3804,0,0,0,3.47
17-Jul-2025,Cardiology,104,92976,894,1631.157895,19.9,27.9,Aspirin,10,360,Aspirin,2,1484,0,0,0,4.36
17-Jul-2025,Pulmonology,30,23100,770,1283.333333,8.8,32.8,Montelukast,9,1341,Salbutamol Inhaler,0,0,0,0,0,4.48
18-Jul-2025,General Medicine,228,72504,318,549.2727273,6.4,35.4,Paracetamol,27,2619,Amoxicillin,8,8976,0,0,2,3.77
18-Jul-2025,General Surgery,100,78600,786,1572,17.4,47.4,Ceftriaxone,15,1320,Pantoprazole,3,2352,0,0,1,4.56
18-Jul-2025,Nephrology,123,90405,735,1506.75,7.3,22.3,Furosemide,22,1364,Erythropoietin,4,7904,0,0,0,4.01
18-Jul-2025,Neurology,80,19360,242,403.3333333,12.6,39.6,Aspirin,9,666,Sodium Valproate,6,11508,0,0,0,4.47
18-Jul-2025,Gynecology & OBG,151,55417,367,852.5692308,18.7,47.7,Oxytocin,15,2940,Iron-Folic Acid,5,2550,0,0,0,4.24
18-Jul-2025,Pediatrics,218,55808,256,541.8252427,10.9,34.9,ORS,23,1380,ORS,7,12187,0,0,1,4.19
18-Jul-2025,Orthopedics,55,27170,494,696.6666667,15.3,44.3,Vitamin D3,12,936,Calcium,3,3969,0,0,0,4.05
18-Jul-2025,Cardiology,237,347679,1467,3049.815789,5.9,11.9,Clopidogrel,61,3538,Clopidogrel,5,9930,0,0,1,4.13
18-Jul-2025,Pulmonology,30,14730,491,613.75,13.2,23.2,Salbutamol Inhaler,3,429,Azithromycin,0,0,0,0,0,3.96
19-Jul-2025,General Medicine,354,120360,340,813.2432432,10.1,31.1,Amoxicillin,57,1824,Metformin,34,57800,0,1,0,3.65
19-Jul-2025,General Surgery,25,11425,457,761.6666667,5.2,25.2,Ceftriaxone,6,828,Tramadol,2,1730,0,0,0,3.61
19-Jul-2025,Nephrology,115,138920,1208,2480.714286,18.2,23.2,Sevelamer,18,522,Furosemide,9,7668,0,0,0,3.98
19-Jul-2025,Neurology,60,40200,670,1340,17.9,47.9,Clopidogrel,15,1890,Levetiracetam,1,1244,0,0,0,4.47
19-Jul-2025,Gynecology & OBG,48,24192,504,756,11.6,40.6,Iron-Folic Acid,4,268,Metronidazole,4,5236,0,0,0,3.79
19-Jul-2025,Pediatrics,470,148050,315,640.9090909,18.3,35.3,Amoxicillin Syrup,72,2664,Paracetamol Syrup,15,18330,0,0,0,4.75
19-Jul-2025,Orthopedics,114,46512,408,547.2,15.4,39.4,Vitamin D3,20,1940,Vitamin D3,7,11249,0,0,1,3.67
19-Jul-2025,Cardiology,96,129216,1346,2153.6,16,25,Atorvastatin,28,2100,Clopidogrel,8,9200,0,0,0,3.96
19-Jul-2025,Pulmonology,186,137268,738,1125.147541,18.5,25.5,Azithromycin,43,2494,Montelukast,10,13220,0,0,1,4.31
20-Jul-2025,General Medicine,191,63985,335,799.8125,11,37,Amlodipine,22,1320,Metformin,12,23460,0,0,0,4.47
20-Jul-2025,General Surgery,84,38808,462,1048.864865,16.5,37.5,Pantoprazole,15,1635,Pantoprazole,4,2872,0,0,0,3.89
20-Jul-2025,Nephrology,73,71905,985,2319.516129,7.7,26.7,Erythropoietin,18,1332,Furosemide,2,2928,0,0,0,4.1
20-Jul-2025,Neurology,116,67396,581,1225.381818,17.6,32.6,Clopidogrel,17,2312,Sodium Valproate,11,10483,0,0,0,4.64
20-Jul-2025,Gynecology & OBG,18,6930,385,462,19.5,25.5,Metronidazole,4,288,Calcium,1,1227,0,0,0,4.28
20-Jul-2025,Pediatrics,92,20332,221,383.6226415,17,23,Salbutamol,25,2650,Salbutamol,3,2511,0,0,0,3.89
20-Jul-2025,Orthopedics,82,20582,251,541.6315789,16.2,41.2,Diclofenac,16,2816,Calcium,1,1147,0,0,0,4.55
20-Jul-2025,Cardiology,52,39520,760,1411.428571,7.4,16.4,Aspirin,11,330,Clopidogrel,2,1366,0,0,0,4.75
20-Jul-2025,Pulmonology,89,69509,781,1616.488372,6.9,28.9,Budesonide,19,1634,Salbutamol Inhaler,2,2020,0,0,0,3.59
21-Jul-2025,General Medicine,84,21000,250,318.1818182,7,23,Amlodipine,8,1560,Amoxicillin,1,810,0,0,0,4.19
21-Jul-2025,General Surgery,80,73360,917,1834,15.2,38.2,Pantoprazole,23,2921,Tramadol,4,3752,0,0,0,3.69
21-Jul-2025,Nephrology,27,16389,607,964.0588235,7.6,15.6,Erythropoietin,3,474,Furosemide,1,1234,0,0,0,3.6
21-Jul-2025,Neurology,112,22624,202,290.0512821,19.1,46.1,Clopidogrel,31,1984,Sodium Valproate,10,16080,0,0,1,4.64
21-Jul-2025,Gynecology & OBG,26,15262,587,763.1,5.7,20.7,Iron-Folic Acid,6,972,Metronidazole,1,1779,0,0,0,4.49
21-Jul-2025,Pediatrics,218,125786,577,1006.288,8.2,28.2,ORS,57,10032,Paracetamol Syrup,20,28180,0,0,1,4.1
21-Jul-2025,Orthopedics,131,51745,395,808.515625,10.3,15.3,Calcium,38,5510,Calcium,10,6590,0,0,0,3.61
21-Jul-2025,Cardiology,60,58740,979,1276.956522,15.3,31.3,Amiodarone,12,2184,Atorvastatin,4,5184,0,0,0,4.27
21-Jul-2025,Pulmonology,54,46818,867,1141.902439,16.2,23.2,Salbutamol Inhaler,11,858,Budesonide,4,4076,0,0,0,4.28
22-Jul-2025,General Medicine,135,45225,335,544.8795181,18.1,35.1,Metformin,26,1820,Amoxicillin,2,3444,0,0,1,4.57
22-Jul-2025,General Surgery,50,31350,627,1254,19.9,26.9,Pantoprazole,7,707,Diclofenac,4,6128,0,0,0,4.23
22-Jul-2025,Nephrology,77,76230,990,2178,13.8,40.8,Sevelamer,20,1880,Tacrolimus,0,0,0,0,0,3.64
22-Jul-2025,Neurology,135,47925,355,887.5,10.4,16.4,Levetiracetam,32,5280,Aspirin,0,0,0,0,0,4.24
22-Jul-2025,Gynecology & OBG,59,31447,533,748.7380952,12.4,25.4,Calcium,14,1162,Iron-Folic Acid,4,4060,0,0,0,4.34
22-Jul-2025,Pediatrics,196,52332,267,396.4545455,16.5,45.5,Amoxicillin Syrup,47,8225,Amoxicillin Syrup,14,20412,0,0,1,4.38
22-Jul-2025,Orthopedics,50,18300,366,610,13,18,Paracetamol,13,2353,Diclofenac,5,8285,0,0,0,3.88
22-Jul-2025,Cardiology,147,91434,622,952.4375,19.5,49.5,Clopidogrel,28,2492,Clopidogrel,4,2644,0,0,0,4.48
22-Jul-2025,Pulmonology,63,26334,418,627,18.1,40.1,Azithromycin,11,1342,Budesonide,5,4005,0,0,0,4.34
23-Jul-2025,General Medicine,448,102592,229,470.6055046,10.7,22.7,Metformin,88,3696,Amoxicillin,3,1785,0,0,3,3.58
23-Jul-2025,General Surgery,87,60204,692,1003.4,12,34,Tramadol,15,1005,Tramadol,4,5336,0,0,0,3.65
23-Jul-2025,Nephrology,94,83848,892,2096.2,19.7,44.7,Erythropoietin,25,2375,Tacrolimus,4,4784,0,0,0,4.43
23-Jul-2025,Neurology,45,13500,300,500,15,22,Sodium Valproate,9,180,Levetiracetam,1,1236,0,0,0,4.07
23-Jul-2025,Gynecology & OBG,60,30300,505,606,15.9,26.9,Calcium,18,2646,Metronidazole,3,2313,0,0,0,4.26
23-Jul-2025,Pediatrics,61,16287,267,378.7674419,8.4,22.4,ORS,16,2144,Paracetamol Syrup,4,4140,0,0,0,4.52
23-Jul-2025,Orthopedics,42,22848,544,1269.333333,15.7,23.7,Paracetamol,6,1086,Calcium,1,559,0,0,0,4.2
23-Jul-2025,Cardiology,118,71154,603,1482.375,5.2,33.2,Amiodarone,24,2616,Amiodarone,11,13508,0,0,0,4.63
23-Jul-2025,Pulmonology,116,54404,469,938,15.6,43.6,Budesonide,16,1712,Azithromycin,0,0,0,0,0,3.82
24-Jul-2025,General Medicine,362,225526,623,1445.679487,9,32,Amoxicillin,77,4466,Paracetamol,36,51444,0,0,0,3.87
24-Jul-2025,General Surgery,94,67586,719,1126.433333,19.8,33.8,Tramadol,17,833,Tramadol,2,1854,0,0,0,3.49
24-Jul-2025,Nephrology,59,44073,747,1335.545455,5.6,19.6,Tacrolimus,10,930,Tacrolimus,2,3420,0,0,0,4.51
24-Jul-2025,Neurology,78,30030,385,770,15.9,34.9,Clopidogrel,20,1360,Sodium Valproate,2,2050,0,0,0,4.57
24-Jul-2025,Gynecology & OBG,168,61656,367,822.08,19.4,32.4,Calcium,39,4563,Oxytocin,9,7299,0,0,0,4.06
24-Jul-2025,Pediatrics,256,120832,472,686.5454545,8.6,14.6,Salbutamol,27,2160,Salbutamol,25,25275,0,0,0,3.36
24-Jul-2025,Orthopedics,42,14448,344,516,17.1,24.1,Vitamin D3,6,900,Calcium,1,687,0,0,0,3.55
24-Jul-2025,Cardiology,229,256709,1121,2760.311828,5.2,26.2,Clopidogrel,67,2613,Aspirin,9,16587,0,0,0,3.65
24-Jul-2025,Pulmonology,207,195615,945,2149.615385,14.8,43.8,Montelukast,47,8977,Azithromycin,16,25632,0,0,0,4.79
25-Jul-2025,General Medicine,284,137740,485,631.8348624,5.7,23.7,Metformin,38,4028,Amlodipine,1,1103,0,0,0,4.14
25-Jul-2025,General Surgery,35,18620,532,744.8,5.5,14.5,Diclofenac,6,792,Ceftriaxone,3,2169,0,0,0,3.55
25-Jul-2025,Nephrology,104,90168,867,1803.36,5.3,11.3,Erythropoietin,10,1650,Sevelamer,5,7970,0,0,1,4.72
25-Jul-2025,Neurology,114,65778,577,1315.56,11.6,31.6,Aspirin,21,1890,Aspirin,10,12330,0,0,1,3.85
25-Jul-2025,Gynecology & OBG,60,17340,289,481.6666667,13.3,25.3,Iron-Folic Acid,12,1716,Metronidazole,2,3106,0,0,0,3.77
25-Jul-2025,Pediatrics,136,71944,529,660.0366972,12.9,28.9,Amoxicillin Syrup,37,5846,Amoxicillin Syrup,6,9540,0,0,0,4.89
25-Jul-2025,Orthopedics,94,63450,675,1626.923077,5.8,31.8,Paracetamol,21,2373,Diclofenac,9,12609,0,0,0,4.39
25-Jul-2025,Cardiology,143,123838,866,1769.114286,13.4,26.4,Atorvastatin,36,6840,Atorvastatin,3,5718,0,0,1,3.83
25-Jul-2025,Pulmonology,55,42515,773,1012.261905,5.9,23.9,Montelukast,11,627,Azithromycin,3,5625,0,0,0,4.61
26-Jul-2025,General Medicine,287,146370,510,1076.25,8.7,29.7,Amoxicillin,54,5292,Amlodipine,21,22365,0,0,2,3.88
26-Jul-2025,General Surgery,49,37632,768,1792,7,19,Diclofenac,12,1428,Pantoprazole,3,2862,0,0,0,4.2
26-Jul-2025,Nephrology,40,45320,1133,1416.25,10.7,16.7,Tacrolimus,5,325,Tacrolimus,4,2116,0,0,0,4.41
26-Jul-2025,Neurology,108,66960,620,787.7647059,11,41,Aspirin,27,4968,Clopidogrel,5,4460,0,0,1,4.29
26-Jul-2025,Gynecology & OBG,108,22248,206,436.2352941,12.6,34.6,Oxytocin,22,3234,Iron-Folic Acid,5,4070,0,0,0,4.08
26-Jul-2025,Pediatrics,174,104226,599,1510.521739,13,23,Paracetamol Syrup,20,3440,Salbutamol,9,11943,0,0,0,4.64
26-Jul-2025,Orthopedics,45,21825,485,606.25,14.9,21.9,Calcium,8,1456,Paracetamol,3,3273,0,0,0,4.01
26-Jul-2025,Cardiology,203,266133,1311,2661.33,10.6,23.6,Amiodarone,41,3813,Amiodarone,16,30912,0,0,0,4.33
26-Jul-2025,Pulmonology,50,31550,631,1262,5.8,23.8,Budesonide,8,736,Montelukast,0,0,0,0,0,4
27-Jul-2025,General Medicine,169,36335,215,356.2254902,11.7,18.7,Paracetamol,29,4292,Paracetamol,8,11824,0,0,1,4.07
27-Jul-2025,General Surgery,38,24586,647,1536.625,13.8,25.8,Diclofenac,7,203,Ceftriaxone,0,0,0,0,0,4.34
27-Jul-2025,Nephrology,38,38076,1002,1228.258065,17.1,47.1,Tacrolimus,4,508,Furosemide,0,0,0,0,0,4.61
27-Jul-2025,Neurology,44,11396,259,345.3333333,16.2,26.2,Levetiracetam,5,220,Levetiracetam,0,0,0,0,0,4.51
27-Jul-2025,Gynecology & OBG,36,24624,684,912,19,26,Oxytocin,7,1316,Oxytocin,2,3126,0,0,0,3.34
27-Jul-2025,Pediatrics,338,207532,614,1461.492958,13.4,34.4,Paracetamol Syrup,44,3432,Salbutamol,1,1437,0,0,2,4.59
27-Jul-2025,Orthopedics,28,7280,260,606.6666667,12.2,24.2,Calcium,6,228,Paracetamol,1,1112,0,0,0,4.59
27-Jul-2025,Cardiology,59,64015,1085,1454.886364,11.3,17.3,Aspirin,6,1044,Atorvastatin,2,3670,0,0,0,4.51
27-Jul-2025,Pulmonology,76,51832,682,1295.8,16.6,40.6,Montelukast,16,832,Montelukast,1,902,0,0,0,3.84
28-Jul-2025,General Medicine,199,87560,440,995,15.7,24.7,Amlodipine,59,9971,Amoxicillin,2,3280,0,0,1,3.65
28-Jul-2025,General Surgery,112,80864,722,929.4712644,16.3,23.3,Tramadol,15,1155,Pantoprazole,9,6255,0,0,1,3.37
28-Jul-2025,Nephrology,78,56316,722,1522.054054,11.9,35.9,Sevelamer,11,2046,Erythropoietin,2,1384,0,0,0,3.69
28-Jul-2025,Neurology,85,40035,471,678.559322,19.9,48.9,Levetiracetam,12,360,Sodium Valproate,5,9180,0,0,0,4.13
28-Jul-2025,Gynecology & OBG,29,19952,688,997.6,6.6,11.6,Calcium,8,520,Oxytocin,2,2348,0,0,0,4.56
28-Jul-2025,Pediatrics,92,53452,581,890.8666667,15.5,20.5,ORS,20,1720,Paracetamol Syrup,8,10056,0,0,0,4.41
28-Jul-2025,Orthopedics,34,12376,364,728,14.9,32.9,Vitamin D3,7,203,Calcium,3,1704,0,0,0,3.89
28-Jul-2025,Cardiology,193,283324,1468,1995.239437,6.8,26.8,Clopidogrel,43,8041,Clopidogrel,15,17085,0,0,1,4.4
28-Jul-2025,Pulmonology,87,73863,849,1846.575,7.5,31.5,Salbutamol Inhaler,11,550,Budesonide,8,11344,0,0,0,4.69
29-Jul-2025,General Medicine,196,89768,458,846.8679245,10,26,Paracetamol,33,4950,Paracetamol,13,15652,0,0,0,3.93
29-Jul-2025,General Surgery,69,43677,633,1119.923077,16.5,33.5,Pantoprazole,6,840,Pantoprazole,6,6582,0,0,0,3.87
29-Jul-2025,Nephrology,123,180564,1468,3009.4,19.9,33.9,Tacrolimus,15,2685,Tacrolimus,9,7299,0,0,0,3.88
29-Jul-2025,Neurology,60,27060,451,902,11.4,20.4,Aspirin,6,792,Levetiracetam,5,3510,0,0,0,4.7
29-Jul-2025,Gynecology & OBG,51,24582,482,768.1875,7.4,32.4,Metronidazole,7,1232,Metronidazole,0,0,0,0,0,4.22
29-Jul-2025,Pediatrics,173,115910,670,871.5037594,10.2,32.2,Paracetamol Syrup,39,4524,ORS,15,9525,0,0,0,4.57
29-Jul-2025,Orthopedics,101,45753,453,802.6842105,18.2,41.2,Vitamin D3,13,2236,Calcium,8,12672,0,0,0,3.43
29-Jul-2025,Cardiology,232,330136,1423,2063.35,19.8,25.8,Atorvastatin,69,12075,Amiodarone,5,4065,0,0,0,3.6
29-Jul-2025,Pulmonology,132,99528,754,1015.591837,18.6,26.6,Montelukast,29,2436,Montelukast,2,1520,0,0,0,3.41
30-Jul-2025,General Medicine,171,49248,288,354.3021583,10.5,33.5,Paracetamol,18,2664,Amlodipine,6,9516,0,0,0,3.72
30-Jul-2025,General Surgery,76,66728,878,1308.392157,18.3,23.3,Diclofenac,13,1404,Pantoprazole,2,2430,0,0,0,4.32
30-Jul-2025,Nephrology,128,164096,1282,1640.96,16.6,35.6,Sevelamer,22,2310,Tacrolimus,2,3678,0,0,0,4.37
30-Jul-2025,Neurology,74,38702,523,921.4761905,9,27,Sodium Valproate,18,2142,Clopidogrel,3,2577,0,0,0,4.02
30-Jul-2025,Gynecology & OBG,80,42880,536,1072,10.4,27.4,Iron-Folic Acid,22,3718,Metronidazole,3,3084,0,0,0,4.09
30-Jul-2025,Pediatrics,135,31995,237,484.7727273,11.1,22.1,Salbutamol,25,4875,ORS,10,11090,0,0,0,4.07
30-Jul-2025,Orthopedics,64,19072,298,476.8,15.5,39.5,Diclofenac,13,1924,Calcium,4,2380,0,0,0,4.22
30-Jul-2025,Cardiology,70,88900,1270,1587.5,10.9,38.9,Clopidogrel,17,680,Amiodarone,6,4368,0,0,0,3.84
30-Jul-2025,Pulmonology,282,167790,595,1375.327869,18.8,28.8,Salbutamol Inhaler,42,3990,Azithromycin,2,1520,0,0,1,3.54
31-Jul-2025,General Medicine,105,45780,436,1064.651163,6.5,32.5,Amlodipine,17,1479,Amlodipine,10,7680,0,0,1,3.67
31-Jul-2025,General Surgery,83,36769,443,574.515625,17.8,37.8,Diclofenac,11,1562,Pantoprazole,6,8766,0,0,0,3.55
31-Jul-2025,Nephrology,25,34900,1396,1745,13.7,35.7,Tacrolimus,7,658,Tacrolimus,0,0,0,0,0,3.66
31-Jul-2025,Neurology,90,27990,311,399.8571429,8.4,25.4,Sodium Valproate,20,2400,Levetiracetam,2,2112,0,0,0,3.32
31-Jul-2025,Gynecology & OBG,56,16688,298,397.3333333,7.3,13.3,Iron-Folic Acid,14,2422,Calcium,1,1125,0,0,0,3.81
31-Jul-2025,Pediatrics,200,42800,214,491.954023,5.9,17.9,Amoxicillin Syrup,39,3159,ORS,13,16016,0,0,0,3.4
31-Jul-2025,Orthopedics,58,33234,573,738.5333333,5.1,19.1,Vitamin D3,14,1680,Vitamin D3,1,1912,0,0,0,4.46
31-Jul-2025,Cardiology,150,212400,1416,2308.695652,13.2,30.2,Amiodarone,36,3528,Aspirin,10,15170,0,0,1,3.89
31-Jul-2025,Pulmonology,156,135720,870,1317.669903,17.6,41.6,Montelukast,33,1320,Montelukast,5,7610,0,0,0,4.1
1-Aug-2025,General Medicine,284,104512,368,452.4329004,13.4,18.4,Amlodipine,59,6785,Amoxicillin,11,21835,0,0,1,3.6
1-Aug-2025,General Surgery,135,76005,563,844.5,16,32,Diclofenac,32,1376,Tramadol,11,5962,0,0,0,4.12
1-Aug-2025,Nephrology,103,105678,1026,1390.5,7.8,18.8,Sevelamer,24,3336,Erythropoietin,4,3840,0,0,1,3.97
1-Aug-2025,Neurology,49,20629,421,589.4,10,20,Aspirin,4,468,Levetiracetam,0,0,0,0,0,4.27
1-Aug-2025,Gynecology & OBG,71,23785,335,457.4038462,18.2,28.2,Oxytocin,20,2820,Oxytocin,5,7170,0,0,0,4.47
1-Aug-2025,Pediatrics,272,70992,261,537.8181818,8.4,34.4,ORS,74,9028,Salbutamol,11,8085,0,0,1,3.75
1-Aug-2025,Orthopedics,39,13494,346,449.8,13.4,35.4,Diclofenac,3,483,Calcium,2,2184,0,0,0,4.53
1-Aug-2025,Cardiology,60,58560,976,1952,9.5,32.5,Aspirin,16,1216,Aspirin,5,5340,0,0,0,4.51
1-Aug-2025,Pulmonology,89,48950,550,1138.372093,19.7,25.7,Budesonide,23,1771,Montelukast,4,3664,0,0,0,4.39
2-Aug-2025,General Medicine,136,64736,476,744.091954,6.9,34.9,Paracetamol,25,850,Amoxicillin,4,4236,0,0,1,4.21
2-Aug-2025,General Surgery,82,43050,525,662.3076923,16.3,42.3,Ceftriaxone,15,555,Diclofenac,5,3930,0,0,0,4.36
2-Aug-2025,Nephrology,64,58944,921,1473.6,7.4,29.4,Sevelamer,6,138,Erythropoietin,4,5484,0,0,0,4.18
2-Aug-2025,Neurology,75,30975,413,516.25,11.8,28.8,Levetiracetam,12,1800,Levetiracetam,7,11683,0,0,0,3.66
2-Aug-2025,Gynecology & OBG,91,29484,324,578.1176471,6.6,16.6,Calcium,19,532,Iron-Folic Acid,4,7132,0,0,0,3.46
2-Aug-2025,Pediatrics,108,44928,416,880.9411765,5.4,16.4,Salbutamol,26,572,ORS,4,7628,0,0,1,3.95
2-Aug-2025,Orthopedics,86,21930,255,337.3846154,6.4,24.4,Vitamin D3,17,3298,Diclofenac,7,10003,0,0,0,4.69
2-Aug-2025,Cardiology,167,242484,1452,2108.556522,6.8,23.8,Aspirin,50,8300,Amiodarone,1,1945,0,0,0,4.01
2-Aug-2025,Pulmonology,129,56115,435,544.8058252,19.6,26.6,Montelukast,38,7182,Montelukast,2,2390,0,0,0,4.45
3-Aug-2025,General Medicine,199,58705,295,448.129771,8.3,22.3,Amlodipine,31,682,Amoxicillin,1,639,0,0,0,3.82
3-Aug-2025,General Surgery,65,50700,780,1370.27027,8.5,21.5,Pantoprazole,11,1947,Ceftriaxone,6,9534,0,0,0,4.68
3-Aug-2025,Nephrology,32,26336,823,1646,19.6,36.6,Sevelamer,5,920,Sevelamer,0,0,0,0,0,4.21
3-Aug-2025,Neurology,18,7794,433,556.7142857,5.7,28.7,Levetiracetam,2,170,Levetiracetam,1,1909,0,0,0,4.08
3-Aug-2025,Gynecology & OBG,27,6507,241,542.25,6,28,Oxytocin,5,995,Calcium,2,3254,0,0,0,4.12
3-Aug-2025,Pediatrics,127,86487,681,1218.126761,12.5,27.5,ORS,19,2736,Paracetamol Syrup,4,3620,0,0,1,3.87
3-Aug-2025,Orthopedics,87,49851,573,906.3818182,7.5,22.5,Calcium,19,2964,Paracetamol,2,3680,0,0,0,4.7
3-Aug-2025,Cardiology,123,124476,1012,1659.68,19.2,48.2,Amiodarone,29,4031,Aspirin,4,5728,0,0,0,4.12
3-Aug-2025,Pulmonology,136,75480,555,1217.419355,10.5,22.5,Montelukast,30,3750,Budesonide,7,9240,0,0,0,4.59
4-Aug-2025,General Medicine,95,21470,226,523.6585366,19.9,34.9,Paracetamol,28,700,Amoxicillin,5,8220,0,0,0,3.75
4-Aug-2025,General Surgery,111,72483,653,1132.546875,18.8,35.8,Tramadol,17,1105,Tramadol,9,5193,0,0,0,4.88
4-Aug-2025,Nephrology,33,24189,733,895.8888889,6.7,23.7,Tacrolimus,7,574,Furosemide,3,4641,0,0,0,3.86
4-Aug-2025,Neurology,226,149838,663,1362.163636,12.4,23.4,Clopidogrel,54,7560,Clopidogrel,18,25434,0,0,0,3.47
4-Aug-2025,Gynecology & OBG,129,25800,200,444.8275862,19.7,36.7,Iron-Folic Acid,20,440,Calcium,12,21348,0,0,1,3.56
4-Aug-2025,Pediatrics,400,247600,619,1263.265306,10.8,24.8,Paracetamol Syrup,96,18240,Paracetamol Syrup,13,18538,0,1,0,4.11
4-Aug-2025,Orthopedics,245,142345,581,1294.045455,19.1,42.1,Paracetamol,59,10089,Vitamin D3,14,7084,0,0,0,3.62
4-Aug-2025,Cardiology,152,91352,601,794.3652174,9.9,32.9,Clopidogrel,15,705,Aspirin,6,7782,0,0,0,4.44
4-Aug-2025,Pulmonology,168,157416,937,1405.5,18.6,42.6,Budesonide,30,5520,Salbutamol Inhaler,15,14445,0,0,1,4.28
5-Aug-2025,General Medicine,133,28329,213,275.038835,12.6,39.6,Paracetamol,36,5472,Metformin,2,3516,0,0,1,4.4
5-Aug-2025,General Surgery,48,27072,564,1002.666667,9.9,20.9,Pantoprazole,6,342,Ceftriaxone,2,2566,0,0,0,3.86
5-Aug-2025,Nephrology,90,58770,653,839.5714286,15.6,42.6,Sevelamer,18,450,Sevelamer,2,1990,0,0,0,4.17
5-Aug-2025,Neurology,120,66960,558,1195.714286,8.9,21.9,Aspirin,12,1188,Sodium Valproate,10,11230,0,0,1,4.44
5-Aug-2025,Gynecology & OBG,45,21735,483,724.5,11,38,Iron-Folic Acid,8,1160,Metronidazole,1,978,0,0,0,4.71
5-Aug-2025,Pediatrics,205,78720,384,865.0549451,18.9,47.9,Amoxicillin Syrup,42,1344,Amoxicillin Syrup,6,9696,0,0,1,3.88
5-Aug-2025,Orthopedics,174,101964,586,1416.166667,9.9,18.9,Calcium,42,2226,Vitamin D3,0,0,0,0,1,3.76
5-Aug-2025,Cardiology,186,272490,1465,3132.068966,19.4,43.4,Atorvastatin,21,3906,Aspirin,5,3920,0,0,0,4
5-Aug-2025,Pulmonology,99,90882,918,1317.130435,13.1,20.1,Budesonide,27,1809,Montelukast,4,7696,0,0,0,4.17
6-Aug-2025,General Medicine,393,223617,569,1307.701754,8.3,37.3,Metformin,86,16426,Amlodipine,33,65538,0,1,3,4.04
6-Aug-2025,General Surgery,75,38025,507,1056.25,11.5,18.5,Tramadol,18,846,Ceftriaxone,0,0,0,0,0,4.68
6-Aug-2025,Nephrology,182,239694,1317,2819.929412,9,31,Erythropoietin,29,2755,Tacrolimus,18,32976,0,0,1,4.3
6-Aug-2025,Neurology,131,78862,602,1232.21875,15.8,32.8,Levetiracetam,22,2332,Levetiracetam,5,9145,0,0,1,4.42
6-Aug-2025,Gynecology & OBG,76,27816,366,869.25,8,36,Iron-Folic Acid,9,261,Metronidazole,0,0,0,0,0,3.47
6-Aug-2025,Pediatrics,248,55304,223,291.0736842,19.8,47.8,ORS,58,6844,Salbutamol,23,29210,0,0,1,3.87
6-Aug-2025,Orthopedics,157,31400,200,448.5714286,13.1,23.1,Vitamin D3,35,5425,Paracetamol,3,3414,0,0,1,4.35
6-Aug-2025,Cardiology,54,69444,1286,2314.8,19.6,46.6,Atorvastatin,13,1001,Aspirin,3,2916,0,0,0,3.42
6-Aug-2025,Pulmonology,141,98982,702,1137.724138,18.7,44.7,Salbutamol Inhaler,30,1590,Salbutamol Inhaler,7,6496,0,0,1,4.3
7-Aug-2025,General Medicine,417,278556,668,1522.163934,7.4,17.4,Amoxicillin,85,16830,Paracetamol,8,6856,0,1,1,3.65
7-Aug-2025,General Surgery,122,106628,874,1122.4,11.2,18.2,Ceftriaxone,14,1316,Ceftriaxone,1,871,0,0,1,4.07
7-Aug-2025,Nephrology,115,140185,1219,2920.520833,15.2,22.2,Erythropoietin,15,2250,Tacrolimus,3,5574,0,0,0,4.44
7-Aug-2025,Neurology,54,26514,491,1104.75,11.5,28.5,Clopidogrel,8,1120,Aspirin,2,1818,0,0,0,4.03
7-Aug-2025,Gynecology & OBG,96,40608,423,564,12.1,26.1,Calcium,13,338,Metronidazole,0,0,0,0,0,4
7-Aug-2025,Pediatrics,371,185500,500,1131.097561,18.3,35.3,Amoxicillin Syrup,105,8925,Amoxicillin Syrup,19,10108,0,1,2,3.48
7-Aug-2025,Orthopedics,143,66209,463,1103.483333,9.4,36.4,Paracetamol,34,6086,Paracetamol,6,4812,0,0,0,3.78
7-Aug-2025,Cardiology,268,289708,1081,1565.989189,7.4,24.4,Clopidogrel,34,6018,Clopidogrel,11,8613,0,0,0,3.7
7-Aug-2025,Pulmonology,96,95808,998,1545.290323,12.5,31.5,Salbutamol Inhaler,25,3600,Budesonide,0,0,0,0,0,4.54
8-Aug-2025,General Medicine,285,154755,543,1218.543307,20,35,Amoxicillin,59,6962,Metformin,25,41300,0,0,0,3.63
8-Aug-2025,General Surgery,75,72375,965,2010.416667,19.2,26.2,Ceftriaxone,18,738,Tramadol,7,13083,0,0,0,4.18
8-Aug-2025,Nephrology,117,129987,1111,1368.284211,15.7,39.7,Tacrolimus,25,825,Sevelamer,2,3428,0,0,1,4.28
8-Aug-2025,Neurology,48,24288,506,1012,17.8,35.8,Clopidogrel,9,180,Sodium Valproate,0,0,0,0,0,3.83
8-Aug-2025,Gynecology & OBG,160,50080,313,626,15.4,25.4,Metronidazole,31,4898,Oxytocin,0,0,0,0,0,3.45
8-Aug-2025,Pediatrics,177,55401,313,719.4935065,19,39,Paracetamol Syrup,20,2620,Paracetamol Syrup,3,3492,0,0,0,3.37
8-Aug-2025,Orthopedics,45,13815,307,511.6666667,5.5,22.5,Calcium,13,2379,Paracetamol,0,0,0,0,0,3.6
8-Aug-2025,Cardiology,278,288564,1038,1518.757895,16.3,36.3,Amiodarone,28,5264,Aspirin,25,35300,0,0,0,3.69
8-Aug-2025,Pulmonology,115,73370,638,1111.666667,14,30,Salbutamol Inhaler,19,1254,Azithromycin,0,0,0,0,1,4.45
9-Aug-2025,General Medicine,301,117691,391,650.2265193,14.1,44.1,Metformin,62,6076,Amoxicillin,9,11088,0,0,1,4.29
9-Aug-2025,General Surgery,45,21015,467,700.5,9.3,17.3,Pantoprazole,5,660,Tramadol,0,0,0,0,0,4.43
9-Aug-2025,Nephrology,62,74896,1208,1783.238095,5.5,10.5,Erythropoietin,17,2567,Sevelamer,1,543,0,0,0,3.58
9-Aug-2025,Neurology,55,35860,652,1434.4,13.1,20.1,Aspirin,10,1290,Sodium Valproate,3,2424,0,0,0,3.64
9-Aug-2025,Gynecology & OBG,100,47300,473,591.25,12.8,27.8,Metronidazole,15,2160,Calcium,1,976,0,0,1,3.86
9-Aug-2025,Pediatrics,84,38388,457,959.7,5.9,24.9,Paracetamol Syrup,18,3384,Paracetamol Syrup,0,0,0,0,0,3.9
9-Aug-2025,Orthopedics,99,43263,437,759,5.3,24.3,Paracetamol,28,5124,Paracetamol,7,7147,0,0,0,4.65
9-Aug-2025,Cardiology,300,331800,1106,1659,11.3,27.3,Aspirin,73,10366,Aspirin,0,0,0,0,2,4.21
9-Aug-2025,Pulmonology,135,126495,937,1916.590909,20,41,Salbutamol Inhaler,36,4068,Budesonide,11,9724,0,0,0,4.36
10-Aug-2025,General Medicine,138,61548,446,932.5454545,8.6,13.6,Amlodipine,19,3667,Amoxicillin,10,13200,0,0,0,4.51
10-Aug-2025,General Surgery,84,40320,480,650.3225806,13.9,36.9,Diclofenac,12,2268,Diclofenac,0,0,0,0,0,4.36
10-Aug-2025,Nephrology,59,86789,1471,2799.645161,16.6,35.6,Erythropoietin,11,1815,Furosemide,1,1709,0,0,0,4.54
10-Aug-2025,Neurology,46,30636,666,1392.545455,10.6,18.6,Levetiracetam,6,630,Aspirin,1,1201,0,0,0,3.81
10-Aug-2025,Gynecology & OBG,65,31005,477,607.9411765,8.7,22.7,Oxytocin,19,1767,Oxytocin,4,5644,0,0,0,4.34
10-Aug-2025,Pediatrics,110,74250,675,976.9736842,16.9,41.9,ORS,16,3024,Salbutamol,8,10624,0,0,0,4.4
10-Aug-2025,Orthopedics,34,9044,266,411.0909091,12.2,20.2,Diclofenac,9,1764,Paracetamol,1,1071,0,0,0,4.46
10-Aug-2025,Cardiology,43,28982,674,878.2424242,5,24,Atorvastatin,5,795,Atorvastatin,3,4524,0,0,0,4.8
10-Aug-2025,Pulmonology,75,48075,641,1657.758621,11.9,32.9,Salbutamol Inhaler,10,710,Azithromycin,1,940,0,0,0,4.26
11-Aug-2025,General Medicine,230,56810,247,300.5820106,6.6,20.6,Paracetamol,45,8010,Metformin,23,26289,0,0,0,3.94
11-Aug-2025,General Surgery,52,47944,922,1331.777778,12.8,23.8,Pantoprazole,8,968,Diclofenac,3,3318,0,0,0,4.14
11-Aug-2025,Nephrology,82,107584,1312,3164.235294,18.2,39.2,Sevelamer,21,1344,Sevelamer,1,1257,0,0,0,3.6
11-Aug-2025,Neurology,39,23244,596,726.375,14.5,24.5,Clopidogrel,3,84,Levetiracetam,3,2568,0,0,0,4.78
11-Aug-2025,Gynecology & OBG,26,15210,585,760.5,10.2,15.2,Calcium,5,225,Metronidazole,0,0,0,0,0,4.43
11-Aug-2025,Pediatrics,82,40754,497,849.0416667,11.8,24.8,Paracetamol Syrup,22,484,Amoxicillin Syrup,8,6800,0,0,0,3.77
11-Aug-2025,Orthopedics,82,37720,460,920,7.2,13.2,Vitamin D3,23,4416,Paracetamol,4,7244,0,0,0,4.51
11-Aug-2025,Cardiology,78,82524,1058,2427.176471,13.7,24.7,Atorvastatin,18,3366,Clopidogrel,3,2613,0,0,0,4.71
11-Aug-2025,Pulmonology,69,31602,458,658.375,11.2,21.2,Salbutamol Inhaler,16,752,Azithromycin,3,3390,0,0,0,3.91
12-Aug-2025,General Medicine,300,90300,301,678.9473684,10,15,Metformin,89,5340,Paracetamol,2,1574,0,0,2,4.15
12-Aug-2025,General Surgery,43,29025,675,1209.375,7.6,27.6,Diclofenac,6,906,Ceftriaxone,1,1432,0,0,0,4.32
12-Aug-2025,Nephrology,132,94512,716,1575.2,15.5,24.5,Sevelamer,26,2418,Erythropoietin,1,867,0,0,1,4.54
12-Aug-2025,Neurology,56,33880,605,1210,6,16,Aspirin,9,1053,Levetiracetam,4,2628,0,0,0,3.43
12-Aug-2025,Gynecology & OBG,36,10980,305,457.5,6.4,19.4,Oxytocin,7,833,Iron-Folic Acid,3,2295,0,0,0,3.66
12-Aug-2025,Pediatrics,230,86250,375,777.027027,5.8,25.8,ORS,66,6204,ORS,5,3580,0,0,1,4.29
12-Aug-2025,Orthopedics,131,84102,642,1314.09375,18.1,44.1,Paracetamol,32,896,Paracetamol,4,6508,0,0,0,4.57
12-Aug-2025,Cardiology,134,96882,723,1242.076923,13.6,37.6,Clopidogrel,33,3399,Amiodarone,9,6120,0,0,1,4.34
12-Aug-2025,Pulmonology,160,117120,732,1521.038961,8.4,32.4,Azithromycin,23,1380,Montelukast,14,19348,0,0,1,3.37
13-Aug-2025,General Medicine,285,78945,277,436.160221,8.1,13.1,Paracetamol,79,6478,Paracetamol,11,10439,0,0,2,4.49
13-Aug-2025,General Surgery,35,29120,832,1040,15,41,Ceftriaxone,10,750,Diclofenac,3,5904,0,0,0,3.93
13-Aug-2025,Nephrology,120,154680,1289,2578,15.8,25.8,Tacrolimus,27,4131,Tacrolimus,8,6232,0,0,1,3.95
13-Aug-2025,Neurology,75,45075,601,1252.083333,14.9,39.9,Sodium Valproate,9,1377,Aspirin,0,0,0,0,0,4.03
13-Aug-2025,Gynecology & OBG,49,24549,501,909.2222222,7.9,14.9,Iron-Folic Acid,12,360,Oxytocin,1,1203,0,0,0,4.15
13-Aug-2025,Pediatrics,120,42360,353,830.5882353,17.4,35.4,Paracetamol Syrup,19,836,Paracetamol Syrup,3,5277,0,0,1,3.5
13-Aug-2025,Orthopedics,170,77860,458,1081.388889,8.7,15.7,Paracetamol,25,2950,Calcium,13,20553,0,0,0,4.45
13-Aug-2025,Cardiology,100,110200,1102,1377.5,8.9,20.9,Aspirin,22,4048,Amiodarone,5,8975,0,0,1,4.72
13-Aug-2025,Pulmonology,175,85750,490,1099.358974,6.3,33.3,Azithromycin,49,3136,Azithromycin,15,22155,0,0,0,4.34
14-Aug-2025,General Medicine,295,104725,355,732.3426573,19.9,27.9,Metformin,83,7470,Paracetamol,13,15080,0,0,2,3.83
14-Aug-2025,General Surgery,90,56430,627,1410.75,18,36,Diclofenac,24,936,Diclofenac,2,1878,0,0,0,3.78
14-Aug-2025,Nephrology,42,32550,775,930,11.2,34.2,Erythropoietin,4,140,Sevelamer,4,3688,0,0,0,3.36
14-Aug-2025,Neurology,35,14875,425,619.7916667,12.7,25.7,Sodium Valproate,6,492,Aspirin,1,1344,0,0,0,4.49
14-Aug-2025,Gynecology & OBG,51,22797,447,633.25,13.8,32.8,Calcium,13,1092,Metronidazole,0,0,0,0,0,4.08
14-Aug-2025,Pediatrics,248,161200,650,948.2352941,10.5,27.5,ORS,65,2665,ORS,14,24654,0,0,2,4.43
14-Aug-2025,Orthopedics,84,20832,248,578.6666667,17.4,37.4,Diclofenac,15,2085,Paracetamol,7,6041,0,0,0,4.29
14-Aug-2025,Cardiology,94,103212,1098,1911.333333,14.9,43.9,Aspirin,12,852,Atorvastatin,8,5944,0,0,0,4.73
14-Aug-2025,Pulmonology,79,71100,900,1653.488372,8.8,36.8,Montelukast,18,3366,Budesonide,7,13475,0,0,0,4.42
15-Aug-2025,General Medicine,77,46431,603,800.5344828,11.1,26.1,Amoxicillin,19,3306,Amlodipine,2,3302,0,0,0,3.66
15-Aug-2025,General Surgery,70,53410,763,1780.333333,8.8,25.8,Ceftriaxone,13,2288,Tramadol,7,12201,0,0,0,4.66
15-Aug-2025,Nephrology,88,62568,711,1042.8,8.1,35.1,Furosemide,15,2145,Erythropoietin,6,5406,0,0,0,3.64
15-Aug-2025,Neurology,63,32445,515,648.9,17.8,30.8,Aspirin,12,396,Clopidogrel,1,1415,0,0,0,4.03
15-Aug-2025,Gynecology & OBG,48,19344,403,806,13.9,22.9,Iron-Folic Acid,10,1620,Iron-Folic Acid,4,4088,0,0,0,4.3
15-Aug-2025,Pediatrics,303,170589,563,719.7848101,19.1,26.1,Salbutamol,79,2054,ORS,29,23258,0,0,2,4.2
15-Aug-2025,Orthopedics,98,64778,661,1439.511111,11.7,32.7,Vitamin D3,9,1494,Paracetamol,6,10920,0,0,0,3.53
15-Aug-2025,Cardiology,94,137428,1462,2544.962963,6.9,30.9,Atorvastatin,28,840,Aspirin,9,15723,0,0,0,4.37
15-Aug-2025,Pulmonology,58,51794,893,1079.041667,10.1,38.1,Salbutamol Inhaler,17,459,Salbutamol Inhaler,3,4344,0,0,0,4.48
16-Aug-2025,General Medicine,397,190163,479,1080.471591,17.1,27.1,Paracetamol,43,6665,Paracetamol,24,26448,0,1,0,3.79
16-Aug-2025,General Surgery,44,36036,819,1501.5,16,31,Diclofenac,4,284,Diclofenac,0,0,0,0,0,4.43
16-Aug-2025,Nephrology,25,24525,981,1635,15.8,21.8,Tacrolimus,3,282,Erythropoietin,0,0,0,0,0,4.31
16-Aug-2025,Neurology,82,19024,232,292.6769231,18.1,34.1,Clopidogrel,18,2610,Levetiracetam,8,4408,0,0,0,4.84
16-Aug-2025,Gynecology & OBG,84,49224,586,1025.5,6.9,22.9,Calcium,16,1952,Iron-Folic Acid,2,3908,0,0,0,3.64
16-Aug-2025,Pediatrics,191,78692,412,948.0963855,20,38,Salbutamol,26,2210,ORS,17,12733,0,0,1,4.52
16-Aug-2025,Orthopedics,135,54405,403,1007.5,8.4,22.4,Diclofenac,23,2599,Calcium,0,0,0,0,0,3.94
16-Aug-2025,Cardiology,389,570663,1467,3356.841176,5.8,27.8,Aspirin,39,5655,Clopidogrel,2,1148,0,1,2,4.72
16-Aug-2025,Pulmonology,99,79200,800,1650,14,28,Azithromycin,23,2369,Montelukast,1,1983,0,0,0,3.76
17-Aug-2025,General Medicine,114,55176,484,641.5813953,16.9,41.9,Amoxicillin,16,1888,Paracetamol,6,9108,0,0,0,3.35
17-Aug-2025,General Surgery,80,48960,612,1440,8.4,18.4,Diclofenac,9,756,Ceftriaxone,5,6320,0,0,0,4.2
17-Aug-2025,Nephrology,78,62478,801,1688.594595,9.8,26.8,Sevelamer,11,1837,Tacrolimus,2,3270,0,0,0,4.14
17-Aug-2025,Neurology,58,23142,399,578.55,8.2,23.2,Levetiracetam,5,950,Aspirin,5,2650,0,0,0,3.62
17-Aug-2025,Gynecology & OBG,57,38646,678,1246.645161,14.5,27.5,Calcium,5,355,Calcium,1,1492,0,0,0,3.98
17-Aug-2025,Pediatrics,202,99788,494,1072.989247,12,27,ORS,37,4884,Amoxicillin Syrup,3,4050,0,0,1,3.72
17-Aug-2025,Orthopedics,40,11000,275,611.1111111,19,47,Paracetamol,6,936,Calcium,2,3950,0,0,0,4.28
17-Aug-2025,Cardiology,61,72468,1188,2898.72,9.2,14.2,Amiodarone,15,1080,Clopidogrel,0,0,0,0,0,3.59
17-Aug-2025,Pulmonology,49,44443,907,2339.105263,11.1,24.1,Azithromycin,11,649,Azithromycin,2,1644,0,0,0,4.15
18-Aug-2025,General Medicine,165,70290,426,901.1538462,14.8,40.8,Metformin,22,2904,Amlodipine,6,5736,0,0,1,3.51
18-Aug-2025,General Surgery,126,122598,973,2229.054545,6.7,36.7,Tramadol,33,5280,Pantoprazole,1,1679,0,0,1,3.86
18-Aug-2025,Nephrology,135,176580,1308,2992.881356,10.6,27.6,Furosemide,31,4340,Sevelamer,10,10960,0,0,0,3.75
18-Aug-2025,Neurology,116,68672,592,1248.581818,9.8,39.8,Clopidogrel,15,1980,Levetiracetam,2,3678,0,0,1,4.35
18-Aug-2025,Gynecology & OBG,87,28275,325,554.4117647,19.6,37.6,Calcium,12,708,Metronidazole,8,14848,0,0,0,4.2
18-Aug-2025,Pediatrics,162,62856,388,885.2957746,12.4,26.4,Paracetamol Syrup,30,5790,ORS,6,6726,0,0,1,4.41
18-Aug-2025,Orthopedics,40,24640,616,724.7058824,11.9,32.9,Diclofenac,8,1160,Paracetamol,1,919,0,0,0,4.5
18-Aug-2025,Cardiology,272,334016,1228,2982.285714,10.7,18.7,Atorvastatin,27,2349,Clopidogrel,20,31220,0,0,2,3.62
18-Aug-2025,Pulmonology,32,27904,872,1395.2,11.8,17.8,Azithromycin,7,392,Azithromycin,3,3819,0,0,0,4.54
19-Aug-2025,General Medicine,227,74002,326,524.8368794,7.5,20.5,Metformin,48,2352,Paracetamol,7,10227,0,0,2,3.87
19-Aug-2025,General Surgery,58,23780,410,528.4444444,8.4,29.4,Pantoprazole,16,2400,Ceftriaxone,4,6100,0,0,0,4.46
19-Aug-2025,Nephrology,55,59565,1083,2382.6,19.3,46.3,Furosemide,9,1017,Tacrolimus,2,2352,0,0,0,3.72
19-Aug-2025,Neurology,58,34104,588,757.8666667,14.1,25.1,Levetiracetam,13,1144,Sodium Valproate,3,1509,0,0,0,4.16
19-Aug-2025,Gynecology & OBG,111,75036,676,1000.48,13.4,30.4,Oxytocin,20,2160,Iron-Folic Acid,7,12271,0,0,1,4.4
19-Aug-2025,Pediatrics,214,84744,396,642,7.6,14.6,Salbutamol,58,9802,Amoxicillin Syrup,7,6671,0,0,1,3.77
19-Aug-2025,Orthopedics,70,31920,456,967.2727273,7.6,33.6,Vitamin D3,13,611,Calcium,6,5760,0,0,0,3.81
19-Aug-2025,Cardiology,201,145524,724,1515.875,13.4,32.4,Amiodarone,60,1800,Atorvastatin,6,3912,0,0,1,3.87
19-Aug-2025,Pulmonology,30,18960,632,790,6.3,25.3,Azithromycin,6,870,Budesonide,0,0,0,0,0,4.59
20-Aug-2025,General Medicine,195,94380,484,983.125,14.4,42.4,Amlodipine,40,5840,Paracetamol,8,15712,0,0,0,3.71
20-Aug-2025,General Surgery,40,37800,945,1400,11.7,38.7,Tramadol,4,224,Ceftriaxone,3,4770,0,0,0,3.96
20-Aug-2025,Nephrology,20,27360,1368,1824,10.5,30.5,Sevelamer,6,588,Sevelamer,0,0,0,0,0,4.05
20-Aug-2025,Neurology,48,22800,475,712.5,6.5,16.5,Levetiracetam,12,660,Levetiracetam,1,827,0,0,0,3.87
20-Aug-2025,Gynecology & OBG,76,52744,694,1034.196078,12.1,39.1,Oxytocin,21,2205,Iron-Folic Acid,6,9924,0,0,0,4.38
20-Aug-2025,Pediatrics,401,147568,368,752.8979592,13.5,40.5,Salbutamol,48,6192,Salbutamol,21,19593,0,0,0,4.11
20-Aug-2025,Orthopedics,114,30666,269,340.7333333,8.6,33.6,Diclofenac,20,1220,Diclofenac,8,5280,0,0,1,4.77
20-Aug-2025,Cardiology,81,101250,1250,3068.181818,9.4,25.4,Atorvastatin,21,2751,Amiodarone,4,5404,0,0,0,4.23
20-Aug-2025,Pulmonology,42,34314,817,1143.8,11.6,29.6,Salbutamol Inhaler,6,168,Montelukast,2,1330,0,0,0,4.55
21-Aug-2025,General Medicine,253,95634,378,613.0384615,14,38,Paracetamol,42,2394,Amlodipine,5,8825,0,0,0,4.64
21-Aug-2025,General Surgery,69,49473,717,899.5090909,10.5,32.5,Tramadol,11,1419,Tramadol,4,7064,0,0,0,3.86
21-Aug-2025,Nephrology,122,126148,1034,2473.490196,12.9,36.9,Tacrolimus,19,1045,Sevelamer,2,1570,0,0,0,3.91
21-Aug-2025,Neurology,209,132297,633,1322.97,7.9,14.9,Clopidogrel,43,5547,Clopidogrel,4,4228,0,0,2,3.7
21-Aug-2025,Gynecology & OBG,160,52960,331,662,12.9,25.9,Metronidazole,48,5136,Iron-Folic Acid,13,23907,0,0,0,4.07
21-Aug-2025,Pediatrics,456,205200,450,1046.938776,17.2,41.2,Salbutamol,92,11960,Paracetamol Syrup,39,59085,0,0,2,4.28
21-Aug-2025,Orthopedics,81,53946,666,1634.727273,5.7,11.7,Vitamin D3,11,1793,Calcium,4,5896,0,0,0,4.48
21-Aug-2025,Cardiology,196,279496,1426,3038,8.1,36.1,Amiodarone,44,1936,Atorvastatin,4,6804,0,0,0,4.04
21-Aug-2025,Pulmonology,54,49410,915,2058.75,9.1,30.1,Salbutamol Inhaler,8,896,Budesonide,0,0,0,0,0,4.65
22-Aug-2025,General Medicine,341,218581,641,946.2380952,19,24,Amoxicillin,43,5074,Amoxicillin,6,5058,0,0,2,3.85
22-Aug-2025,General Surgery,131,99691,761,1954.72549,16.7,27.7,Pantoprazole,35,1715,Diclofenac,5,8460,0,0,0,3.33
22-Aug-2025,Nephrology,50,61000,1220,2440,5,11,Erythropoietin,8,720,Erythropoietin,0,0,0,0,0,3.6
22-Aug-2025,Neurology,66,14916,226,339,18.7,24.7,Aspirin,7,980,Aspirin,2,3608,0,0,0,4.52
22-Aug-2025,Gynecology & OBG,81,37503,463,1136.454545,19.7,37.7,Oxytocin,22,902,Metronidazole,1,1958,0,0,0,3.66
22-Aug-2025,Pediatrics,167,98363,589,855.3304348,10.8,40.8,Paracetamol Syrup,40,2080,ORS,3,3144,0,0,0,4.46
22-Aug-2025,Orthopedics,67,21038,314,438.2916667,7.4,14.4,Calcium,17,2958,Diclofenac,3,1620,0,0,0,3.65
22-Aug-2025,Cardiology,366,298656,816,1964.842105,10,36,Atorvastatin,78,10452,Aspirin,9,7290,0,0,0,4.19
22-Aug-2025,Pulmonology,99,41679,421,868.3125,15.4,41.4,Budesonide,26,4342,Montelukast,2,3272,0,0,0,4.29
23-Aug-2025,General Medicine,217,122171,563,1327.945652,17.7,42.7,Metformin,35,2555,Paracetamol,21,25704,0,0,0,4.07
23-Aug-2025,General Surgery,108,55080,510,1224,6.6,36.6,Tramadol,18,1458,Tramadol,0,0,0,0,1,3.66
23-Aug-2025,Nephrology,78,75192,964,1392.444444,13,32,Furosemide,12,792,Sevelamer,3,1731,0,0,0,4.21
23-Aug-2025,Neurology,103,34917,339,612.5789474,8.5,24.5,Sodium Valproate,29,5800,Clopidogrel,7,13531,0,0,1,3.84
23-Aug-2025,Gynecology & OBG,39,11583,297,429,5.3,14.3,Calcium,6,1134,Iron-Folic Acid,0,0,0,0,0,4.89
23-Aug-2025,Pediatrics,103,21218,206,275.5584416,14.1,32.1,Paracetamol Syrup,19,1007,Paracetamol Syrup,4,5244,0,0,0,3.85
23-Aug-2025,Orthopedics,48,11664,243,486,11.3,28.3,Calcium,7,1393,Vitamin D3,2,2426,0,0,0,4.77
23-Aug-2025,Cardiology,64,72512,1133,1450.24,14.6,32.6,Amiodarone,7,322,Amiodarone,2,2266,0,0,0,3.69
23-Aug-2025,Pulmonology,50,27200,544,1088,15.7,24.7,Salbutamol Inhaler,8,488,Azithromycin,0,0,0,0,0,4.75
24-Aug-2025,General Medicine,126,84420,670,927.6923077,10.5,20.5,Paracetamol,12,1044,Amoxicillin,4,4228,0,0,0,4.19
24-Aug-2025,General Surgery,44,40172,913,1826,12.5,18.5,Pantoprazole,6,648,Ceftriaxone,0,0,0,0,0,3.95
24-Aug-2025,Nephrology,75,68175,909,1175.431034,5.1,13.1,Erythropoietin,7,1106,Erythropoietin,7,7763,0,0,0,3.5
24-Aug-2025,Neurology,47,28623,609,1506.473684,15.6,38.6,Clopidogrel,8,1040,Clopidogrel,0,0,0,0,0,4.34
24-Aug-2025,Gynecology & OBG,35,13125,375,656.25,10.5,32.5,Oxytocin,3,501,Oxytocin,3,2100,0,0,0,3.63
24-Aug-2025,Pediatrics,212,118084,557,1135.423077,8.4,20.4,ORS,52,10140,ORS,8,15520,0,0,0,4.26
24-Aug-2025,Orthopedics,30,9690,323,646,18.4,32.4,Calcium,3,336,Calcium,3,2196,0,0,0,4.56
24-Aug-2025,Cardiology,194,231248,1192,2541.186813,14.3,19.3,Clopidogrel,25,4975,Aspirin,10,11630,0,0,0,3.86
24-Aug-2025,Pulmonology,33,31647,959,1318.625,14.2,28.2,Azithromycin,9,972,Salbutamol Inhaler,2,1504,0,0,0,4.25
25-Aug-2025,General Medicine,342,81396,238,288.6382979,17.5,30.5,Paracetamol,68,4352,Amlodipine,13,19565,0,1,1,3.56
25-Aug-2025,General Surgery,43,37066,862,1372.814815,6.1,20.1,Ceftriaxone,11,2068,Ceftriaxone,2,3780,0,0,0,3.54
25-Aug-2025,Nephrology,33,26433,801,979,7.4,12.4,Tacrolimus,7,413,Furosemide,3,4479,0,0,0,3.76
25-Aug-2025,Neurology,42,11508,274,383.6,12,38,Aspirin,12,1560,Clopidogrel,3,4431,0,0,0,3.81
25-Aug-2025,Gynecology & OBG,75,27300,364,853.125,10,29,Oxytocin,13,1196,Iron-Folic Acid,5,9195,0,0,0,4.61
25-Aug-2025,Pediatrics,225,75150,334,677.027027,19.9,27.9,Salbutamol,24,2256,Salbutamol,9,6966,0,0,1,4.14
25-Aug-2025,Orthopedics,46,13616,296,592,11.2,19.2,Calcium,13,1157,Paracetamol,3,4800,0,0,0,4.03
25-Aug-2025,Cardiology,464,348928,752,1586.036364,9.9,28.9,Atorvastatin,130,17030,Atorvastatin,11,11869,0,0,4,4.07
25-Aug-2025,Pulmonology,68,30600,450,556.3636364,11.6,16.6,Azithromycin,12,2064,Montelukast,4,3380,0,0,0,3.8
26-Aug-2025,General Medicine,298,149596,502,1060.964539,16.5,44.5,Paracetamol,49,4900,Metformin,18,26460,0,0,1,4.63
26-Aug-2025,General Surgery,188,94376,502,1048.622222,14.9,20.9,Tramadol,42,7308,Ceftriaxone,6,7128,0,0,1,4.21
26-Aug-2025,Nephrology,138,163944,1188,2732.4,6.5,19.5,Tacrolimus,25,775,Tacrolimus,7,4410,0,0,1,4.61
26-Aug-2025,Neurology,188,104528,556,1161.422222,16,41,Clopidogrel,38,4560,Clopidogrel,17,26571,0,0,0,4.66
26-Aug-2025,Gynecology & OBG,139,57129,411,1002.263158,6.1,16.1,Iron-Folic Acid,39,2262,Calcium,9,8676,0,0,0,3.79
26-Aug-2025,Pediatrics,212,89464,422,972.4347826,17.3,27.3,Paracetamol Syrup,27,3564,Amoxicillin Syrup,16,22448,0,0,1,4.33
26-Aug-2025,Orthopedics,54,27216,504,1134,15.4,42.4,Calcium,8,1088,Paracetamol,0,0,0,0,0,4.68
26-Aug-2025,Cardiology,236,331344,1404,2070.9,10.7,39.7,Amiodarone,36,2880,Atorvastatin,3,5196,0,0,2,4.58
26-Aug-2025,Pulmonology,174,137112,788,1987.130435,17.4,45.4,Montelukast,17,1666,Montelukast,5,8490,0,0,0,3.5
27-Aug-2025,General Medicine,103,55414,538,748.8378378,14.6,27.6,Paracetamol,25,800,Metformin,10,11660,0,0,1,4.47
27-Aug-2025,General Surgery,161,79695,495,1171.985294,9.4,24.4,Tramadol,24,1440,Diclofenac,1,636,0,0,0,4.24
27-Aug-2025,Nephrology,122,172508,1414,3382.509804,7.3,30.3,Erythropoietin,13,1937,Furosemide,8,6392,0,0,1,4.36
27-Aug-2025,Neurology,83,34030,410,708.9583333,15.8,27.8,Aspirin,9,747,Aspirin,2,1390,0,0,0,4.87
27-Aug-2025,Gynecology & OBG,118,42126,357,526.575,18,42,Metronidazole,23,2231,Iron-Folic Acid,2,3782,0,0,1,4.52
27-Aug-2025,Pediatrics,188,44744,238,382.4273504,19.5,32.5,Salbutamol,55,10725,Paracetamol Syrup,3,2127,0,0,0,4.65
27-Aug-2025,Orthopedics,30,13170,439,658.5,11.1,23.1,Vitamin D3,5,900,Calcium,1,1203,0,0,0,4.54
27-Aug-2025,Cardiology,128,127360,995,1592,14.2,43.2,Atorvastatin,24,1776,Aspirin,2,1444,0,0,1,4.35
27-Aug-2025,Pulmonology,24,16728,697,929.3333333,8.7,14.7,Salbutamol Inhaler,3,189,Montelukast,1,815,0,0,0,4.89
28-Aug-2025,General Medicine,382,165788,434,881.8510638,8.7,20.7,Amlodipine,44,4312,Amoxicillin,35,50575,0,0,1,4.26
28-Aug-2025,General Surgery,86,44462,517,855.0384615,12.2,25.2,Diclofenac,12,384,Pantoprazole,8,4328,0,0,0,4.16
28-Aug-2025,Nephrology,93,128619,1383,3215.475,17.6,34.6,Erythropoietin,14,1330,Sevelamer,3,3741,0,0,0,4.49
28-Aug-2025,Neurology,60,29640,494,1058.571429,18.1,37.1,Sodium Valproate,14,1246,Sodium Valproate,0,0,0,0,0,3.66
28-Aug-2025,Gynecology & OBG,54,21708,402,904.5,18.9,45.9,Oxytocin,13,1261,Metronidazole,4,3436,0,0,0,4.92
28-Aug-2025,Pediatrics,106,23320,220,315.1351351,14.3,26.3,Amoxicillin Syrup,27,1458,Amoxicillin Syrup,6,3822,0,0,0,3.61
28-Aug-2025,Orthopedics,59,31329,531,783.225,7.4,15.4,Calcium,10,1380,Calcium,2,2158,0,0,0,4.2
28-Aug-2025,Cardiology,54,71604,1326,2386.8,6.2,16.2,Amiodarone,9,801,Atorvastatin,4,6560,0,0,0,3.56
28-Aug-2025,Pulmonology,106,57134,539,1190.291667,13.8,34.8,Azithromycin,19,2128,Budesonide,1,955,0,0,1,3.47
29-Aug-2025,General Medicine,106,32118,303,377.8588235,18.2,28.2,Metformin,28,4452,Paracetamol,7,11452,0,0,0,3.71
29-Aug-2025,General Surgery,130,101530,781,1880.185185,14.5,35.5,Diclofenac,27,4509,Diclofenac,8,9376,0,0,0,4.43
29-Aug-2025,Nephrology,104,138008,1327,2654,7.5,13.5,Furosemide,31,2821,Tacrolimus,4,4732,0,0,1,3.42
29-Aug-2025,Neurology,193,44390,230,467.2631579,5.3,28.3,Levetiracetam,22,1848,Sodium Valproate,15,13290,0,0,1,4.58
29-Aug-2025,Gynecology & OBG,94,47564,506,792.7333333,15.1,23.1,Iron-Folic Acid,24,2736,Calcium,6,4338,0,0,0,4.86
29-Aug-2025,Pediatrics,125,61500,492,723.5294118,10.4,15.4,ORS,27,3321,Salbutamol,4,4996,0,0,1,3.75
29-Aug-2025,Orthopedics,57,38589,677,1429.222222,15.4,33.4,Calcium,7,329,Vitamin D3,5,6390,0,0,0,4.67
29-Aug-2025,Cardiology,40,59600,1490,1986.666667,9.9,15.9,Clopidogrel,6,624,Clopidogrel,0,0,0,0,0,4.28
29-Aug-2025,Pulmonology,86,44462,517,673.6666667,7.5,19.5,Budesonide,12,612,Montelukast,7,13461,0,0,0,4.16
30-Aug-2025,General Medicine,149,72414,486,731.4545455,7.6,14.6,Amlodipine,27,5373,Paracetamol,6,3084,0,0,1,3.99
30-Aug-2025,General Surgery,25,22725,909,1515,8,27,Ceftriaxone,3,405,Tramadol,0,0,0,0,0,4
30-Aug-2025,Nephrology,73,91761,1257,1911.6875,17.3,23.3,Furosemide,16,2688,Sevelamer,5,4105,0,0,0,4.72
30-Aug-2025,Neurology,45,10980,244,549,17.1,41.1,Sodium Valproate,8,280,Aspirin,1,801,0,0,0,4.23
30-Aug-2025,Gynecology & OBG,213,92229,433,970.8315789,8.7,33.7,Iron-Folic Acid,53,2862,Oxytocin,18,9540,0,0,2,4.31
30-Aug-2025,Pediatrics,422,200028,474,966.3188406,7.5,29.5,Amoxicillin Syrup,80,12320,ORS,26,44486,0,1,3,3.88
30-Aug-2025,Orthopedics,120,69000,575,1210.526316,13.8,41.8,Vitamin D3,19,1349,Calcium,1,1355,0,0,0,4.73
30-Aug-2025,Cardiology,363,448668,1236,2951.763158,15.5,23.5,Amiodarone,104,16224,Aspirin,32,23808,0,1,2,4.35
30-Aug-2025,Pulmonology,108,76896,712,926.4578313,13.2,40.2,Azithromycin,11,1738,Salbutamol Inhaler,1,849,0,0,0,3.78
31-Aug-2025,General Medicine,95,44935,473,748.9166667,6.9,33.9,Paracetamol,19,2261,Amlodipine,8,6696,0,0,0,3.89
31-Aug-2025,General Surgery,33,20625,625,1085.526316,6.7,24.7,Diclofenac,5,930,Pantoprazole,1,521,0,0,0,4.42
31-Aug-2025,Nephrology,97,110774,1142,2356.893617,19,48,Sevelamer,11,1397,Furosemide,1,1299,0,0,0,3.43
31-Aug-2025,Neurology,59,12272,208,438.2857143,18.6,45.6,Aspirin,6,1134,Aspirin,0,0,0,0,0,3.68
31-Aug-2025,Gynecology & OBG,34,16422,483,821.1,8,23,Metronidazole,5,990,Calcium,3,1608,0,0,0,4.66
31-Aug-2025,Pediatrics,174,116928,672,1646.873239,6.9,18.9,Salbutamol,27,2619,ORS,15,29055,0,0,0,3.75
31-Aug-2025,Orthopedics,37,24827,671,1128.5,11.6,35.6,Paracetamol,9,1116,Vitamin D3,3,2787,0,0,0,3.54
31-Aug-2025,Cardiology,157,204571,1303,3247.15873,10.4,33.4,Aspirin,31,5363,Atorvastatin,11,13574,0,0,1,4.15
31-Aug-2025,Pulmonology,58,33640,580,1160,18.5,47.5,Azithromycin,12,648,Salbutamol Inhaler,4,7876,0,0,0,4.19
1-Sep-2025,General Medicine,215,114810,534,918.48,10.9,30.9,Amlodipine,58,10962,Amoxicillin,10,7110,0,0,0,4.31
1-Sep-2025,General Surgery,108,100440,930,1375.890411,7.1,14.1,Diclofenac,13,1079,Pantoprazole,2,2106,0,0,1,3.34
1-Sep-2025,Nephrology,245,267785,1093,2434.409091,6.1,24.1,Furosemide,32,3296,Furosemide,19,11666,0,0,2,4.08
1-Sep-2025,Neurology,177,108855,615,1251.206897,9.5,34.5,Aspirin,38,5358,Aspirin,3,5253,0,0,0,4.36
1-Sep-2025,Gynecology & OBG,70,33180,474,603.2727273,5.7,11.7,Calcium,7,1218,Metronidazole,7,10640,0,0,0,3.9
1-Sep-2025,Pediatrics,134,72762,543,1119.415385,6.8,16.8,Paracetamol Syrup,35,2975,Amoxicillin Syrup,11,16808,0,0,1,3.71
1-Sep-2025,Orthopedics,159,86337,543,1106.884615,15,24,Vitamin D3,27,4374,Vitamin D3,0,0,0,0,1,3.79
1-Sep-2025,Cardiology,96,73056,761,1028.957746,11,16,Clopidogrel,21,2331,Aspirin,3,3645,0,0,0,3.34
1-Sep-2025,Pulmonology,93,87420,940,1649.433962,18.1,27.1,Salbutamol Inhaler,11,1892,Salbutamol Inhaler,8,15232,0,0,0,4.33
2-Sep-2025,General Medicine,140,63840,456,967.2727273,15.6,26.6,Amoxicillin,41,1394,Amlodipine,3,2718,0,0,0,3.9
2-Sep-2025,General Surgery,48,42048,876,1314,12,27,Pantoprazole,10,270,Tramadol,2,3376,0,0,0,4
2-Sep-2025,Nephrology,166,246676,1486,3083.45,7.4,35.4,Erythropoietin,31,3937,Tacrolimus,13,9659,0,0,0,3.65
2-Sep-2025,Neurology,203,112462,554,1124.62,10.9,33.9,Aspirin,49,1764,Aspirin,8,12968,0,0,0,3.46
2-Sep-2025,Gynecology & OBG,199,124972,628,1470.258824,10.3,39.3,Oxytocin,41,2706,Calcium,8,15392,0,0,0,4.45
2-Sep-2025,Pediatrics,370,252340,682,1441.942857,6.8,15.8,Paracetamol Syrup,69,1863,Amoxicillin Syrup,4,4268,0,0,3,4.49
2-Sep-2025,Orthopedics,107,34133,319,656.4038462,9.5,23.5,Diclofenac,10,1850,Calcium,4,4656,0,0,0,4.28
2-Sep-2025,Cardiology,207,231012,1116,1974.461538,5,16,Amiodarone,45,6930,Aspirin,7,10332,0,0,1,4.16
2-Sep-2025,Pulmonology,85,38505,453,726.509434,7.1,25.1,Azithromycin,22,2024,Azithromycin,2,3334,0,0,0,3.74
3-Sep-2025,General Medicine,398,104276,262,592.4772727,13.1,21.1,Amlodipine,82,7626,Paracetamol,9,9135,0,0,2,3.37
3-Sep-2025,General Surgery,25,17325,693,1155,6.8,22.8,Diclofenac,2,272,Diclofenac,1,1699,0,0,0,4.17
3-Sep-2025,Nephrology,97,80510,830,1238.615385,5.3,33.3,Sevelamer,27,1512,Sevelamer,2,2330,0,0,0,3.53
3-Sep-2025,Neurology,39,12948,332,479.5555556,19.5,49.5,Clopidogrel,8,1384,Sodium Valproate,3,3009,0,0,0,4.01
3-Sep-2025,Gynecology & OBG,43,27993,651,874.78125,11.6,21.6,Iron-Folic Acid,5,270,Calcium,4,6588,0,0,0,3.98
3-Sep-2025,Pediatrics,338,86190,255,373.1168831,17.9,46.9,Salbutamol,66,2376,ORS,17,33082,0,1,3,4.28
3-Sep-2025,Orthopedics,133,40698,306,428.4,11,34,Diclofenac,28,1988,Calcium,0,0,0,0,1,4.59
3-Sep-2025,Cardiology,234,239616,1024,1331.2,8.6,31.6,Atorvastatin,60,6660,Clopidogrel,19,26980,0,0,1,3.8
3-Sep-2025,Pulmonology,83,37101,447,927.525,6.2,23.2,Montelukast,11,2035,Salbutamol Inhaler,2,3612,0,0,0,3.88
4-Sep-2025,General Medicine,225,131850,586,1054.8,9.4,38.4,Amlodipine,45,7245,Amoxicillin,0,0,0,0,2,3.27
4-Sep-2025,General Surgery,103,76323,741,1004.25,13,42,Tramadol,17,2975,Tramadol,9,15237,0,0,0,4.87
4-Sep-2025,Nephrology,35,47705,1363,1703.75,15.7,30.7,Sevelamer,5,935,Erythropoietin,1,895,0,0,0,3.86
4-Sep-2025,Neurology,44,22308,507,743.6,11,18,Clopidogrel,10,560,Sodium Valproate,1,929,0,0,0,4.57
4-Sep-2025,Gynecology & OBG,50,25150,503,762.1212121,18.9,39.9,Iron-Folic Acid,6,666,Oxytocin,5,3490,0,0,0,4.47
4-Sep-2025,Pediatrics,143,63778,446,596.0560748,15.6,36.6,Amoxicillin Syrup,27,999,ORS,8,9816,0,0,1,3.3
4-Sep-2025,Orthopedics,73,21535,295,414.1346154,16.5,35.5,Calcium,11,561,Diclofenac,7,9884,0,0,0,3.86
4-Sep-2025,Cardiology,246,273306,1111,2679.470588,16.7,23.7,Aspirin,34,4352,Aspirin,14,26306,0,0,2,3.97
4-Sep-2025,Pulmonology,66,53526,811,1784.2,8.7,19.7,Montelukast,12,384,Montelukast,6,9378,0,0,0,4.28
5-Sep-2025,General Medicine,314,97654,311,646.7152318,15.1,26.1,Amoxicillin,90,3060,Metformin,0,0,0,0,2,3.83
5-Sep-2025,General Surgery,46,28014,609,933.8,16.6,25.6,Pantoprazole,11,2090,Ceftriaxone,3,3717,0,0,0,4.65
5-Sep-2025,Nephrology,95,75430,794,1160.461538,14.1,30.1,Erythropoietin,16,2640,Sevelamer,9,15093,0,0,0,4.05
5-Sep-2025,Neurology,46,19228,418,549.3714286,17.8,28.8,Levetiracetam,13,1183,Levetiracetam,1,852,0,0,0,4.92
5-Sep-2025,Gynecology & OBG,80,45760,572,1386.666667,9.1,14.1,Oxytocin,18,3132,Oxytocin,2,3924,0,0,0,3.41
5-Sep-2025,Pediatrics,183,76677,419,744.4368932,18.3,37.3,Amoxicillin Syrup,39,3939,Salbutamol,15,8400,0,0,1,4.49
5-Sep-2025,Orthopedics,148,72224,488,722.24,13.9,24.9,Paracetamol,15,315,Vitamin D3,11,15378,0,0,0,3.63
5-Sep-2025,Cardiology,275,390225,1419,2109.324324,16.6,41.6,Amiodarone,76,14136,Aspirin,18,33912,0,0,0,3.76
5-Sep-2025,Pulmonology,30,12780,426,710,16.4,38.4,Budesonide,6,510,Montelukast,0,0,0,0,0,4.29
6-Sep-2025,General Medicine,420,179340,427,866.3768116,19.3,32.3,Metformin,104,10296,Paracetamol,28,36400,0,1,4,3.64
6-Sep-2025,General Surgery,88,46024,523,958.8333333,19.6,48.6,Diclofenac,20,1000,Diclofenac,8,13936,0,0,0,4.25
6-Sep-2025,Nephrology,152,222984,1467,3097,9.1,16.1,Sevelamer,22,1452,Erythropoietin,13,13364,0,0,1,3.9
6-Sep-2025,Neurology,94,49914,531,924.3333333,14.1,34.1,Clopidogrel,10,370,Aspirin,9,15759,0,0,0,3.66
6-Sep-2025,Gynecology & OBG,80,23760,297,594,11.8,16.8,Metronidazole,16,2256,Iron-Folic Acid,3,3633,0,0,0,4.16
6-Sep-2025,Pediatrics,104,36504,351,629.3793103,5.6,21.6,Salbutamol,18,846,ORS,0,0,0,0,1,4.11
6-Sep-2025,Orthopedics,195,81120,416,954.3529412,11.6,33.6,Vitamin D3,41,2624,Diclofenac,7,11053,0,0,1,3.69
6-Sep-2025,Cardiology,163,204728,1256,2559.1,12,31,Aspirin,34,5882,Clopidogrel,1,1783,0,0,0,4.94
6-Sep-2025,Pulmonology,175,144200,824,1253.913043,16.3,46.3,Budesonide,50,5900,Azithromycin,8,6752,0,0,0,4.37
7-Sep-2025,General Medicine,126,48258,383,817.9322034,18.2,31.2,Amoxicillin,36,6300,Paracetamol,5,9055,0,0,0,4.56
7-Sep-2025,General Surgery,38,29412,774,1548,6.8,21.8,Tramadol,4,564,Ceftriaxone,2,2578,0,0,0,4.24
7-Sep-2025,Nephrology,51,31569,619,956.6363636,19.1,29.1,Furosemide,7,434,Sevelamer,5,4855,0,0,0,4.94
7-Sep-2025,Neurology,52,26208,504,936,5.1,31.1,Aspirin,11,594,Aspirin,1,646,0,0,0,3.78
7-Sep-2025,Gynecology & OBG,91,25389,279,725.4,8.2,36.2,Calcium,19,2318,Oxytocin,1,1032,0,0,0,3.94
7-Sep-2025,Pediatrics,94,58562,623,1626.722222,14.6,19.6,Salbutamol,10,1350,ORS,7,10311,0,0,0,3.85
7-Sep-2025,Orthopedics,34,20944,616,952,13.5,30.5,Vitamin D3,8,376,Diclofenac,1,1043,0,0,0,4.13
7-Sep-2025,Cardiology,50,71050,1421,3229.545455,13,38,Aspirin,9,873,Atorvastatin,2,1344,0,0,0,4.46
7-Sep-2025,Pulmonology,57,45828,804,1909.5,9.2,37.2,Budesonide,17,1921,Budesonide,4,2912,0,0,0,3.87
8-Sep-2025,General Medicine,204,77316,379,888.6896552,10.3,20.3,Amlodipine,46,2622,Amlodipine,5,4165,0,0,0,3.92
8-Sep-2025,General Surgery,145,90625,625,1416.015625,8.7,23.7,Tramadol,43,4171,Tramadol,8,5912,0,0,1,4.61
8-Sep-2025,Nephrology,76,95152,1252,2643.111111,9.9,36.9,Furosemide,15,1200,Tacrolimus,5,8690,0,0,0,4.64
8-Sep-2025,Neurology,72,40032,556,800.64,16.1,40.1,Clopidogrel,11,1507,Sodium Valproate,5,4115,0,0,0,3.56
8-Sep-2025,Gynecology & OBG,82,27224,332,425.375,11.9,37.9,Calcium,12,1764,Oxytocin,4,4220,0,0,0,3.65
8-Sep-2025,Pediatrics,158,95432,604,1468.184615,7.9,27.9,Paracetamol Syrup,45,9000,Paracetamol Syrup,0,0,0,0,0,3.99
8-Sep-2025,Orthopedics,158,35866,227,491.3150685,11.4,30.4,Calcium,43,2193,Paracetamol,8,4040,0,0,0,4.22
8-Sep-2025,Cardiology,77,69762,906,1885.459459,7.4,35.4,Aspirin,16,2304,Clopidogrel,4,5936,0,0,0,3.92
8-Sep-2025,Pulmonology,183,166530,910,1850.333333,10.9,19.9,Montelukast,26,4836,Budesonide,3,5508,0,0,0,3.73
9-Sep-2025,General Medicine,210,77280,368,750.2912621,11.4,40.4,Amlodipine,33,1089,Paracetamol,12,14892,0,0,1,3.72
9-Sep-2025,General Surgery,35,21840,624,1456,9.9,28.9,Diclofenac,9,819,Tramadol,3,1941,0,0,0,3.8
9-Sep-2025,Nephrology,64,42496,664,1011.809524,8,33,Erythropoietin,16,480,Sevelamer,4,2644,0,0,0,4.41
9-Sep-2025,Neurology,81,26730,330,594,6.1,32.1,Clopidogrel,23,2829,Aspirin,4,2060,0,0,0,3.49
9-Sep-2025,Gynecology & OBG,55,23265,423,528.75,12.5,20.5,Metronidazole,9,855,Calcium,3,2463,0,0,0,4.44
9-Sep-2025,Pediatrics,298,191018,641,1005.357895,14.1,44.1,ORS,59,4602,Salbutamol,2,1460,0,0,1,4.26
9-Sep-2025,Orthopedics,58,22040,380,816.2962963,16,36,Calcium,16,416,Calcium,4,3880,0,0,0,4.22
9-Sep-2025,Cardiology,206,196318,953,1266.567742,10.6,40.6,Atorvastatin,53,1908,Atorvastatin,18,15174,0,0,1,4.46
9-Sep-2025,Pulmonology,102,87822,861,1722,19.3,42.3,Azithromycin,28,1400,Azithromycin,3,1620,0,0,1,3.59
10-Sep-2025,General Medicine,404,256944,636,1310.938776,13.1,26.1,Amoxicillin,50,9450,Paracetamol,15,17625,0,0,4,3.63
10-Sep-2025,General Surgery,84,77700,925,1295,12.9,41.9,Diclofenac,8,280,Ceftriaxone,8,9112,0,0,0,4.29
10-Sep-2025,Nephrology,49,40082,818,1908.666667,12.4,22.4,Furosemide,4,756,Sevelamer,3,3159,0,0,0,3.62
10-Sep-2025,Neurology,46,15502,337,553.6428571,15.7,43.7,Clopidogrel,7,1309,Sodium Valproate,0,0,0,0,0,4.07
10-Sep-2025,Gynecology & OBG,24,13080,545,726.6666667,14.9,19.9,Oxytocin,7,1099,Iron-Folic Acid,0,0,0,0,0,4.24
10-Sep-2025,Pediatrics,225,51525,229,464.1891892,6.8,12.8,Salbutamol,66,4488,Salbutamol,1,1941,0,0,1,4.03
10-Sep-2025,Orthopedics,100,29800,298,465.625,7.5,34.5,Paracetamol,29,1479,Paracetamol,6,8826,0,0,0,4.59
10-Sep-2025,Cardiology,109,158268,1452,1978.35,7.5,35.5,Aspirin,26,4134,Aspirin,5,3680,0,0,1,4.83
10-Sep-2025,Pulmonology,96,70848,738,1476,18.8,42.8,Montelukast,19,3078,Salbutamol Inhaler,2,1740,0,0,0,4.65
11-Sep-2025,General Medicine,142,89176,628,1292.405797,19.3,36.3,Amoxicillin,31,1581,Metformin,12,18192,0,0,0,4.64
11-Sep-2025,General Surgery,98,74774,763,1780.333333,18.8,25.8,Diclofenac,16,608,Tramadol,1,833,0,0,0,4.66
11-Sep-2025,Nephrology,76,86868,1143,2413,8.3,28.3,Furosemide,9,1224,Sevelamer,6,8700,0,0,0,4.12
11-Sep-2025,Neurology,35,13020,372,520.8,15,40,Levetiracetam,3,312,Aspirin,0,0,0,0,0,3.81
11-Sep-2025,Gynecology & OBG,108,25056,232,368.4705882,11.5,33.5,Iron-Folic Acid,11,1309,Calcium,10,13740,0,0,0,3.84
11-Sep-2025,Pediatrics,308,74536,242,305.4754098,13,31,Amoxicillin Syrup,79,6241,Salbutamol,18,22014,0,0,0,3.71
11-Sep-2025,Orthopedics,168,51912,309,721,18.3,33.3,Paracetamol,40,1360,Vitamin D3,5,4475,0,0,1,4.46
11-Sep-2025,Cardiology,260,377520,1452,2097.333333,8.5,27.5,Amiodarone,45,1620,Clopidogrel,1,1892,0,0,1,3.89
11-Sep-2025,Pulmonology,207,136827,661,1503.593407,17,46,Budesonide,44,2244,Montelukast,20,24960,0,0,2,3.42
12-Sep-2025,General Medicine,172,97696,568,1061.913043,11.8,31.8,Amlodipine,47,6862,Metformin,11,13552,0,0,0,4.03
12-Sep-2025,General Surgery,102,78438,769,1743.066667,8.3,27.3,Tramadol,15,2220,Ceftriaxone,5,9435,0,0,1,3.53
12-Sep-2025,Nephrology,132,79464,602,794.64,13.8,35.8,Sevelamer,13,1651,Sevelamer,13,16094,0,0,0,3.52
12-Sep-2025,Neurology,106,59890,565,998.1666667,9.4,22.4,Clopidogrel,16,2672,Clopidogrel,10,14330,0,0,1,3.77
12-Sep-2025,Gynecology & OBG,52,27456,528,784.4571429,18.9,29.9,Oxytocin,10,1130,Metronidazole,1,1611,0,0,0,4.51
12-Sep-2025,Pediatrics,386,223494,579,1221.278689,17.9,25.9,ORS,113,8362,ORS,36,42372,0,0,2,4.59
12-Sep-2025,Orthopedics,54,19602,363,653.4,14.3,43.3,Calcium,14,938,Vitamin D3,4,6652,0,0,0,4.47
12-Sep-2025,Cardiology,188,131788,701,1497.590909,13.5,28.5,Aspirin,32,2208,Clopidogrel,7,13657,0,0,0,4.09
12-Sep-2025,Pulmonology,124,104904,846,1140.26087,15.9,30.9,Montelukast,33,1221,Azithromycin,0,0,0,0,1,3.43
13-Sep-2025,General Medicine,319,140679,441,679.6086957,8.3,31.3,Amoxicillin,36,6912,Amlodipine,30,25200,0,0,0,4.42
13-Sep-2025,General Surgery,166,163842,987,2048.025,17.1,45.1,Ceftriaxone,26,3874,Ceftriaxone,15,16395,0,0,1,3.59
13-Sep-2025,Nephrology,63,62307,989,2307.666667,14.2,38.2,Erythropoietin,16,1072,Tacrolimus,5,2585,0,0,0,4.49
13-Sep-2025,Neurology,79,22989,291,403.3157895,10.7,39.7,Sodium Valproate,9,1620,Clopidogrel,1,1299,0,0,0,4.49
13-Sep-2025,Gynecology & OBG,66,15312,232,340.2666667,14.6,21.6,Calcium,15,1395,Calcium,6,7188,0,0,0,4.33
13-Sep-2025,Pediatrics,182,101010,555,827.9508197,12.6,17.6,Paracetamol Syrup,42,1092,Salbutamol,17,15538,0,0,1,4.36
13-Sep-2025,Orthopedics,40,26720,668,1336,5.3,29.3,Calcium,10,1060,Paracetamol,1,979,0,0,0,3.73
13-Sep-2025,Cardiology,229,305028,1332,3279.870968,9.9,30.9,Atorvastatin,38,4484,Aspirin,6,3252,0,0,1,3.6
13-Sep-2025,Pulmonology,139,119679,861,2063.431034,16.2,21.2,Salbutamol Inhaler,30,2640,Budesonide,12,18588,0,0,1,4.05
14-Sep-2025,General Medicine,185,50690,274,675.8666667,16.3,30.3,Paracetamol,23,1679,Amlodipine,8,9752,0,0,0,4.42
14-Sep-2025,General Surgery,69,29877,433,635.6808511,13.2,24.2,Tramadol,9,1773,Ceftriaxone,6,3012,0,0,0,4.8
14-Sep-2025,Nephrology,79,50244,636,913.5272727,19.6,42.6,Tacrolimus,14,728,Furosemide,7,9506,0,0,0,4.57
14-Sep-2025,Neurology,56,11648,208,485.3333333,14.8,21.8,Clopidogrel,5,830,Clopidogrel,3,4566,0,0,0,4.22
14-Sep-2025,Gynecology & OBG,53,35404,668,1416.16,6,24,Iron-Folic Acid,5,190,Oxytocin,1,605,0,0,0,4.2
14-Sep-2025,Pediatrics,155,40145,259,337.3529412,15.6,22.6,Amoxicillin Syrup,41,3690,ORS,5,4535,0,0,0,3.86
14-Sep-2025,Orthopedics,32,10816,338,772.5714286,10.7,30.7,Calcium,4,772,Paracetamol,0,0,0,0,0,4.61
14-Sep-2025,Cardiology,172,137944,802,1999.188406,19.5,28.5,Clopidogrel,40,5680,Clopidogrel,12,16740,0,0,0,4.57
14-Sep-2025,Pulmonology,72,64080,890,1281.6,10.9,24.9,Budesonide,21,1596,Azithromycin,7,4718,0,0,0,3.76
15-Sep-2025,General Medicine,324,75168,232,481.8461538,6.2,27.2,Amlodipine,85,3145,Amoxicillin,9,17262,0,0,3,3.87
15-Sep-2025,General Surgery,55,37510,682,937.75,19.2,27.2,Tramadol,8,1280,Diclofenac,2,2400,0,0,0,4.51
15-Sep-2025,Nephrology,75,108900,1452,2317.021277,5.4,18.4,Sevelamer,9,333,Tacrolimus,7,12544,0,0,0,4.12
15-Sep-2025,Neurology,46,13064,284,384.2352941,15.8,24.8,Aspirin,7,840,Levetiracetam,0,0,0,0,0,4.09
15-Sep-2025,Gynecology & OBG,84,26040,310,651,5.2,24.2,Metronidazole,17,1326,Calcium,4,6560,0,0,0,4.47
15-Sep-2025,Pediatrics,213,104157,489,646.9378882,8.5,33.5,Paracetamol Syrup,27,1620,Paracetamol Syrup,8,7888,0,0,0,4.46
15-Sep-2025,Orthopedics,59,16756,284,408.6829268,18.3,29.3,Vitamin D3,6,954,Diclofenac,2,1434,0,0,0,4.26
15-Sep-2025,Cardiology,393,400467,1019,2355.688235,17.8,39.8,Aspirin,67,8040,Atorvastatin,8,7616,0,0,1,3.82
15-Sep-2025,Pulmonology,107,97691,913,2170.911111,8.3,31.3,Montelukast,24,4752,Budesonide,6,5742,0,0,1,4.43
16-Sep-2025,General Medicine,206,118038,573,737.7375,9.3,37.3,Amoxicillin,61,4026,Metformin,18,30456,0,0,2,4.36
16-Sep-2025,General Surgery,54,26352,488,658.8,6.4,16.4,Pantoprazole,15,2145,Tramadol,5,5625,0,0,0,4.61
16-Sep-2025,Nephrology,88,85624,973,1223.2,19.7,40.7,Sevelamer,25,2425,Sevelamer,2,3544,0,0,0,4.56
16-Sep-2025,Neurology,70,17640,252,352.8,5.4,11.4,Levetiracetam,21,2793,Sodium Valproate,2,3528,0,0,0,4.68
16-Sep-2025,Gynecology & OBG,30,18450,615,1230,8.5,20.5,Calcium,8,1184,Iron-Folic Acid,2,2408,0,0,0,4.38
16-Sep-2025,Pediatrics,196,117404,599,1235.831579,8.7,35.7,Salbutamol,32,4064,Paracetamol Syrup,17,31875,0,0,0,3.88
16-Sep-2025,Orthopedics,141,28200,200,470,10.1,33.1,Diclofenac,42,5208,Diclofenac,5,5045,0,0,0,4.87
16-Sep-2025,Cardiology,238,314160,1320,1698.162162,19.5,24.5,Amiodarone,30,4470,Amiodarone,8,10480,0,0,1,4.84
16-Sep-2025,Pulmonology,49,41944,856,1198.4,18.5,45.5,Budesonide,11,484,Montelukast,0,0,0,0,0,4.58
17-Sep-2025,General Medicine,271,112736,416,963.5555556,16.3,46.3,Metformin,36,1872,Paracetamol,25,36650,0,0,0,4.33
17-Sep-2025,General Surgery,45,44685,993,1276.714286,15.1,27.1,Diclofenac,8,776,Ceftriaxone,4,7548,0,0,0,3.78
17-Sep-2025,Nephrology,93,130107,1399,2891.266667,12.4,24.4,Tacrolimus,13,1261,Furosemide,7,7308,0,0,0,4.06
17-Sep-2025,Neurology,20,12300,615,820,7.1,13.1,Sodium Valproate,2,162,Clopidogrel,2,2668,0,0,0,3.98
17-Sep-2025,Gynecology & OBG,108,23544,218,461.6470588,12.2,42.2,Iron-Folic Acid,23,2921,Metronidazole,2,1934,0,0,0,4.67
17-Sep-2025,Pediatrics,148,90576,612,879.3786408,5.7,20.7,Salbutamol,26,2002,Paracetamol Syrup,9,6390,0,0,0,4.27
17-Sep-2025,Orthopedics,84,47628,567,1323,16.6,28.6,Calcium,17,2601,Diclofenac,8,11520,0,0,0,3.58
17-Sep-2025,Cardiology,223,226791,1017,1938.384615,9.8,16.8,Aspirin,64,10816,Clopidogrel,22,35156,0,0,1,3.48
17-Sep-2025,Pulmonology,96,52416,546,1092,14,28,Salbutamol Inhaler,10,580,Salbutamol Inhaler,4,3968,0,0,0,4.44
18-Sep-2025,General Medicine,179,51194,286,387.8333333,19.3,39.3,Metformin,29,1566,Amoxicillin,8,12232,0,0,1,4.04
18-Sep-2025,General Surgery,30,27480,916,1526.666667,18.6,36.6,Pantoprazole,8,1056,Pantoprazole,3,3639,0,0,0,4.5
18-Sep-2025,Nephrology,150,97500,650,1300,16.9,37.9,Erythropoietin,32,3424,Tacrolimus,4,6696,0,0,0,4.16
18-Sep-2025,Neurology,54,11286,209,313.5,19.9,45.9,Sodium Valproate,6,984,Levetiracetam,1,659,0,0,0,3.61
18-Sep-2025,Gynecology & OBG,82,23698,289,415.754386,12.1,19.1,Calcium,13,650,Metronidazole,2,2346,0,0,0,3.54
18-Sep-2025,Pediatrics,316,109968,348,504.440367,11.1,35.1,Salbutamol,67,7973,Amoxicillin Syrup,16,12896,0,0,0,4.57
18-Sep-2025,Orthopedics,96,28896,301,535.1111111,17.5,47.5,Diclofenac,10,540,Vitamin D3,9,10530,0,0,0,4.53
18-Sep-2025,Cardiology,390,519870,1333,3058.058824,5.7,20.7,Amiodarone,115,16215,Clopidogrel,8,4552,0,0,3,3.73
18-Sep-2025,Pulmonology,116,101848,878,1756,6.7,36.7,Montelukast,26,1222,Montelukast,10,7170,0,0,1,3.84
19-Sep-2025,General Medicine,99,20394,206,295.5652174,18.4,29.4,Amoxicillin,11,1353,Amlodipine,2,1326,0,0,0,3.69
19-Sep-2025,General Surgery,44,38852,883,1177.333333,11.1,24.1,Pantoprazole,7,819,Diclofenac,0,0,0,0,0,4.46
19-Sep-2025,Nephrology,109,72376,664,904.7,14.4,23.4,Erythropoietin,19,2090,Tacrolimus,6,3564,0,0,1,4.77
19-Sep-2025,Neurology,30,9690,323,484.5,7.4,15.4,Levetiracetam,7,420,Clopidogrel,1,1960,0,0,0,4.44
19-Sep-2025,Gynecology & OBG,101,32017,317,421.2763158,17.2,36.2,Iron-Folic Acid,10,870,Calcium,6,4236,0,0,1,4.14
19-Sep-2025,Pediatrics,178,112140,630,1319.294118,8,17,Paracetamol Syrup,23,621,ORS,13,25090,0,0,1,3.4
19-Sep-2025,Orthopedics,81,39366,486,715.7454545,19.1,27.1,Paracetamol,16,2192,Vitamin D3,5,8365,0,0,0,4.56
19-Sep-2025,Cardiology,143,147576,1032,1366.444444,14.5,28.5,Amiodarone,30,4290,Aspirin,9,13221,0,0,1,3.54
19-Sep-2025,Pulmonology,98,59388,606,1212,7.5,13.5,Montelukast,27,1836,Salbutamol Inhaler,9,17469,0,0,0,4.84
20-Sep-2025,General Medicine,82,22304,272,359.7419355,12.1,17.1,Metformin,19,513,Amlodipine,6,10146,0,0,0,4.64
20-Sep-2025,General Surgery,78,78000,1000,1444.444444,12.6,37.6,Diclofenac,14,658,Pantoprazole,0,0,0,0,0,4.24
20-Sep-2025,Nephrology,91,84448,928,1919.272727,11.8,31.8,Erythropoietin,21,1596,Sevelamer,8,7864,0,0,0,3.65
20-Sep-2025,Neurology,80,53200,665,1612.121212,14.2,36.2,Sodium Valproate,11,1023,Aspirin,7,3794,0,0,0,4.77
20-Sep-2025,Gynecology & OBG,80,27440,343,762.2222222,13.5,33.5,Iron-Folic Acid,19,3249,Iron-Folic Acid,3,4662,0,0,0,3.86
20-Sep-2025,Pediatrics,184,101384,551,1152.090909,12.8,20.8,Amoxicillin Syrup,26,3510,Amoxicillin Syrup,2,2346,0,0,0,4.63
20-Sep-2025,Orthopedics,114,52212,458,949.3090909,19.6,30.6,Paracetamol,25,3125,Calcium,7,4130,0,0,1,3.74
20-Sep-2025,Cardiology,98,94374,963,2097.2,17.3,31.3,Aspirin,17,1003,Clopidogrel,7,12229,0,0,0,3.99
20-Sep-2025,Pulmonology,274,176182,643,1444.114754,15.8,42.8,Budesonide,60,10860,Montelukast,15,9420,0,0,0,3.91
21-Sep-2025,General Medicine,164,37884,231,308,13.1,19.1,Metformin,47,6580,Amlodipine,10,9010,0,0,1,4.26
21-Sep-2025,General Surgery,77,66374,862,1354.571429,15,35,Ceftriaxone,22,638,Ceftriaxone,3,5124,0,0,0,4.4
21-Sep-2025,Nephrology,27,36261,1343,1813.05,15.4,33.4,Furosemide,6,336,Erythropoietin,2,2152,0,0,0,3.75
21-Sep-2025,Neurology,72,44928,624,1182.315789,9.5,34.5,Aspirin,16,2576,Levetiracetam,7,13139,0,0,0,4.93
21-Sep-2025,Gynecology & OBG,35,16240,464,1160,13.1,35.1,Metronidazole,4,204,Calcium,0,0,0,0,0,4.44
21-Sep-2025,Pediatrics,132,66396,503,1053.904762,10.7,29.7,ORS,33,2772,ORS,7,7112,0,0,0,4.18
21-Sep-2025,Orthopedics,15,4860,324,405,9.6,17.6,Vitamin D3,1,102,Paracetamol,1,668,0,0,0,4.17
21-Sep-2025,Cardiology,50,46250,925,1401.515152,13.7,18.7,Amiodarone,13,1833,Amiodarone,5,6660,0,0,0,3.43
21-Sep-2025,Pulmonology,84,59304,706,1560.631579,16.1,35.1,Azithromycin,12,312,Montelukast,2,1658,0,0,0,4.54
22-Sep-2025,General Medicine,180,98640,548,843.0769231,16.1,38.1,Amlodipine,52,8268,Metformin,1,1757,0,0,0,3.61
22-Sep-2025,General Surgery,143,100958,706,970.75,15.3,25.3,Pantoprazole,31,3224,Ceftriaxone,4,4444,0,0,0,4.88
22-Sep-2025,Nephrology,130,131560,1012,2268.275862,15.9,37.9,Tacrolimus,28,1988,Sevelamer,10,13660,0,0,1,4.01
22-Sep-2025,Neurology,126,29862,237,364.1707317,5.8,10.8,Clopidogrel,15,1560,Clopidogrel,3,2055,0,0,0,4.55
22-Sep-2025,Gynecology & OBG,105,28140,268,407.826087,9.9,28.9,Calcium,30,5130,Oxytocin,2,1268,0,0,1,3.98
22-Sep-2025,Pediatrics,219,151986,694,961.9367089,16.2,36.2,Salbutamol,41,7339,Paracetamol Syrup,9,14373,0,0,1,4.75
22-Sep-2025,Orthopedics,134,77854,581,1276.295082,11.2,33.2,Diclofenac,37,4847,Calcium,8,12648,0,0,0,4.06
22-Sep-2025,Cardiology,148,201428,1361,1974.784314,13.3,18.3,Amiodarone,42,3864,Atorvastatin,1,1753,0,0,1,4.75
22-Sep-2025,Pulmonology,143,66781,467,702.9578947,12.5,41.5,Montelukast,14,882,Azithromycin,8,12328,0,0,0,4.05
23-Sep-2025,General Medicine,148,51800,350,647.5,13.6,35.6,Amoxicillin,42,2730,Metformin,4,6400,0,0,0,3.9
23-Sep-2025,General Surgery,30,29880,996,1494,15.8,31.8,Diclofenac,3,537,Ceftriaxone,1,663,0,0,0,3.56
23-Sep-2025,Nephrology,142,101104,712,1486.823529,19,32,Sevelamer,32,4768,Erythropoietin,6,8214,0,0,1,4.58
23-Sep-2025,Neurology,63,37107,589,742.14,13.4,30.4,Levetiracetam,9,1683,Levetiracetam,1,1933,0,0,0,4.65
23-Sep-2025,Gynecology & OBG,166,96280,580,1203.5,9.5,14.5,Oxytocin,46,4416,Calcium,9,16110,0,0,1,4.18
23-Sep-2025,Pediatrics,281,76713,273,655.6666667,8.1,25.1,ORS,37,5624,Salbutamol,2,3258,0,0,1,3.68
23-Sep-2025,Orthopedics,92,44620,485,1115.5,11.2,27.2,Diclofenac,20,2940,Paracetamol,5,3905,0,0,0,4.12
23-Sep-2025,Cardiology,100,127000,1270,2645.833333,7.4,17.4,Atorvastatin,15,2250,Atorvastatin,5,9255,0,0,1,4.28
23-Sep-2025,Pulmonology,96,72096,751,1044.869565,12,23,Azithromycin,23,759,Budesonide,2,1586,0,0,0,4.34
24-Sep-2025,General Medicine,125,32375,259,385.4166667,11.7,31.7,Amlodipine,16,1008,Paracetamol,1,1140,0,0,0,3.73
24-Sep-2025,General Surgery,72,42336,588,705.6,19.7,25.7,Ceftriaxone,16,1440,Ceftriaxone,4,3912,0,0,0,3.78
24-Sep-2025,Nephrology,35,45010,1286,1800.4,7.3,19.3,Erythropoietin,10,970,Tacrolimus,1,1187,0,0,0,4.33
24-Sep-2025,Neurology,60,30960,516,619.2,5.3,31.3,Levetiracetam,10,440,Sodium Valproate,3,2967,0,0,0,3.86
24-Sep-2025,Gynecology & OBG,186,53940,290,599.3333333,9.3,14.3,Oxytocin,42,1008,Calcium,14,22946,0,0,1,3.67
24-Sep-2025,Pediatrics,439,94824,216,499.0736842,6,21,Amoxicillin Syrup,66,2046,ORS,4,2972,0,0,3,3.59
24-Sep-2025,Orthopedics,45,22365,497,621.25,15.1,43.1,Paracetamol,10,450,Vitamin D3,3,4632,0,0,0,3.96
24-Sep-2025,Cardiology,88,78848,896,1126.4,15.4,43.4,Amiodarone,17,1394,Atorvastatin,0,0,0,0,0,3.54
24-Sep-2025,Pulmonology,230,190440,828,1943.265306,10.9,22.9,Montelukast,30,2790,Budesonide,4,7204,0,0,1,4.14
25-Sep-2025,General Medicine,341,154814,454,1138.338235,11.5,37.5,Amlodipine,52,3432,Amoxicillin,2,1364,0,1,3,3.93
25-Sep-2025,General Surgery,108,43632,404,581.76,6.3,35.3,Tramadol,12,1644,Ceftriaxone,1,1518,0,0,1,4.49
25-Sep-2025,Nephrology,109,144861,1329,1810.7625,8.8,20.8,Furosemide,22,3146,Sevelamer,6,6822,0,0,0,4.15
25-Sep-2025,Neurology,73,18688,256,333.7142857,8.7,15.7,Levetiracetam,12,732,Sodium Valproate,1,728,0,0,0,3.59
25-Sep-2025,Gynecology & OBG,113,42827,379,951.7111111,5.5,12.5,Metronidazole,11,1859,Metronidazole,5,4775,0,0,1,3.66
25-Sep-2025,Pediatrics,101,20705,205,422.5510204,8.1,21.1,ORS,24,1944,ORS,6,5940,0,0,1,4.54
25-Sep-2025,Orthopedics,104,58448,562,730.6,5.4,23.4,Vitamin D3,28,2268,Calcium,1,1044,0,0,0,4.17
25-Sep-2025,Cardiology,180,230400,1280,1645.714286,16.5,30.5,Aspirin,54,6264,Atorvastatin,18,12978,0,0,1,3.76
25-Sep-2025,Pulmonology,125,118375,947,1233.072917,19.4,26.4,Azithromycin,16,976,Azithromycin,9,13590,0,0,1,4.16
26-Sep-2025,General Medicine,140,95060,679,1188.25,12.8,37.8,Paracetamol,36,4824,Paracetamol,1,1184,0,0,0,3.73
26-Sep-2025,General Surgery,57,23256,408,646,11.2,24.2,Tramadol,16,2576,Ceftriaxone,1,605,0,0,0,3.4
26-Sep-2025,Nephrology,54,37098,687,824.4,5.9,20.9,Furosemide,5,670,Erythropoietin,4,6488,0,0,0,3.77
26-Sep-2025,Neurology,101,35148,348,616.6315789,9.2,20.2,Aspirin,10,1750,Clopidogrel,1,1853,0,0,1,4.15
26-Sep-2025,Gynecology & OBG,58,36424,628,1103.757576,8.3,37.3,Iron-Folic Acid,15,2070,Oxytocin,2,2302,0,0,0,4.28
26-Sep-2025,Pediatrics,66,30228,458,643.1489362,17.6,24.6,Salbutamol,14,574,ORS,5,7200,0,0,0,3.47
26-Sep-2025,Orthopedics,84,33852,403,593.8947368,16.6,40.6,Diclofenac,12,1164,Paracetamol,2,3884,0,0,0,3.65
26-Sep-2025,Cardiology,141,132540,940,1767.2,12.3,35.3,Atorvastatin,18,954,Amiodarone,0,0,0,0,1,4.34
26-Sep-2025,Pulmonology,236,105020,445,913.2173913,14.8,34.8,Azithromycin,31,1519,Salbutamol Inhaler,16,29728,0,0,2,3.51
27-Sep-2025,General Medicine,229,134652,588,857.656051,5.1,33.1,Amlodipine,50,1250,Amlodipine,14,16702,0,0,1,3.7
27-Sep-2025,General Surgery,54,32832,608,1216,5.7,20.7,Tramadol,14,1876,Tramadol,0,0,0,0,0,4.25
27-Sep-2025,Nephrology,60,40440,674,1348,18.3,36.3,Furosemide,17,3264,Furosemide,4,7960,0,0,0,4.01
27-Sep-2025,Neurology,45,24210,538,896.6666667,12.2,40.2,Clopidogrel,8,1312,Clopidogrel,4,6668,0,0,0,3.78
27-Sep-2025,Gynecology & OBG,25,17425,697,871.25,5.7,15.7,Iron-Folic Acid,2,62,Oxytocin,0,0,0,0,0,3.73
27-Sep-2025,Pediatrics,414,195822,473,1070.065574,5.1,27.1,Salbutamol,80,6560,Amoxicillin Syrup,41,43132,0,0,1,4.12
27-Sep-2025,Orthopedics,106,37524,354,735.7647059,5.6,33.6,Paracetamol,16,496,Calcium,7,5698,0,0,0,4.52
27-Sep-2025,Cardiology,43,38743,901,1291.433333,7.1,28.1,Aspirin,11,1881,Clopidogrel,2,2978,0,0,0,4.15
27-Sep-2025,Pulmonology,108,68472,634,951,6,29,Budesonide,25,3375,Budesonide,1,1838,0,0,1,3.79
28-Sep-2025,General Medicine,136,71944,529,1199.066667,6.1,22.1,Amoxicillin,29,5307,Paracetamol,7,5698,0,0,0,3.92
28-Sep-2025,General Surgery,45,41580,924,1386,9.6,27.6,Ceftriaxone,6,246,Ceftriaxone,4,6652,0,0,0,4.5
28-Sep-2025,Nephrology,59,45607,773,1824.28,12.8,20.8,Tacrolimus,16,1056,Tacrolimus,2,1328,0,0,0,3.59
28-Sep-2025,Neurology,86,51428,598,1469.371429,9.7,22.7,Aspirin,15,2805,Clopidogrel,1,883,0,0,0,4.73
28-Sep-2025,Gynecology & OBG,37,14541,393,538.5555556,9.1,23.1,Metronidazole,9,999,Calcium,2,3204,0,0,0,4.49
28-Sep-2025,Pediatrics,164,102008,622,1457.257143,19.7,27.7,Paracetamol Syrup,42,8190,Amoxicillin Syrup,8,11056,0,0,0,4.6
28-Sep-2025,Orthopedics,27,5940,220,424.2857143,19.7,26.7,Vitamin D3,8,392,Calcium,2,1238,0,0,0,3.83
28-Sep-2025,Cardiology,62,78244,1262,3129.76,14.3,28.3,Amiodarone,6,624,Clopidogrel,1,1640,0,0,0,4.21
28-Sep-2025,Pulmonology,43,36894,858,1152.9375,10.6,20.6,Montelukast,12,1944,Azithromycin,2,1166,0,0,0,3.67
29-Sep-2025,General Medicine,400,220000,550,1122.44898,11.2,18.2,Metformin,58,8584,Amoxicillin,40,43080,0,0,4,3.52
29-Sep-2025,General Surgery,65,51480,792,1119.130435,11.4,28.4,Pantoprazole,19,399,Pantoprazole,1,763,0,0,0,3.96
29-Sep-2025,Nephrology,103,83224,808,1027.45679,5.7,17.7,Erythropoietin,11,748,Sevelamer,10,11970,0,0,1,3.7
29-Sep-2025,Neurology,87,36888,424,922.2,12,24,Clopidogrel,23,3174,Clopidogrel,2,2410,0,0,0,3.67
29-Sep-2025,Gynecology & OBG,112,65184,582,958.5882353,6.1,20.1,Iron-Folic Acid,30,1350,Iron-Folic Acid,10,12660,0,0,0,4.22
29-Sep-2025,Pediatrics,118,76346,647,1090.657143,18.5,24.5,Salbutamol,27,2484,Salbutamol,1,572,0,0,1,3.55
29-Sep-2025,Orthopedics,40,9640,241,283.5294118,7.1,16.1,Vitamin D3,5,190,Paracetamol,0,0,0,0,0,4.16
29-Sep-2025,Cardiology,170,195840,1152,2682.739726,7.7,25.7,Atorvastatin,44,6248,Amiodarone,6,9372,0,0,0,4.51
29-Sep-2025,Pulmonology,167,114562,686,962.7058824,16.8,38.8,Montelukast,21,3570,Budesonide,14,13566,0,0,0,3.51
30-Sep-2025,General Medicine,76,42104,554,1052.6,19.1,36.1,Amoxicillin,9,1179,Amoxicillin,0,0,0,0,0,4.15
30-Sep-2025,General Surgery,70,46970,671,1565.666667,15.4,42.4,Diclofenac,8,1296,Pantoprazole,3,3120,0,0,0,4.5
30-Sep-2025,Nephrology,63,54369,863,1812.3,7.2,31.2,Sevelamer,12,1920,Furosemide,4,7396,0,0,0,3.43
30-Sep-2025,Neurology,202,57974,287,644.1555556,6.3,16.3,Levetiracetam,35,5635,Clopidogrel,3,4671,0,0,1,4.38
30-Sep-2025,Gynecology & OBG,73,27813,381,556.26,8.1,28.1,Calcium,7,1204,Iron-Folic Acid,1,1524,0,0,0,3.48
30-Sep-2025,Pediatrics,230,60950,265,549.0990991,14.1,26.1,Paracetamol Syrup,66,13200,Paracetamol Syrup,7,11837,0,0,2,4.2
30-Sep-2025,Orthopedics,96,34752,362,543,8.4,14.4,Vitamin D3,16,2800,Diclofenac,4,6160,0,0,0,4.28
30-Sep-2025,Cardiology,236,276356,1171,2558.851852,11.6,22.6,Clopidogrel,56,8568,Clopidogrel,4,6500,0,0,0,3.8
30-Sep-2025,Pulmonology,71,30317,427,572.0188679,12.4,34.4,Azithromycin,15,1605,Salbutamol Inhaler,0,0,0,0,0,4.19
1-Oct-2025,General Medicine,138,57546,417,653.9318182,12.9,26.9,Metformin,34,4250,Amoxicillin,6,4656,0,0,0,4.11
1-Oct-2025,General Surgery,38,19304,508,1016,9.8,30.8,Diclofenac,7,476,Tramadol,2,3964,0,0,0,4.07
1-Oct-2025,Nephrology,40,41080,1027,2054,16,30,Furosemide,9,909,Sevelamer,4,2660,0,0,0,3.97
1-Oct-2025,Neurology,122,51972,426,911.7894737,9.2,31.2,Levetiracetam,35,1225,Aspirin,9,16560,0,0,0,3.94
1-Oct-2025,Gynecology & OBG,73,34018,466,1133.933333,15.4,22.4,Calcium,14,784,Oxytocin,0,0,0,0,0,3.64
1-Oct-2025,Pediatrics,309,182928,592,1385.818182,6.4,36.4,ORS,70,4270,Paracetamol Syrup,26,15678,0,0,1,3.26
1-Oct-2025,Orthopedics,32,7136,223,509.7142857,15.9,24.9,Calcium,5,850,Calcium,2,3626,0,0,0,4.25
1-Oct-2025,Cardiology,58,74994,1293,1922.923077,6.2,27.2,Amiodarone,5,170,Atorvastatin,3,5247,0,0,0,3.92
1-Oct-2025,Pulmonology,122,91500,750,963.1578947,17.7,44.7,Azithromycin,24,792,Salbutamol Inhaler,11,12001,0,0,0,4.08
2-Oct-2025,General Medicine,64,27968,437,559.36,8.3,25.3,Amoxicillin,6,750,Metformin,0,0,0,0,0,4.03
2-Oct-2025,General Surgery,216,136728,633,1424.25,5.2,32.2,Ceftriaxone,46,3174,Ceftriaxone,13,14768,0,0,2,3.98
2-Oct-2025,Nephrology,123,119064,968,2088.842105,14.3,44.3,Tacrolimus,35,4585,Tacrolimus,9,17766,0,0,1,4.1
2-Oct-2025,Neurology,143,78507,549,1207.8,19.9,35.9,Sodium Valproate,15,2505,Sodium Valproate,11,15279,0,0,1,4.27
2-Oct-2025,Gynecology & OBG,48,33360,695,1390,16.7,44.7,Calcium,8,1304,Iron-Folic Acid,0,0,0,0,0,3.62
2-Oct-2025,Pediatrics,108,74088,686,1372,7,23,Salbutamol,26,4394,Paracetamol Syrup,1,1468,0,0,1,3.96
2-Oct-2025,Orthopedics,56,19656,351,702,16.1,31.1,Paracetamol,14,1974,Calcium,5,4370,0,0,0,3.68
2-Oct-2025,Cardiology,114,103854,911,1153.933333,11.2,24.2,Clopidogrel,30,5100,Aspirin,8,12280,0,0,0,3.68
2-Oct-2025,Pulmonology,30,17190,573,859.5,16.7,40.7,Azithromycin,9,1161,Budesonide,3,3045,0,0,0,4.52
3-Oct-2025,General Medicine,304,165984,546,1121.513514,11.6,21.6,Paracetamol,46,3128,Amlodipine,28,55020,0,0,1,4.32
3-Oct-2025,General Surgery,129,75207,583,1319.421053,15.1,31.1,Tramadol,19,1387,Diclofenac,0,0,0,0,1,3.63
3-Oct-2025,Nephrology,71,98832,1392,1900.615385,15.4,41.4,Furosemide,12,960,Furosemide,0,0,0,0,0,4.65
3-Oct-2025,Neurology,196,47824,244,503.4105263,6,27,Clopidogrel,51,7395,Clopidogrel,7,8862,0,0,1,4.48
3-Oct-2025,Gynecology & OBG,144,41616,289,693.6,11.1,34.1,Iron-Folic Acid,39,1638,Calcium,11,10340,0,0,0,3.58
3-Oct-2025,Pediatrics,108,23760,220,528,10,40,ORS,14,1414,Salbutamol,7,4340,0,0,1,4.34
3-Oct-2025,Orthopedics,75,43200,576,1309.090909,15.1,30.1,Calcium,16,1392,Vitamin D3,7,13545,0,0,0,3.85
3-Oct-2025,Cardiology,163,108232,664,975.0630631,15.7,26.7,Atorvastatin,40,7560,Aspirin,13,11531,0,0,0,4.4
3-Oct-2025,Pulmonology,110,77770,707,1555.4,17.2,31.2,Montelukast,19,3553,Budesonide,2,2970,0,0,0,4.48
4-Oct-2025,General Medicine,58,31436,542,952.6060606,7.1,29.1,Paracetamol,5,645,Amoxicillin,3,5289,0,0,0,3.58
4-Oct-2025,General Surgery,66,65604,994,1150.947368,13.3,23.3,Ceftriaxone,14,700,Diclofenac,1,1467,0,0,0,4.51
4-Oct-2025,Nephrology,136,117504,864,2061.473684,7.5,18.5,Tacrolimus,39,5421,Tacrolimus,9,5103,0,0,1,4.07
4-Oct-2025,Neurology,79,23068,292,384.4666667,10.3,29.3,Clopidogrel,16,1952,Levetiracetam,4,3964,0,0,0,3.21
4-Oct-2025,Gynecology & OBG,129,51084,396,912.2142857,8.3,21.3,Calcium,28,3304,Oxytocin,12,7356,0,0,0,3.71
4-Oct-2025,Pediatrics,359,157242,438,1007.961538,13.3,35.3,Salbutamol,71,4473,Paracetamol Syrup,29,45559,0,0,0,4.27
4-Oct-2025,Orthopedics,57,33459,587,816.0731707,9,31,Vitamin D3,10,1660,Vitamin D3,0,0,0,0,0,3.59
4-Oct-2025,Cardiology,179,176136,984,1420.451613,12.2,22.2,Aspirin,39,6864,Amiodarone,10,13540,0,0,0,3.29
4-Oct-2025,Pulmonology,58,45298,781,1372.666667,10.4,17.4,Azithromycin,5,485,Azithromycin,2,2476,0,0,0,3.4
5-Oct-2025,General Medicine,146,30952,212,543.0175439,7.8,16.8,Metformin,34,5202,Amlodipine,12,23700,0,0,1,4.41
5-Oct-2025,General Surgery,31,29512,952,1283.130435,10.7,24.7,Tramadol,7,616,Ceftriaxone,3,5403,0,0,0,4.74
5-Oct-2025,Nephrology,83,92711,1117,2575.305556,9.7,30.7,Erythropoietin,11,1023,Sevelamer,3,1521,0,0,0,3.74
5-Oct-2025,Neurology,16,3600,225,300,16.4,21.4,Sodium Valproate,2,298,Sodium Valproate,1,942,0,0,0,4.08
5-Oct-2025,Gynecology & OBG,37,21941,593,914.2083333,11.3,33.3,Oxytocin,5,230,Iron-Folic Acid,2,3684,0,0,0,3.49
5-Oct-2025,Pediatrics,105,32865,313,530.0806452,16.6,35.6,Amoxicillin Syrup,15,2160,ORS,2,4000,0,0,1,4.77
5-Oct-2025,Orthopedics,56,21000,375,875,10.8,23.8,Paracetamol,12,312,Calcium,0,0,0,0,0,4.07
5-Oct-2025,Cardiology,123,93726,762,1358.347826,12.8,35.8,Atorvastatin,31,4185,Amiodarone,12,21996,0,0,1,3.97
5-Oct-2025,Pulmonology,51,32079,629,943.5,16.3,39.3,Budesonide,15,690,Azithromycin,1,1327,0,0,0,4.59
6-Oct-2025,General Medicine,282,162150,575,1166.546763,8.7,13.7,Metformin,73,13578,Amoxicillin,4,4080,0,0,2,3.71
6-Oct-2025,General Surgery,68,31076,457,971.125,14.3,29.3,Tramadol,18,2556,Pantoprazole,5,8880,0,0,0,4.56
6-Oct-2025,Nephrology,68,49096,722,1444,5.3,18.3,Sevelamer,8,1384,Sevelamer,3,1947,0,0,0,3.47
6-Oct-2025,Neurology,67,15879,237,288.7090909,19,48,Sodium Valproate,12,2232,Aspirin,5,4855,0,0,0,3.94
6-Oct-2025,Gynecology & OBG,123,35301,287,360.2142857,8.5,23.5,Iron-Folic Acid,35,4830,Oxytocin,11,20449,0,0,0,3.63
6-Oct-2025,Pediatrics,202,54338,269,348.3205128,12.4,21.4,Paracetamol Syrup,46,1702,Amoxicillin Syrup,16,27872,0,0,0,4.03
6-Oct-2025,Orthopedics,36,9252,257,578.25,8.3,19.3,Diclofenac,5,720,Calcium,0,0,0,0,0,4.45
6-Oct-2025,Cardiology,202,145440,720,1671.724138,16.3,37.3,Clopidogrel,21,903,Aspirin,0,0,0,0,2,4.24
6-Oct-2025,Pulmonology,154,101948,662,1396.547945,9.4,16.4,Budesonide,37,1887,Montelukast,7,6664,0,0,1,4.43
7-Oct-2025,General Medicine,312,119496,383,807.4054054,7.7,32.7,Paracetamol,67,12127,Metformin,24,20688,0,0,3,4.14
7-Oct-2025,General Surgery,105,65835,627,968.1617647,18.1,24.1,Tramadol,24,1560,Ceftriaxone,4,5196,0,0,1,3.84
7-Oct-2025,Nephrology,82,73472,896,1130.338462,5.5,29.5,Erythropoietin,10,1670,Erythropoietin,7,10395,0,0,0,3.67
7-Oct-2025,Neurology,52,11856,228,494,13.4,23.4,Levetiracetam,14,1078,Aspirin,1,1297,0,0,0,4.69
7-Oct-2025,Gynecology & OBG,49,23667,483,676.2,10,30,Iron-Folic Acid,11,1254,Oxytocin,4,5276,0,0,0,4.23
7-Oct-2025,Pediatrics,288,89856,312,724.6451613,12.6,28.6,ORS,36,5796,ORS,6,10398,0,0,2,3.97
7-Oct-2025,Orthopedics,117,81549,697,1430.684211,5.4,11.4,Diclofenac,35,2835,Diclofenac,5,3795,0,0,0,3.97
7-Oct-2025,Cardiology,115,115230,1002,1371.785714,16.6,46.6,Atorvastatin,11,1199,Atorvastatin,6,4806,0,0,0,3.76
7-Oct-2025,Pulmonology,67,45828,684,1018.4,14,29,Azithromycin,12,2292,Montelukast,0,0,0,0,0,4.51
8-Oct-2025,General Medicine,295,104135,353,743.8214286,10.2,33.2,Amoxicillin,64,6144,Metformin,20,31920,0,0,0,4.34
8-Oct-2025,General Surgery,134,72360,540,1130.625,5.1,25.1,Pantoprazole,34,4250,Pantoprazole,10,10060,0,0,1,3.95
8-Oct-2025,Nephrology,30,21990,733,1466,12.6,19.6,Tacrolimus,7,224,Erythropoietin,1,632,0,0,0,3.92
8-Oct-2025,Neurology,136,70176,516,1096.5,19.5,39.5,Clopidogrel,29,5481,Aspirin,8,10120,0,0,1,4.19
8-Oct-2025,Gynecology & OBG,54,30078,557,1002.6,15.7,41.7,Oxytocin,5,670,Calcium,4,4796,0,0,0,4.54
8-Oct-2025,Pediatrics,177,99297,561,827.475,16.1,42.1,Amoxicillin Syrup,18,720,Salbutamol,13,24232,0,0,0,3.69
8-Oct-2025,Orthopedics,147,89817,611,1247.458333,14,25,Paracetamol,32,4032,Calcium,12,15516,0,0,0,3.64
8-Oct-2025,Cardiology,237,228942,966,2289.42,8.1,26.1,Amiodarone,42,5082,Atorvastatin,20,32780,0,0,1,4.17
8-Oct-2025,Pulmonology,102,58752,576,1335.272727,7.5,26.5,Budesonide,24,2184,Azithromycin,7,5544,0,0,0,4.7
9-Oct-2025,General Medicine,230,129490,563,809.3125,8.7,18.7,Paracetamol,43,8299,Paracetamol,9,10503,0,0,0,4.78
9-Oct-2025,General Surgery,51,44880,880,2040,14.1,36.1,Pantoprazole,11,2145,Tramadol,3,2010,0,0,0,3.71
9-Oct-2025,Nephrology,67,64454,962,1432.311111,19.9,34.9,Tacrolimus,16,352,Furosemide,4,5472,0,0,0,3.51
9-Oct-2025,Neurology,30,18930,631,788.75,12.9,23.9,Clopidogrel,3,408,Sodium Valproate,1,1219,0,0,0,4.24
9-Oct-2025,Gynecology & OBG,110,60170,547,1157.115385,7.7,23.7,Calcium,25,3550,Metronidazole,3,3711,0,0,0,4.61
9-Oct-2025,Pediatrics,210,83790,399,551.25,15.5,30.5,ORS,37,5920,Amoxicillin Syrup,21,12894,0,0,2,3.79
9-Oct-2025,Orthopedics,96,44736,466,798.8571429,11.2,17.2,Diclofenac,23,2024,Vitamin D3,4,2240,0,0,0,3.46
9-Oct-2025,Cardiology,119,173740,1460,1888.478261,19,24,Clopidogrel,16,768,Atorvastatin,0,0,0,0,0,4.57
9-Oct-2025,Pulmonology,132,70884,537,1312.666667,11.4,18.4,Salbutamol Inhaler,37,3737,Montelukast,9,8496,0,0,1,3.89
10-Oct-2025,General Medicine,146,34310,235,527.8461538,12.7,29.7,Amlodipine,37,3441,Metformin,1,1990,0,0,0,3.48
10-Oct-2025,General Surgery,123,108855,885,1814.25,5.7,17.7,Diclofenac,14,2156,Diclofenac,7,6930,0,0,1,3.89
10-Oct-2025,Nephrology,64,90880,1420,2524.444444,11.8,26.8,Tacrolimus,11,748,Sevelamer,1,1466,0,0,0,4.59
10-Oct-2025,Neurology,130,72930,561,1350.555556,17.9,44.9,Aspirin,34,4454,Aspirin,2,2738,0,0,0,4.23
10-Oct-2025,Gynecology & OBG,73,48545,665,1618.166667,9.5,30.5,Metronidazole,14,2632,Oxytocin,2,2198,0,0,0,3.61
10-Oct-2025,Pediatrics,82,33128,404,637.0769231,10.6,21.6,Salbutamol,22,2816,Paracetamol Syrup,5,7015,0,0,0,4.68
10-Oct-2025,Orthopedics,76,51528,678,1030.56,9.2,30.2,Calcium,12,2160,Vitamin D3,7,10997,0,0,0,4.37
10-Oct-2025,Cardiology,272,405552,1491,3557.473684,19.5,27.5,Clopidogrel,63,1890,Atorvastatin,13,16549,0,0,0,4.11
10-Oct-2025,Pulmonology,45,22860,508,635,14.9,42.9,Budesonide,9,333,Azithromycin,4,4492,0,0,0,4.23
11-Oct-2025,General Medicine,335,165490,494,1034.3125,18.1,48.1,Metformin,55,5225,Metformin,1,1000,0,1,1,3.44
11-Oct-2025,General Surgery,115,90965,791,1749.326923,16.1,33.1,Diclofenac,19,2679,Ceftriaxone,0,0,0,0,0,4.59
11-Oct-2025,Nephrology,54,60318,1117,1675.5,9.8,24.8,Tacrolimus,9,1188,Sevelamer,2,1246,0,0,0,4.3
11-Oct-2025,Neurology,36,14328,398,597,15.4,43.4,Aspirin,4,132,Aspirin,1,1187,0,0,0,3.47
11-Oct-2025,Gynecology & OBG,72,24984,347,416.4,5.7,14.7,Calcium,14,1484,Metronidazole,4,2744,0,0,0,4.07
11-Oct-2025,Pediatrics,110,60610,551,713.0588235,17.8,34.8,ORS,21,2499,Amoxicillin Syrup,8,12080,0,0,0,3.69
11-Oct-2025,Orthopedics,60,31140,519,1038,12.3,22.3,Vitamin D3,11,770,Diclofenac,5,3585,0,0,0,3.68
11-Oct-2025,Cardiology,222,190698,859,1926.242424,16.8,21.8,Clopidogrel,33,2343,Atorvastatin,14,11004,0,0,0,4.08
11-Oct-2025,Pulmonology,81,38718,478,595.6615385,6.1,18.1,Salbutamol Inhaler,11,1584,Salbutamol Inhaler,5,4900,0,0,0,4.12
12-Oct-2025,General Medicine,103,43466,422,924.8085106,5.1,12.1,Paracetamol,13,1599,Amoxicillin,5,9225,0,0,0,4.14
12-Oct-2025,General Surgery,36,33408,928,1077.677419,6.5,25.5,Pantoprazole,8,520,Diclofenac,3,3534,0,0,0,4.5
12-Oct-2025,Nephrology,83,94288,1136,2357.2,15.2,40.2,Tacrolimus,20,1560,Furosemide,0,0,0,0,0,3.71
12-Oct-2025,Neurology,34,12546,369,627.3,18.4,25.4,Aspirin,3,432,Levetiracetam,2,1276,0,0,0,3.59
12-Oct-2025,Gynecology & OBG,43,18791,437,569.4242424,19.3,33.3,Iron-Folic Acid,5,770,Metronidazole,0,0,0,0,0,3.86
12-Oct-2025,Pediatrics,222,92574,417,1064.068966,19.8,25.8,Amoxicillin Syrup,64,1408,Paracetamol Syrup,8,13072,0,0,2,4.43
12-Oct-2025,Orthopedics,61,24400,400,1060.869565,16.3,40.3,Vitamin D3,9,639,Paracetamol,0,0,0,0,0,4.56
12-Oct-2025,Cardiology,103,122467,1189,2987,9.9,15.9,Aspirin,29,1102,Aspirin,8,10920,0,0,0,4.53
12-Oct-2025,Pulmonology,36,27144,754,1044,5.1,33.1,Budesonide,4,124,Salbutamol Inhaler,3,1989,0,0,0,3.92
13-Oct-2025,General Medicine,267,116145,435,1009.956522,8.4,22.4,Metformin,64,3456,Metformin,5,8455,0,0,1,3.74
13-Oct-2025,General Surgery,112,87248,779,1558,11.2,22.2,Ceftriaxone,11,1012,Diclofenac,8,14016,0,0,1,3.51
13-Oct-2025,Nephrology,105,84315,803,1832.934783,9.6,25.6,Sevelamer,16,1760,Tacrolimus,1,1618,0,0,1,4.45
13-Oct-2025,Neurology,129,38055,295,656.1206897,5.1,13.1,Levetiracetam,23,2484,Aspirin,6,7170,0,0,0,3.77
13-Oct-2025,Gynecology & OBG,46,11776,256,512,13.7,34.7,Calcium,5,640,Metronidazole,0,0,0,0,0,4.55
13-Oct-2025,Pediatrics,247,56316,228,331.2705882,8.6,21.6,Amoxicillin Syrup,46,3956,Amoxicillin Syrup,7,12614,0,0,2,4.1
13-Oct-2025,Orthopedics,70,45850,655,865.0943396,17.5,22.5,Paracetamol,7,959,Calcium,1,1847,0,0,0,3.82
13-Oct-2025,Cardiology,202,181396,898,1201.298013,9.3,36.3,Aspirin,45,6615,Clopidogrel,2,3966,0,0,0,3.86
13-Oct-2025,Pulmonology,61,53192,872,1022.923077,8.2,31.2,Azithromycin,13,2379,Salbutamol Inhaler,5,7325,0,0,0,4.4
14-Oct-2025,General Medicine,87,31494,362,749.8571429,16.3,41.3,Metformin,24,3000,Amoxicillin,6,8202,0,0,0,3.62
14-Oct-2025,General Surgery,85,52615,619,1384.605263,15.4,34.4,Ceftriaxone,14,392,Tramadol,4,2532,0,0,0,4.6
14-Oct-2025,Nephrology,94,83942,893,1119.226667,17.8,32.8,Furosemide,24,4200,Sevelamer,3,4449,0,0,0,4.24
14-Oct-2025,Neurology,48,23376,487,708.3636364,15,38,Clopidogrel,6,276,Sodium Valproate,2,3132,0,0,0,4.39
14-Oct-2025,Gynecology & OBG,53,34980,660,1665.714286,19.5,42.5,Iron-Folic Acid,5,910,Iron-Folic Acid,3,5508,0,0,0,3.89
14-Oct-2025,Pediatrics,88,27544,313,626,9.9,35.9,Paracetamol Syrup,26,3354,Salbutamol,1,1917,0,0,0,4.7
14-Oct-2025,Orthopedics,114,65778,577,865.5,9.2,34.2,Diclofenac,23,1541,Vitamin D3,5,8260,0,0,1,3.36
14-Oct-2025,Cardiology,243,199746,822,1902.342857,13.9,18.9,Atorvastatin,53,3445,Aspirin,24,20664,0,0,1,3.51
14-Oct-2025,Pulmonology,96,54816,571,761.3333333,9.1,29.1,Budesonide,16,1280,Azithromycin,4,5508,0,0,0,3.79
15-Oct-2025,General Medicine,132,45276,343,520.4137931,17.2,36.2,Amlodipine,29,4437,Amlodipine,3,3375,0,0,0,3.98
15-Oct-2025,General Surgery,28,18704,668,1336,15.4,23.4,Diclofenac,3,345,Pantoprazole,2,3570,0,0,0,4.6
15-Oct-2025,Nephrology,87,92568,1064,1542.8,8.2,35.2,Sevelamer,23,4186,Furosemide,7,11144,0,0,0,4.43
15-Oct-2025,Neurology,173,96534,558,1135.694118,12.4,32.4,Levetiracetam,28,840,Sodium Valproate,2,3972,0,0,0,4.24
15-Oct-2025,Gynecology & OBG,76,39368,518,656.1333333,15.2,20.2,Metronidazole,9,774,Oxytocin,5,4710,0,0,0,4.54
15-Oct-2025,Pediatrics,146,37376,256,533.9428571,18.7,27.7,Paracetamol Syrup,34,4080,Paracetamol Syrup,12,21204,0,0,1,4
15-Oct-2025,Orthopedics,131,35763,273,638.625,11.1,38.1,Paracetamol,17,1938,Calcium,1,1570,0,0,0,4.43
15-Oct-2025,Cardiology,134,133464,996,2085.375,14.1,20.1,Amiodarone,28,3136,Aspirin,2,3206,0,0,1,3.78
15-Oct-2025,Pulmonology,164,147600,900,1942.105263,10.4,36.4,Budesonide,36,5760,Budesonide,6,8496,0,0,0,3.55
16-Oct-2025,General Medicine,146,46136,316,591.4871795,16.2,46.2,Metformin,16,1472,Amlodipine,2,2344,0,0,0,3.86
16-Oct-2025,General Surgery,68,40596,597,1194,12.9,29.9,Ceftriaxone,19,2033,Pantoprazole,4,6848,0,0,0,4.31
16-Oct-2025,Nephrology,99,135432,1368,1881,14.3,29.3,Furosemide,23,3105,Furosemide,9,16830,0,0,0,3.73
16-Oct-2025,Neurology,74,48026,649,857.6071429,7,27,Aspirin,15,1350,Levetiracetam,7,9835,0,0,0,4.45
16-Oct-2025,Gynecology & OBG,90,42750,475,763.3928571,10.4,38.4,Iron-Folic Acid,24,840,Metronidazole,1,1105,0,0,0,4.05
16-Oct-2025,Pediatrics,252,165816,658,1090.894737,19.4,39.4,ORS,54,10314,Paracetamol Syrup,5,3070,0,0,0,4.37
16-Oct-2025,Orthopedics,83,31623,381,494.109375,13.1,25.1,Paracetamol,8,1424,Paracetamol,2,2106,0,0,0,3.38
16-Oct-2025,Cardiology,147,164934,1122,1527.166667,17.8,47.8,Amiodarone,16,400,Atorvastatin,12,18672,0,0,0,4.09
16-Oct-2025,Pulmonology,25,17500,700,1166.666667,18.7,41.7,Budesonide,2,46,Budesonide,0,0,0,0,0,4.62
17-Oct-2025,General Medicine,297,120879,407,1033.153846,14.4,42.4,Paracetamol,72,6624,Amoxicillin,10,7260,0,0,2,4.24
17-Oct-2025,General Surgery,124,98332,793,1638.866667,9.7,31.7,Pantoprazole,13,1456,Tramadol,2,3398,0,0,0,4.14
17-Oct-2025,Nephrology,72,89496,1243,1491.6,17.2,45.2,Sevelamer,9,810,Sevelamer,7,7196,0,0,0,4.62
17-Oct-2025,Neurology,128,26112,204,435.2,6.2,26.2,Aspirin,13,845,Clopidogrel,12,10200,0,0,1,3.89
17-Oct-2025,Gynecology & OBG,138,92460,670,1541,15.1,26.1,Iron-Folic Acid,34,5304,Metronidazole,0,0,0,0,1,3.29
17-Oct-2025,Pediatrics,190,68970,363,811.4117647,5.3,12.3,Paracetamol Syrup,46,2116,Salbutamol,5,3455,0,0,1,4.41
17-Oct-2025,Orthopedics,127,70739,557,1334.698113,17.2,44.2,Diclofenac,25,3350,Diclofenac,6,5850,0,0,0,4.56
17-Oct-2025,Cardiology,168,229320,1365,1764,5,30,Aspirin,45,2655,Amiodarone,11,20185,0,0,1,3.78
17-Oct-2025,Pulmonology,149,147510,990,1475.1,11.9,32.9,Montelukast,34,4046,Budesonide,10,8320,0,0,1,3.6
18-Oct-2025,General Medicine,170,70210,413,1017.536232,18.8,47.8,Amoxicillin,25,925,Amlodipine,1,1791,0,0,1,4.15
18-Oct-2025,General Surgery,72,65808,914,1994.181818,9,21,Pantoprazole,18,1656,Diclofenac,4,4608,0,0,0,4.07
18-Oct-2025,Nephrology,80,83680,1046,1743.333333,16.1,46.1,Tacrolimus,17,1360,Furosemide,1,1072,0,0,0,3.87
18-Oct-2025,Neurology,100,62100,621,1242,9.1,18.1,Sodium Valproate,25,4225,Clopidogrel,2,2114,0,0,1,4.31
18-Oct-2025,Gynecology & OBG,108,66312,614,780.1411765,16.1,21.1,Iron-Folic Acid,18,3492,Iron-Folic Acid,0,0,0,0,0,3.37
18-Oct-2025,Pediatrics,156,47892,307,760.1904762,15.4,37.4,Salbutamol,21,2541,Amoxicillin Syrup,13,23673,0,0,1,4.26
18-Oct-2025,Orthopedics,24,16200,675,1012.5,17.2,29.2,Paracetamol,3,276,Paracetamol,2,3016,0,0,0,4.8
18-Oct-2025,Cardiology,78,109980,1410,1692,9.6,19.6,Aspirin,11,957,Clopidogrel,1,791,0,0,0,4.01
18-Oct-2025,Pulmonology,114,52554,461,1051.08,15.6,45.6,Montelukast,33,3960,Budesonide,9,6471,0,0,0,4.72
19-Oct-2025,General Medicine,63,17766,282,413.1627907,7.3,24.3,Paracetamol,12,1716,Metformin,4,4628,0,0,0,3.78
19-Oct-2025,General Surgery,62,57412,926,1510.842105,14.2,43.2,Tramadol,12,324,Tramadol,0,0,0,0,0,3.72
19-Oct-2025,Nephrology,38,47424,1248,2155.636364,11.5,31.5,Tacrolimus,6,600,Sevelamer,2,3160,0,0,0,4.09
19-Oct-2025,Neurology,74,47582,643,1034.391304,9.3,25.3,Aspirin,17,2023,Levetiracetam,6,3948,0,0,0,4.45
19-Oct-2025,Gynecology & OBG,56,12208,218,339.1111111,14.5,40.5,Oxytocin,14,1008,Iron-Folic Acid,3,5742,0,0,0,3.95
19-Oct-2025,Pediatrics,157,75988,484,1225.612903,6.8,32.8,Amoxicillin Syrup,17,1173,Paracetamol Syrup,14,9268,0,0,1,4.17
19-Oct-2025,Orthopedics,30,8040,268,472.9411765,10.6,39.6,Diclofenac,6,756,Vitamin D3,0,0,0,0,0,4.4
19-Oct-2025,Cardiology,179,216948,1212,3013.166667,16.3,43.3,Amiodarone,22,1408,Aspirin,11,18557,0,0,1,3.95
19-Oct-2025,Pulmonology,147,109956,748,1773.483871,14.4,39.4,Azithromycin,14,728,Salbutamol Inhaler,10,13430,0,0,1,4.02
20-Oct-2025,General Medicine,98,27048,276,676.2,17.1,43.1,Amlodipine,28,2688,Amoxicillin,2,1218,0,0,0,4.6
20-Oct-2025,General Surgery,88,82456,937,1874,10.8,25.8,Ceftriaxone,20,3500,Pantoprazole,4,3532,0,0,0,4.04
20-Oct-2025,Nephrology,125,120250,962,2357.843137,10,37,Sevelamer,23,1518,Furosemide,8,13080,0,0,0,4.12
20-Oct-2025,Neurology,125,70375,563,808.908046,7.2,13.2,Levetiracetam,31,2511,Sodium Valproate,11,7711,0,0,1,4.37
20-Oct-2025,Gynecology & OBG,58,14268,246,310.173913,19,24,Iron-Folic Acid,13,1222,Iron-Folic Acid,5,5550,0,0,0,4.22
20-Oct-2025,Pediatrics,219,53655,245,511,6.1,24.1,ORS,23,920,Paracetamol Syrup,20,21820,0,0,2,3.33
20-Oct-2025,Orthopedics,123,74784,608,1246.4,13.7,42.7,Vitamin D3,26,2912,Diclofenac,0,0,0,0,0,4.16
20-Oct-2025,Cardiology,256,175104,684,1006.344828,5.6,26.6,Aspirin,62,2852,Clopidogrel,17,28577,0,0,0,3.95
20-Oct-2025,Pulmonology,116,110548,953,1201.608696,6.5,23.5,Salbutamol Inhaler,30,4470,Budesonide,7,13566,0,0,1,4.16
21-Oct-2025,General Medicine,212,123808,584,1238.08,18.7,24.7,Paracetamol,23,2231,Amoxicillin,10,11580,0,0,2,3.36
21-Oct-2025,General Surgery,111,64047,577,1362.702128,18.8,43.8,Diclofenac,17,799,Pantoprazole,1,1523,0,0,0,4.45
21-Oct-2025,Nephrology,105,149205,1421,2194.191176,16.9,38.9,Erythropoietin,28,4032,Sevelamer,9,5751,0,0,0,3.65
21-Oct-2025,Neurology,78,44460,570,741,6.2,28.2,Aspirin,18,3024,Levetiracetam,6,4140,0,0,0,4.7
21-Oct-2025,Gynecology & OBG,74,50838,687,1452.514286,17.7,36.7,Calcium,20,1100,Metronidazole,7,4494,0,0,0,3.82
21-Oct-2025,Pediatrics,278,125656,452,661.3473684,10.9,34.9,Amoxicillin Syrup,57,9519,Paracetamol Syrup,0,0,0,0,1,4.14
21-Oct-2025,Orthopedics,63,28350,450,945,14.5,37.5,Vitamin D3,13,650,Paracetamol,4,4572,0,0,0,3.87
21-Oct-2025,Cardiology,94,94846,1009,1317.305556,8.2,31.2,Clopidogrel,9,369,Aspirin,2,1790,0,0,0,4.43
21-Oct-2025,Pulmonology,44,19008,432,576,18.3,28.3,Azithromycin,13,1885,Budesonide,3,3420,0,0,0,3.94
22-Oct-2025,General Medicine,183,100833,551,806.664,5.7,14.7,Paracetamol,38,5890,Amlodipine,12,7032,0,0,0,3.62
22-Oct-2025,General Surgery,90,62460,694,1523.414634,11.7,29.7,Diclofenac,20,1420,Diclofenac,8,4016,0,0,0,4.01
22-Oct-2025,Nephrology,68,91936,1352,2043.022222,12.9,22.9,Erythropoietin,16,2928,Furosemide,3,5211,0,0,0,3.35
22-Oct-2025,Neurology,114,77178,677,1543.56,9.3,18.3,Sodium Valproate,13,1820,Clopidogrel,3,4749,0,0,0,3.34
22-Oct-2025,Gynecology & OBG,136,36856,271,614.2666667,9.4,22.4,Oxytocin,38,3420,Oxytocin,0,0,0,0,1,4.49
22-Oct-2025,Pediatrics,93,33108,356,613.1111111,15.3,28.3,ORS,21,3381,ORS,0,0,0,0,0,4.79
22-Oct-2025,Orthopedics,49,28420,580,747.8947368,18.8,35.8,Calcium,11,1397,Calcium,1,1711,0,0,0,3.7
22-Oct-2025,Cardiology,124,111972,903,1399.65,9.7,15.7,Amiodarone,27,3645,Clopidogrel,9,5850,0,0,0,4.71
22-Oct-2025,Pulmonology,70,44310,633,1342.727273,11.6,21.6,Salbutamol Inhaler,17,2720,Azithromycin,0,0,0,0,0,3.54
23-Oct-2025,General Medicine,204,123828,607,773.925,6.2,16.2,Paracetamol,51,5406,Amoxicillin,10,13600,0,0,0,4.11
23-Oct-2025,General Surgery,77,37961,493,807.6808511,13.4,40.4,Tramadol,19,3344,Pantoprazole,2,1416,0,0,0,4.25
23-Oct-2025,Nephrology,84,114240,1360,2004.210526,13.5,31.5,Erythropoietin,22,2882,Sevelamer,7,7644,0,0,0,3.94
23-Oct-2025,Neurology,112,76944,687,854.9333333,10.6,26.6,Clopidogrel,27,4104,Sodium Valproate,10,13110,0,0,1,4.12
23-Oct-2025,Gynecology & OBG,107,40232,376,773.6923077,10.8,16.8,Calcium,31,5518,Oxytocin,1,723,0,0,1,3.98
23-Oct-2025,Pediatrics,76,50312,662,986.5098039,17,36,ORS,16,3184,Amoxicillin Syrup,4,2268,0,0,0,4.79
23-Oct-2025,Orthopedics,20,10460,523,653.75,10.5,24.5,Diclofenac,3,573,Calcium,2,3574,0,0,0,4.24
23-Oct-2025,Cardiology,212,213908,1009,1671.15625,17.9,41.9,Amiodarone,46,3266,Atorvastatin,12,11520,0,0,0,3.6
23-Oct-2025,Pulmonology,54,42012,778,1050.3,14.7,24.7,Budesonide,13,2028,Budesonide,5,6310,0,0,0,3.96
24-Oct-2025,General Medicine,461,120321,261,601.605,16.9,37.9,Metformin,95,4085,Amoxicillin,37,65046,0,1,1,4.49
24-Oct-2025,General Surgery,117,76635,655,1445.943396,10.3,27.3,Ceftriaxone,24,3312,Ceftriaxone,2,3954,0,0,1,3.99
24-Oct-2025,Nephrology,110,89650,815,1757.843137,15.3,38.3,Erythropoietin,19,2128,Sevelamer,8,4568,0,0,0,3.59
24-Oct-2025,Neurology,48,14688,306,367.2,5.3,25.3,Levetiracetam,11,781,Clopidogrel,1,1027,0,0,0,4.26
24-Oct-2025,Gynecology & OBG,116,51388,443,713.7222222,17,23,Iron-Folic Acid,25,575,Calcium,1,1714,0,0,0,3.77
24-Oct-2025,Pediatrics,136,80376,591,837.25,7.3,22.3,ORS,24,2808,Amoxicillin Syrup,4,4100,0,0,0,4.08
24-Oct-2025,Orthopedics,60,22380,373,799.2857143,7.9,22.9,Paracetamol,16,2272,Diclofenac,2,3636,0,0,0,3.83
24-Oct-2025,Cardiology,132,114048,864,1086.171429,7.1,17.1,Aspirin,13,1768,Clopidogrel,10,18840,0,0,1,4.16
24-Oct-2025,Pulmonology,70,56560,808,1616,18.4,39.4,Montelukast,18,1638,Montelukast,4,7304,0,0,0,4.52
25-Oct-2025,General Medicine,187,115379,617,824.1357143,7.6,24.6,Paracetamol,48,3312,Amoxicillin,13,9295,0,0,1,4.33
25-Oct-2025,General Surgery,60,28980,483,690,18,43,Ceftriaxone,8,568,Ceftriaxone,5,4180,0,0,0,4.56
25-Oct-2025,Nephrology,93,98301,1057,1365.291667,9.9,38.9,Tacrolimus,18,702,Sevelamer,6,8112,0,0,0,4.22
25-Oct-2025,Neurology,123,58671,477,977.85,12.3,17.3,Sodium Valproate,31,2852,Levetiracetam,8,5984,0,0,0,3.76
25-Oct-2025,Gynecology & OBG,102,67728,664,1539.272727,18.9,32.9,Calcium,15,2820,Calcium,9,13095,0,0,1,3.8
25-Oct-2025,Pediatrics,185,93240,504,1059.545455,12.4,22.4,Paracetamol Syrup,33,2838,ORS,17,25823,0,0,0,4.16
25-Oct-2025,Orthopedics,53,35775,675,872.5609756,7.5,24.5,Diclofenac,11,1892,Diclofenac,0,0,0,0,0,4.44
25-Oct-2025,Cardiology,209,296362,1418,2963.62,17.5,29.5,Amiodarone,28,2268,Aspirin,16,9680,0,0,2,4.54
25-Oct-2025,Pulmonology,42,37212,886,1240.4,13.8,40.8,Montelukast,11,1122,Azithromycin,4,4296,0,0,0,3.99
26-Oct-2025,General Medicine,73,20586,282,438,9,20,Metformin,17,1496,Paracetamol,4,2360,0,0,0,3.45
26-Oct-2025,General Surgery,43,32594,758,1018.5625,18.3,31.3,Tramadol,12,1692,Tramadol,0,0,0,0,0,4.01
26-Oct-2025,Nephrology,97,89919,927,2193.146341,5.7,11.7,Furosemide,18,3114,Tacrolimus,7,12229,0,0,0,4.39
26-Oct-2025,Neurology,141,52734,374,850.5483871,7,24,Levetiracetam,40,7400,Clopidogrel,3,3291,0,0,0,4.6
26-Oct-2025,Gynecology & OBG,53,33708,636,1348.32,9.6,20.6,Oxytocin,12,912,Iron-Folic Acid,3,1758,0,0,0,4.77
26-Oct-2025,Pediatrics,49,17150,350,553.2258065,5.6,10.6,Salbutamol,12,1296,Amoxicillin Syrup,3,1725,0,0,0,3.33
26-Oct-2025,Orthopedics,97,61692,636,1312.595745,13.4,35.4,Paracetamol,29,4176,Calcium,6,5538,0,0,0,3.82
26-Oct-2025,Cardiology,120,141240,1177,2824.8,7.9,13.9,Aspirin,36,1980,Amiodarone,3,3129,0,0,1,4.24
26-Oct-2025,Pulmonology,69,38709,561,944.1219512,5.3,12.3,Montelukast,17,1071,Azithromycin,4,4960,0,0,0,3.5
27-Oct-2025,General Medicine,207,74934,362,516.7862069,17.4,46.4,Amoxicillin,22,1628,Amlodipine,0,0,0,0,2,3.83
27-Oct-2025,General Surgery,147,103488,704,1568,15.5,32.5,Ceftriaxone,35,4550,Ceftriaxone,4,4280,0,0,1,4.49
27-Oct-2025,Nephrology,92,126224,1372,3155.6,9,16,Erythropoietin,24,4656,Erythropoietin,9,16848,0,0,0,3.53
27-Oct-2025,Neurology,243,123201,507,1120.009091,18.4,28.4,Levetiracetam,64,4480,Sodium Valproate,5,5170,0,0,1,4.03
27-Oct-2025,Gynecology & OBG,88,60456,687,1511.4,10.2,29.2,Oxytocin,10,1030,Iron-Folic Acid,2,1140,0,0,0,3.84
27-Oct-2025,Pediatrics,254,168148,662,1556.925926,5,13,Paracetamol Syrup,60,9600,ORS,12,7788,0,0,0,4.09
27-Oct-2025,Orthopedics,126,82908,658,1359.147541,12.8,18.8,Paracetamol,32,736,Paracetamol,8,11680,0,0,0,4.22
27-Oct-2025,Cardiology,354,434712,1228,2498.344828,6.8,19.8,Atorvastatin,36,2916,Amiodarone,17,25806,0,0,0,4.02
27-Oct-2025,Pulmonology,57,36081,633,902.025,18.4,46.4,Montelukast,7,539,Montelukast,4,4004,0,0,0,3.9
28-Oct-2025,General Medicine,92,55568,604,1262.909091,14.6,39.6,Amlodipine,21,3906,Metformin,1,837,0,0,0,4.57
28-Oct-2025,General Surgery,60,47040,784,1568,19.1,39.1,Pantoprazole,16,688,Ceftriaxone,0,0,0,0,0,4.07
28-Oct-2025,Nephrology,129,182019,1411,2275.2375,19.2,29.2,Tacrolimus,23,2852,Sevelamer,11,17721,0,0,0,3.57
28-Oct-2025,Neurology,102,52734,517,732.4166667,16.2,29.2,Sodium Valproate,19,1786,Levetiracetam,10,17430,0,0,0,4.08
28-Oct-2025,Gynecology & OBG,168,34440,205,430.5,18.3,31.3,Iron-Folic Acid,44,5808,Calcium,11,18051,0,0,1,4.14
28-Oct-2025,Pediatrics,342,82422,241,549.48,12.3,30.3,ORS,101,18786,Salbutamol,6,9312,0,1,1,4.08
28-Oct-2025,Orthopedics,43,24037,559,728.3939394,11.2,22.2,Paracetamol,7,245,Calcium,1,626,0,0,0,4.41
28-Oct-2025,Cardiology,76,75468,993,1257.8,17.2,35.2,Atorvastatin,16,1264,Amiodarone,7,10241,0,0,0,4.61
28-Oct-2025,Pulmonology,199,141290,710,1487.263158,17.1,37.1,Salbutamol Inhaler,29,899,Montelukast,9,4887,0,0,0,3.55
29-Oct-2025,General Medicine,202,51510,255,585.3409091,19.1,49.1,Paracetamol,47,5922,Metformin,5,9680,0,0,0,4.01
29-Oct-2025,General Surgery,27,26055,965,1371.315789,12.6,25.6,Ceftriaxone,5,115,Diclofenac,2,3294,0,0,0,4.28
29-Oct-2025,Nephrology,44,29568,672,924,8,15,Tacrolimus,12,852,Furosemide,4,5096,0,0,0,4.16
29-Oct-2025,Neurology,86,53406,621,1112.625,10.8,27.8,Aspirin,23,460,Sodium Valproate,7,4445,0,0,0,4.48
29-Oct-2025,Gynecology & OBG,135,91260,676,1521,12.4,23.4,Metronidazole,28,840,Metronidazole,4,3072,0,0,1,4.46
29-Oct-2025,Pediatrics,60,36540,609,730.8,13.5,38.5,Salbutamol,9,1053,ORS,1,1688,0,0,0,3.31
29-Oct-2025,Orthopedics,84,54012,643,750.1666667,6.5,12.5,Diclofenac,21,3129,Paracetamol,7,13342,0,0,0,3.46
29-Oct-2025,Cardiology,75,53475,713,1114.0625,8.7,35.7,Clopidogrel,12,876,Clopidogrel,3,2253,0,0,0,4.42
29-Oct-2025,Pulmonology,59,51153,867,1217.928571,8.8,17.8,Montelukast,7,371,Montelukast,2,1760,0,0,0,4.09
30-Oct-2025,General Medicine,338,174408,516,1057.018182,8.5,17.5,Metformin,64,12160,Amlodipine,18,17352,0,1,2,3.77
30-Oct-2025,General Surgery,108,53460,495,786.1764706,12.8,26.8,Pantoprazole,18,1692,Pantoprazole,1,934,0,0,0,3.93
30-Oct-2025,Nephrology,42,44688,1064,1276.8,17,39,Erythropoietin,10,1980,Furosemide,2,1340,0,0,0,3.87
30-Oct-2025,Neurology,91,48321,531,710.6029412,12.9,29.9,Sodium Valproate,15,2430,Sodium Valproate,8,4816,0,0,0,4.09
30-Oct-2025,Gynecology & OBG,90,60750,675,810,17.3,35.3,Iron-Folic Acid,15,615,Iron-Folic Acid,5,5970,0,0,0,4.01
30-Oct-2025,Pediatrics,267,110538,414,986.9464286,7,16,Paracetamol Syrup,47,7520,Paracetamol Syrup,7,13083,0,0,1,3.78
30-Oct-2025,Orthopedics,28,8904,318,404.7272727,11.5,41.5,Diclofenac,8,1072,Calcium,0,0,0,0,0,3.44
30-Oct-2025,Cardiology,136,106352,782,1865.824561,6.5,18.5,Clopidogrel,28,4256,Aspirin,4,6096,0,0,0,4.04
30-Oct-2025,Pulmonology,110,47520,432,950.4,17.1,34.1,Montelukast,28,3668,Montelukast,4,2916,0,0,0,4.8
31-Oct-2025,General Medicine,156,92040,590,958.75,6,21,Paracetamol,36,1764,Amoxicillin,0,0,0,0,0,4.18
31-Oct-2025,General Surgery,57,43491,763,966.4666667,13.7,39.7,Pantoprazole,15,2445,Diclofenac,3,3864,0,0,0,4.24
31-Oct-2025,Nephrology,80,64960,812,1181.090909,5.9,23.9,Erythropoietin,11,660,Furosemide,1,1815,0,0,0,4.2
31-Oct-2025,Neurology,81,49815,615,1383.75,16.5,22.5,Levetiracetam,19,2413,Sodium Valproate,6,11754,0,0,0,4.63
31-Oct-2025,Gynecology & OBG,69,26979,391,691.7692308,19.2,26.2,Metronidazole,16,1248,Metronidazole,1,925,0,0,0,4.08
31-Oct-2025,Pediatrics,143,37466,262,462.5432099,15.2,36.2,Paracetamol Syrup,38,3420,Salbutamol,4,5832,0,0,1,4.03
31-Oct-2025,Orthopedics,39,26949,691,962.4642857,14.6,42.6,Calcium,10,1480,Paracetamol,3,1734,0,0,0,3.28
31-Oct-2025,Cardiology,384,283392,738,1574.4,17,35,Aspirin,107,2782,Clopidogrel,10,10310,0,0,0,3.84
31-Oct-2025,Pulmonology,90,48870,543,1221.75,7.2,19.2,Salbutamol Inhaler,19,3800,Azithromycin,5,9785,0,0,0,3.4
1-Nov-2025,General Medicine,189,130788,692,1054.741935,19.5,40.5,Amlodipine,40,7920,Paracetamol,2,2840,0,0,1,3.91
1-Nov-2025,General Surgery,78,48594,623,1429.235294,7.1,30.1,Pantoprazole,14,2086,Ceftriaxone,7,6160,0,0,0,4.6
1-Nov-2025,Nephrology,135,110835,821,1847.25,12.5,36.5,Sevelamer,13,2574,Sevelamer,7,10185,0,0,1,3.82
1-Nov-2025,Neurology,149,88953,597,1482.55,9.7,27.7,Aspirin,20,1560,Clopidogrel,10,15450,0,0,0,3.21
1-Nov-2025,Gynecology & OBG,156,50700,325,667.1052632,19.3,47.3,Calcium,19,3268,Calcium,10,6490,0,0,1,4.39
1-Nov-2025,Pediatrics,236,142780,605,1274.821429,9.4,39.4,Salbutamol,69,6003,Paracetamol Syrup,3,5340,0,0,1,3.97
1-Nov-2025,Orthopedics,138,64170,465,1069.5,8.4,38.4,Calcium,26,3926,Diclofenac,9,16740,0,0,1,4.2
1-Nov-2025,Cardiology,153,102510,670,1366.8,15.4,32.4,Amiodarone,24,2304,Amiodarone,11,11583,0,0,0,3.74
1-Nov-2025,Pulmonology,39,18681,479,622.7,11.7,32.7,Montelukast,9,1107,Montelukast,0,0,0,0,0,4.07
2-Nov-2025,General Medicine,80,53280,666,918.6206897,15.1,25.1,Metformin,20,2400,Paracetamol,5,5175,0,0,0,3.98
2-Nov-2025,General Surgery,12,8028,669,1003.5,8.1,19.1,Diclofenac,2,322,Ceftriaxone,1,1778,0,0,0,3.92
2-Nov-2025,Nephrology,59,51802,878,1177.318182,11.2,18.2,Erythropoietin,8,1384,Tacrolimus,4,7228,0,0,0,4.28
2-Nov-2025,Neurology,51,10914,214,389.7857143,5.4,25.4,Clopidogrel,12,684,Aspirin,2,3760,0,0,0,4.23
2-Nov-2025,Gynecology & OBG,56,13272,237,414.75,15,37,Oxytocin,13,2197,Oxytocin,5,5935,0,0,0,3.53
2-Nov-2025,Pediatrics,120,46680,389,933.6,18.4,24.4,Salbutamol,25,3250,Salbutamol,11,8855,0,0,0,4.2
2-Nov-2025,Orthopedics,89,31417,353,532.4915254,6.3,18.3,Vitamin D3,20,2300,Paracetamol,4,4812,0,0,0,4.09
2-Nov-2025,Cardiology,218,231298,1061,2598.853933,6.6,18.6,Amiodarone,46,7038,Atorvastatin,3,3069,0,0,2,4.71
2-Nov-2025,Pulmonology,33,15081,457,793.7368421,14.6,21.6,Azithromycin,4,564,Budesonide,1,1496,0,0,0,3.78
3-Nov-2025,General Medicine,112,32256,288,435.8918919,16.5,43.5,Amlodipine,16,2704,Amlodipine,4,6000,0,0,1,4.55
3-Nov-2025,General Surgery,182,146692,806,1666.954545,8.1,27.1,Ceftriaxone,43,3999,Ceftriaxone,1,938,0,0,0,4.52
3-Nov-2025,Nephrology,146,167316,1146,2614.3125,10,39,Furosemide,41,2378,Sevelamer,8,9808,0,0,0,3.96
3-Nov-2025,Neurology,128,79872,624,868.173913,10.2,21.2,Clopidogrel,15,510,Clopidogrel,10,8880,0,0,0,3.73
3-Nov-2025,Gynecology & OBG,103,39964,388,655.147541,9.5,24.5,Iron-Folic Acid,30,1530,Iron-Folic Acid,7,12110,0,0,1,4.27
3-Nov-2025,Pediatrics,161,61019,379,544.8125,6.3,27.3,Amoxicillin Syrup,38,1330,Paracetamol Syrup,8,6672,0,0,1,3.87
3-Nov-2025,Orthopedics,128,82944,648,1481.142857,8.7,30.7,Paracetamol,38,7562,Paracetamol,7,4690,0,0,0,4.44
3-Nov-2025,Cardiology,377,540618,1434,2938.141304,11.5,38.5,Clopidogrel,63,11403,Clopidogrel,27,15660,0,1,3,3.63
3-Nov-2025,Pulmonology,40,39040,976,1952,11.4,32.4,Montelukast,12,2328,Budesonide,1,1108,0,0,0,4.78
4-Nov-2025,General Medicine,252,139608,554,1163.4,5.5,28.5,Paracetamol,45,6120,Amoxicillin,2,2830,0,0,0,4.47
4-Nov-2025,General Surgery,60,50100,835,1789.285714,18.7,33.7,Tramadol,11,275,Ceftriaxone,0,0,0,0,0,3.73
4-Nov-2025,Nephrology,93,105276,1132,1949.555556,6.2,32.2,Sevelamer,18,3078,Sevelamer,2,1706,0,0,0,3.61
4-Nov-2025,Neurology,55,29865,543,1194.6,15.7,31.7,Clopidogrel,16,2352,Clopidogrel,5,7905,0,0,0,4.37
4-Nov-2025,Gynecology & OBG,107,58850,550,1131.730769,16.9,28.9,Iron-Folic Acid,24,696,Oxytocin,1,1586,0,0,1,4.3
4-Nov-2025,Pediatrics,272,142528,524,1187.733333,19.9,39.9,Paracetamol Syrup,78,2964,Amoxicillin Syrup,23,37306,0,0,2,4.69
4-Nov-2025,Orthopedics,137,70829,517,1142.403226,9.5,30.5,Diclofenac,37,2775,Diclofenac,11,12265,0,0,1,4.28
4-Nov-2025,Cardiology,250,159500,638,1022.435897,12.1,19.1,Clopidogrel,48,3696,Amiodarone,7,10367,0,0,1,3.87
4-Nov-2025,Pulmonology,178,152012,854,1788.376471,19,38,Budesonide,47,5875,Salbutamol Inhaler,2,1562,0,0,0,4.71
5-Nov-2025,General Medicine,125,30125,241,346.2643678,10.3,31.3,Paracetamol,27,5022,Metformin,0,0,0,0,1,4.75
5-Nov-2025,General Surgery,106,72610,685,1008.472222,11.3,30.3,Pantoprazole,25,2175,Pantoprazole,6,4326,0,0,0,3.88
5-Nov-2025,Nephrology,144,104256,724,1533.176471,14.9,39.9,Furosemide,43,2150,Sevelamer,8,10776,0,0,0,3.62
5-Nov-2025,Neurology,78,16848,216,300.8571429,15.9,25.9,Aspirin,15,2895,Clopidogrel,0,0,0,0,0,4.24
5-Nov-2025,Gynecology & OBG,123,58425,475,973.75,15.3,25.3,Metronidazole,32,2624,Calcium,4,7312,0,0,0,4.48
5-Nov-2025,Pediatrics,216,140832,652,1035.529412,16,31,Paracetamol Syrup,63,3276,Paracetamol Syrup,7,13230,0,0,1,4.01
5-Nov-2025,Orthopedics,63,39123,621,1397.25,5.1,10.1,Vitamin D3,18,3564,Paracetamol,2,1240,0,0,0,4.66
5-Nov-2025,Cardiology,129,93009,721,1033.433333,13.3,37.3,Aspirin,21,840,Aspirin,9,7146,0,0,1,3.93
5-Nov-2025,Pulmonology,135,95580,708,1062,13,24,Montelukast,39,4719,Montelukast,11,21736,0,0,0,4.72
6-Nov-2025,General Medicine,352,182336,518,1072.564706,17.3,35.3,Amoxicillin,88,8360,Amoxicillin,18,21276,0,1,1,3.41
6-Nov-2025,General Surgery,108,103032,954,1981.384615,19.7,42.7,Pantoprazole,21,2205,Ceftriaxone,3,4764,0,0,0,4.64
6-Nov-2025,Nephrology,112,78624,702,1638,8.5,13.5,Furosemide,15,2340,Sevelamer,7,12614,0,0,1,4.66
6-Nov-2025,Neurology,136,43656,321,765.8947368,13.8,24.8,Clopidogrel,29,1798,Levetiracetam,1,1447,0,0,0,4.49
6-Nov-2025,Gynecology & OBG,126,78372,622,1306.2,18,44,Oxytocin,18,2358,Oxytocin,11,5676,0,0,0,4.7
6-Nov-2025,Pediatrics,174,50112,288,696,15.5,36.5,Paracetamol Syrup,41,5945,Paracetamol Syrup,13,8515,0,0,0,4.2
6-Nov-2025,Orthopedics,48,30672,639,1394.181818,17,23,Diclofenac,10,1260,Vitamin D3,2,1320,0,0,0,4.87
6-Nov-2025,Cardiology,215,177805,827,2043.735632,5.1,13.1,Amiodarone,21,672,Atorvastatin,6,10740,0,0,2,4.27
6-Nov-2025,Pulmonology,30,21870,729,874.8,11.5,30.5,Montelukast,3,135,Montelukast,0,0,0,0,0,4.42
7-Nov-2025,General Medicine,135,52380,388,582,7.5,22.5,Paracetamol,40,7000,Paracetamol,7,8666,0,0,0,4.18
7-Nov-2025,General Surgery,87,65076,748,1084.6,16.9,37.9,Ceftriaxone,20,3040,Diclofenac,2,1734,0,0,0,4.73
7-Nov-2025,Nephrology,80,109200,1365,2730,10.9,16.9,Sevelamer,9,513,Sevelamer,0,0,0,0,0,4.11
7-Nov-2025,Neurology,114,29526,259,410.0833333,7.5,24.5,Levetiracetam,22,1628,Clopidogrel,8,14512,0,0,0,3.55
7-Nov-2025,Gynecology & OBG,93,40920,440,568.3333333,7.7,17.7,Oxytocin,13,1274,Iron-Folic Acid,9,5670,0,0,0,4.01
7-Nov-2025,Pediatrics,107,46866,438,822.2105263,7.2,18.2,Paracetamol Syrup,18,2304,Salbutamol,7,11200,0,0,1,3.87
7-Nov-2025,Orthopedics,54,14742,273,387.9473684,10.5,35.5,Calcium,15,1530,Calcium,1,1307,0,0,0,4.67
7-Nov-2025,Cardiology,207,185886,898,1408.227273,19.2,48.2,Clopidogrel,42,5460,Clopidogrel,7,4669,0,0,2,3.97
7-Nov-2025,Pulmonology,56,54992,982,1964,10.4,29.4,Salbutamol Inhaler,9,1314,Salbutamol Inhaler,2,2490,0,0,0,3.49
8-Nov-2025,General Medicine,164,63304,386,608.6923077,16.4,43.4,Amlodipine,41,7257,Paracetamol,4,3728,0,0,1,3.43
8-Nov-2025,General Surgery,42,26502,631,883.4,15.2,44.2,Diclofenac,11,220,Tramadol,1,1536,0,0,0,3.65
8-Nov-2025,Nephrology,84,121968,1452,3127.384615,8.4,32.4,Erythropoietin,13,390,Erythropoietin,3,5565,0,0,0,3.83
8-Nov-2025,Neurology,90,61020,678,1017,7,32,Sodium Valproate,12,1116,Aspirin,2,1480,0,0,0,4.23
8-Nov-2025,Gynecology & OBG,100,25900,259,404.6875,6,26,Iron-Folic Acid,21,2667,Oxytocin,4,3476,0,0,0,4.12
8-Nov-2025,Pediatrics,265,58830,222,507.1551724,5.3,33.3,Amoxicillin Syrup,73,10731,ORS,15,16515,0,0,2,4.32
8-Nov-2025,Orthopedics,116,59856,516,1273.531915,18.1,34.1,Diclofenac,12,276,Calcium,5,4655,0,0,0,3.97
8-Nov-2025,Cardiology,330,303270,919,2229.926471,16.9,31.9,Amiodarone,65,6435,Atorvastatin,16,31248,0,0,0,4.38
8-Nov-2025,Pulmonology,206,148526,721,1650.288889,17.3,45.3,Montelukast,50,4250,Montelukast,11,18040,0,0,0,3.53
9-Nov-2025,General Medicine,119,69258,582,1473.574468,5.6,29.6,Amoxicillin,11,1353,Metformin,2,3282,0,0,1,4.82
9-Nov-2025,General Surgery,54,50814,941,2032.56,10.3,25.3,Pantoprazole,7,714,Ceftriaxone,4,2044,0,0,0,4.34
9-Nov-2025,Nephrology,99,143352,1448,3496.390244,13.2,30.2,Erythropoietin,12,528,Sevelamer,5,6155,0,0,0,3.26
9-Nov-2025,Neurology,44,9416,214,428,7.3,27.3,Sodium Valproate,10,1540,Sodium Valproate,0,0,0,0,0,4.29
9-Nov-2025,Gynecology & OBG,44,23364,531,1168.2,7.1,29.1,Metronidazole,7,1008,Iron-Folic Acid,1,1316,0,0,0,3.85
9-Nov-2025,Pediatrics,98,41650,425,968.6046512,14,34,Salbutamol,15,1920,Salbutamol,8,13864,0,0,0,4.13
9-Nov-2025,Orthopedics,30,7740,258,595.3846154,18.1,39.1,Vitamin D3,4,400,Diclofenac,0,0,0,0,0,4.43
9-Nov-2025,Cardiology,80,110640,1383,1907.586207,5.1,33.1,Clopidogrel,11,1518,Amiodarone,8,4168,0,0,0,3.68
9-Nov-2025,Pulmonology,28,14056,502,638.9090909,16.2,38.2,Azithromycin,3,72,Azithromycin,2,1276,0,0,0,4.67
10-Nov-2025,General Medicine,360,132840,369,763.4482759,8,18,Metformin,108,11556,Amlodipine,19,14136,0,1,2,4.16
10-Nov-2025,General Surgery,92,41216,448,936.7272727,13.9,33.9,Tramadol,26,3406,Pantoprazole,4,3752,0,0,0,4.65
10-Nov-2025,Nephrology,72,50760,705,1492.941176,19.4,41.4,Erythropoietin,15,2130,Furosemide,2,2082,0,0,0,4.49
10-Nov-2025,Neurology,54,19440,360,571.7647059,9.7,24.7,Aspirin,5,565,Sodium Valproate,1,719,0,0,0,3.6
10-Nov-2025,Gynecology & OBG,64,38400,600,1280,9.8,23.8,Metronidazole,18,3024,Iron-Folic Acid,4,4568,0,0,0,4.18
10-Nov-2025,Pediatrics,157,46943,299,378.5725806,10.2,22.2,ORS,19,2489,ORS,10,10040,0,0,1,3.33
10-Nov-2025,Orthopedics,83,26643,321,467.4210526,5.5,21.5,Diclofenac,14,364,Paracetamol,1,1608,0,0,0,4.35
10-Nov-2025,Cardiology,292,276524,947,1947.352113,14.4,25.4,Amiodarone,56,4704,Aspirin,19,30191,0,0,2,4.24
10-Nov-2025,Pulmonology,89,58117,653,842.2753623,13.9,42.9,Salbutamol Inhaler,26,3718,Budesonide,0,0,0,0,0,4.46
11-Nov-2025,General Medicine,106,48972,462,1166,15.8,27.8,Metformin,12,396,Amlodipine,4,7736,0,0,1,4.12
11-Nov-2025,General Surgery,128,56192,439,936.5333333,15.8,24.8,Tramadol,19,2603,Pantoprazole,8,8416,0,0,0,3.84
11-Nov-2025,Nephrology,35,31430,898,1257.2,18.9,45.9,Sevelamer,8,1440,Tacrolimus,1,532,0,0,0,3.83
11-Nov-2025,Neurology,127,70612,556,1283.854545,8,33,Clopidogrel,35,1470,Sodium Valproate,8,6024,0,0,0,3.68
11-Nov-2025,Gynecology & OBG,100,65900,659,1372.916667,10.6,21.6,Oxytocin,18,1170,Oxytocin,4,2332,0,0,1,4.43
11-Nov-2025,Pediatrics,153,41004,268,546.72,17.7,27.7,Paracetamol Syrup,35,4375,Amoxicillin Syrup,5,3415,0,0,1,3.72
11-Nov-2025,Orthopedics,110,62920,572,1338.723404,13.6,43.6,Diclofenac,25,4650,Diclofenac,11,9306,0,0,0,4.11
11-Nov-2025,Cardiology,153,164016,1072,2603.428571,11.8,38.8,Clopidogrel,33,6204,Amiodarone,15,10740,0,0,0,3.34
11-Nov-2025,Pulmonology,44,20504,466,640.75,17.5,36.5,Salbutamol Inhaler,8,472,Azithromycin,2,2066,0,0,0,3.36
12-Nov-2025,General Medicine,136,78200,575,1184.848485,14.2,21.2,Metformin,16,2704,Metformin,3,5460,0,0,0,3.52
12-Nov-2025,General Surgery,94,58374,621,912.09375,10.1,27.1,Tramadol,22,2156,Tramadol,1,996,0,0,0,4.61
12-Nov-2025,Nephrology,60,65040,1084,2710,6.7,14.7,Erythropoietin,16,2272,Sevelamer,6,10938,0,0,0,3.78
12-Nov-2025,Neurology,88,35288,401,504.1142857,13.2,40.2,Aspirin,9,414,Aspirin,6,10440,0,0,0,3.75
12-Nov-2025,Gynecology & OBG,115,23460,204,293.25,17,30,Calcium,14,1050,Calcium,0,0,0,0,0,4.26
12-Nov-2025,Pediatrics,235,134655,573,1160.818966,5.6,28.6,Amoxicillin Syrup,26,1326,ORS,8,6432,0,0,2,3.95
12-Nov-2025,Orthopedics,138,28566,207,476.1,8,16,Vitamin D3,31,2170,Vitamin D3,4,3544,0,0,1,4.51
12-Nov-2025,Cardiology,141,158766,1126,1671.221053,9.1,33.1,Amiodarone,28,5208,Clopidogrel,2,3072,0,0,0,3.73
12-Nov-2025,Pulmonology,32,28384,887,1351.619048,7.9,12.9,Montelukast,9,270,Montelukast,0,0,0,0,0,4.07
13-Nov-2025,General Medicine,272,95200,350,528.8888889,12.8,33.8,Amoxicillin,30,5460,Paracetamol,22,34848,0,0,2,4.32
13-Nov-2025,General Surgery,41,28741,701,870.9393939,19,32,Diclofenac,4,648,Pantoprazole,2,3150,0,0,0,3.49
13-Nov-2025,Nephrology,79,106413,1347,1773.55,18,38,Furosemide,17,1020,Erythropoietin,2,1916,0,0,0,3.91
13-Nov-2025,Neurology,180,52740,293,586,14.6,40.6,Sodium Valproate,39,4251,Aspirin,10,8950,0,0,1,4.35
13-Nov-2025,Gynecology & OBG,36,14940,415,830,16.3,45.3,Calcium,3,375,Calcium,3,5829,0,0,0,4.09
13-Nov-2025,Pediatrics,84,36204,431,928.3076923,11.6,20.6,Amoxicillin Syrup,18,702,Paracetamol Syrup,8,8120,0,0,0,3.72
13-Nov-2025,Orthopedics,78,48048,616,1232,16.6,30.6,Diclofenac,10,700,Paracetamol,3,4848,0,0,0,3.72
13-Nov-2025,Cardiology,177,153282,866,1332.886957,6.1,31.1,Clopidogrel,38,5776,Amiodarone,8,12952,0,0,1,4.31
13-Nov-2025,Pulmonology,20,8140,407,542.6666667,16.1,39.1,Azithromycin,3,513,Budesonide,1,732,0,0,0,3.37
14-Nov-2025,General Medicine,142,57936,408,742.7692308,10.4,15.4,Metformin,31,4619,Paracetamol,10,16240,0,0,1,3.54
14-Nov-2025,General Surgery,88,59576,677,1567.789474,8.4,22.4,Pantoprazole,10,1950,Diclofenac,5,9090,0,0,0,3.5
14-Nov-2025,Nephrology,30,22020,734,1101,10,29,Erythropoietin,5,120,Tacrolimus,3,5343,0,0,0,3.53
14-Nov-2025,Neurology,103,50058,486,658.6578947,8.8,35.8,Levetiracetam,17,714,Levetiracetam,2,3106,0,0,0,4.51
14-Nov-2025,Gynecology & OBG,30,19200,640,960,10.8,15.8,Metronidazole,8,224,Calcium,1,1471,0,0,0,4
14-Nov-2025,Pediatrics,232,88160,380,568.7741935,5.3,32.3,Amoxicillin Syrup,59,1239,Amoxicillin Syrup,6,9084,0,0,1,3.85
14-Nov-2025,Orthopedics,114,46512,408,511.1208791,14.2,30.2,Paracetamol,22,748,Calcium,6,10842,0,0,0,3.9
14-Nov-2025,Cardiology,286,319462,1117,2662.183333,18,23,Amiodarone,80,14560,Amiodarone,12,12144,0,0,1,3.97
14-Nov-2025,Pulmonology,74,53798,727,1054.862745,14.4,43.4,Budesonide,19,1216,Montelukast,2,3362,0,0,0,4.06
15-Nov-2025,General Medicine,293,67683,231,347.0923077,5.4,21.4,Amoxicillin,85,14705,Amlodipine,9,14085,0,0,1,4.44
15-Nov-2025,General Surgery,28,21336,762,969.8181818,9,25,Pantoprazole,3,138,Ceftriaxone,1,761,0,0,0,4.15
15-Nov-2025,Nephrology,70,61530,879,1118.727273,8.5,27.5,Erythropoietin,7,1260,Sevelamer,1,887,0,0,0,4.49
15-Nov-2025,Neurology,66,17160,260,381.3333333,11.4,18.4,Clopidogrel,10,1850,Aspirin,6,4986,0,0,0,4.39
15-Nov-2025,Gynecology & OBG,45,22365,497,1118.25,8.4,31.4,Calcium,5,255,Calcium,4,5424,0,0,0,3.91
15-Nov-2025,Pediatrics,239,99424,416,946.8952381,6.5,35.5,Paracetamol Syrup,46,4508,Salbutamol,13,23309,0,0,2,4.23
15-Nov-2025,Orthopedics,24,14688,612,918,7.9,12.9,Vitamin D3,2,88,Paracetamol,2,3314,0,0,0,4.59
15-Nov-2025,Cardiology,162,176256,1088,1602.327273,15.9,43.9,Aspirin,31,5456,Clopidogrel,7,6076,0,0,0,4.57
15-Nov-2025,Pulmonology,77,44429,577,1269.4,13.9,25.9,Budesonide,20,2460,Azithromycin,2,1288,0,0,0,3.91
16-Nov-2025,General Medicine,148,32116,217,486.6060606,16.8,46.8,Amoxicillin,28,2856,Metformin,12,10752,0,0,1,4.89
16-Nov-2025,General Surgery,37,15133,409,630.5416667,8.6,29.6,Pantoprazole,8,1088,Tramadol,3,3867,0,0,0,4.77
16-Nov-2025,Nephrology,41,59450,1450,2050,13.3,39.3,Sevelamer,4,440,Tacrolimus,1,1816,0,0,0,3.66
16-Nov-2025,Neurology,34,14654,431,666.0909091,11.8,24.8,Sodium Valproate,6,444,Levetiracetam,2,3622,0,0,0,4.17
16-Nov-2025,Gynecology & OBG,22,10142,461,922,13.1,34.1,Oxytocin,2,48,Iron-Folic Acid,2,3224,0,0,0,3.69
16-Nov-2025,Pediatrics,56,11928,213,350.8235294,14.5,44.5,Paracetamol Syrup,14,1022,ORS,1,926,0,0,0,4.46
16-Nov-2025,Orthopedics,99,59004,596,1341,7.9,13.9,Vitamin D3,16,1184,Diclofenac,6,7932,0,0,0,4.39
16-Nov-2025,Cardiology,170,182410,1073,1940.531915,14.8,28.8,Atorvastatin,28,5012,Clopidogrel,4,4656,0,0,1,4.29
16-Nov-2025,Pulmonology,20,14980,749,1248.333333,11.3,27.3,Azithromycin,4,132,Budesonide,2,2828,0,0,0,4.58
17-Nov-2025,General Medicine,386,265568,688,1435.502703,14.5,28.5,Paracetamol,50,3600,Metformin,6,6252,0,0,0,3.62
17-Nov-2025,General Surgery,30,27000,900,1227.272727,17.3,42.3,Ceftriaxone,6,168,Diclofenac,3,2103,0,0,0,3.92
17-Nov-2025,Nephrology,82,99466,1213,1554.15625,8.2,20.2,Tacrolimus,22,3586,Erythropoietin,6,7020,0,0,0,4.05
17-Nov-2025,Neurology,109,56244,516,770.4657534,11.5,28.5,Aspirin,12,564,Sodium Valproate,1,606,0,0,1,4.02
17-Nov-2025,Gynecology & OBG,146,88476,606,1382.4375,18.6,29.6,Oxytocin,34,1632,Metronidazole,3,2244,0,0,0,3.87
17-Nov-2025,Pediatrics,95,37810,398,517.9452055,5.6,30.6,Amoxicillin Syrup,26,3640,ORS,5,9740,0,0,0,4.31
17-Nov-2025,Orthopedics,91,36127,397,821.0681818,17.8,22.8,Calcium,25,1225,Paracetamol,9,10305,0,0,0,3.84
17-Nov-2025,Cardiology,520,705640,1357,3041.551724,9.4,33.4,Amiodarone,114,18696,Atorvastatin,1,1856,1,1,5,4.41
17-Nov-2025,Pulmonology,44,17820,405,891,17.4,23.4,Budesonide,6,150,Salbutamol Inhaler,4,4784,0,0,0,4.05
18-Nov-2025,General Medicine,88,32472,369,738,13.1,25.1,Metformin,8,944,Amoxicillin,7,5285,0,0,0,3.75
18-Nov-2025,General Surgery,40,33720,843,1204.285714,14.8,25.8,Tramadol,11,1210,Tramadol,1,1008,0,0,0,3.87
18-Nov-2025,Nephrology,107,80571,753,1060.144737,10.8,30.8,Sevelamer,27,3645,Erythropoietin,4,5824,0,0,0,3.64
18-Nov-2025,Neurology,123,32718,266,545.3,17,44,Aspirin,25,1500,Sodium Valproate,3,3711,0,0,1,4.13
18-Nov-2025,Gynecology & OBG,163,111492,684,1393.65,19.4,44.4,Metronidazole,28,756,Metronidazole,16,15584,0,0,1,3.65
18-Nov-2025,Pediatrics,213,64539,303,391.1454545,14.3,44.3,ORS,27,1782,Amoxicillin Syrup,18,13122,0,0,2,4.3
18-Nov-2025,Orthopedics,69,33603,487,589.5263158,19.2,46.2,Paracetamol,13,1326,Calcium,6,8856,0,0,0,3.51
18-Nov-2025,Cardiology,121,78892,652,1143.362319,11,32,Clopidogrel,28,2100,Atorvastatin,4,7836,0,0,1,3.68
18-Nov-2025,Pulmonology,94,40796,434,755.4814815,16.8,46.8,Azithromycin,14,1960,Salbutamol Inhaler,9,6264,0,0,0,3.62
19-Nov-2025,General Medicine,340,83300,245,520.625,11.1,22.1,Paracetamol,42,2478,Paracetamol,9,13797,0,0,2,4.33
19-Nov-2025,General Surgery,58,42166,727,1109.631579,18.1,36.1,Diclofenac,5,325,Ceftriaxone,1,1904,0,0,0,3.98
19-Nov-2025,Nephrology,153,113526,742,1513.68,18.2,40.2,Sevelamer,25,4375,Furosemide,7,7098,0,0,0,4.28
19-Nov-2025,Neurology,63,40635,645,903,11.5,32.5,Levetiracetam,12,1164,Sodium Valproate,0,0,0,0,0,4.64
19-Nov-2025,Gynecology & OBG,159,72663,457,1068.573529,16.2,28.2,Calcium,23,1265,Oxytocin,7,9779,0,0,0,4.09
19-Nov-2025,Pediatrics,126,55062,437,724.5,18.2,47.2,Paracetamol Syrup,35,6860,Amoxicillin Syrup,10,11410,0,0,0,4.09
19-Nov-2025,Orthopedics,97,59267,611,1378.302326,13.1,33.1,Paracetamol,18,2340,Vitamin D3,7,10962,0,0,0,4.58
19-Nov-2025,Cardiology,212,234048,1104,2463.663158,13.1,19.1,Amiodarone,42,6972,Atorvastatin,13,17186,0,0,1,4.48
19-Nov-2025,Pulmonology,152,147896,973,1478.96,15.5,31.5,Azithromycin,33,693,Azithromycin,0,0,0,0,1,4.37
20-Nov-2025,General Medicine,104,31096,299,431.8888889,7.4,17.4,Paracetamol,21,2163,Amoxicillin,3,2400,0,0,0,3.94
20-Nov-2025,General Surgery,48,19200,400,872.7272727,7.6,32.6,Ceftriaxone,9,549,Ceftriaxone,3,4161,0,0,0,3.66
20-Nov-2025,Nephrology,111,85803,773,1191.708333,9.5,33.5,Furosemide,22,1628,Furosemide,5,8105,0,0,1,4.31
20-Nov-2025,Neurology,69,40572,588,737.6727273,8.8,31.8,Sodium Valproate,11,1540,Levetiracetam,3,1659,0,0,0,4.73
20-Nov-2025,Gynecology & OBG,103,57062,554,1268.044444,9.3,17.3,Metronidazole,11,2035,Metronidazole,1,1498,0,0,1,3.82
20-Nov-2025,Pediatrics,129,71337,553,951.16,17.3,30.3,ORS,23,2921,Paracetamol Syrup,10,15910,0,0,0,4.3
20-Nov-2025,Orthopedics,70,38920,556,1297.333333,18.4,27.4,Paracetamol,21,2163,Calcium,6,6066,0,0,0,3.87
20-Nov-2025,Cardiology,183,211548,1156,1511.057143,8.6,22.6,Amiodarone,35,4725,Aspirin,12,22824,0,0,1,4.31
20-Nov-2025,Pulmonology,46,29394,639,1399.714286,17.1,29.1,Azithromycin,13,1235,Azithromycin,3,1671,0,0,0,3.4
21-Nov-2025,General Medicine,255,55845,219,517.0833333,7.8,34.8,Amoxicillin,37,7363,Metformin,8,6184,0,0,0,4.83
21-Nov-2025,General Surgery,20,19720,986,1232.5,13,37,Pantoprazole,4,352,Ceftriaxone,0,0,0,0,0,3.87
21-Nov-2025,Nephrology,86,95030,1105,1462,7.6,29.6,Tacrolimus,9,1665,Tacrolimus,3,3711,0,0,0,3.81
21-Nov-2025,Neurology,24,6456,269,358.6666667,12.7,35.7,Aspirin,3,129,Sodium Valproate,1,1201,0,0,0,4.82
21-Nov-2025,Gynecology & OBG,79,21251,269,372.8245614,7.1,22.1,Oxytocin,19,684,Iron-Folic Acid,1,1518,0,0,0,4.11
21-Nov-2025,Pediatrics,126,53676,426,958.5,11.3,24.3,Salbutamol,37,1036,ORS,10,17590,0,0,1,4.57
21-Nov-2025,Orthopedics,176,40304,229,530.3157895,18.3,31.3,Calcium,45,7965,Diclofenac,5,5805,0,0,0,4.05
21-Nov-2025,Cardiology,135,148095,1097,2742.5,19.2,38.2,Amiodarone,35,4760,Amiodarone,6,6282,0,0,0,4.32
21-Nov-2025,Pulmonology,74,39516,534,705.6428571,9.3,23.3,Salbutamol Inhaler,18,3222,Montelukast,0,0,0,0,0,4.48
22-Nov-2025,General Medicine,91,20384,224,522.6666667,19.5,47.5,Metformin,11,1089,Paracetamol,6,11184,0,0,0,3.79
22-Nov-2025,General Surgery,142,109624,772,1768.129032,13.3,20.3,Diclofenac,16,1744,Diclofenac,9,6795,0,0,1,3.86
22-Nov-2025,Nephrology,94,113176,1204,2901.948718,6.7,30.7,Erythropoietin,12,2268,Sevelamer,6,7818,0,0,0,4.34
22-Nov-2025,Neurology,25,13800,552,690,9.3,28.3,Sodium Valproate,6,378,Clopidogrel,2,3642,0,0,0,3.9
22-Nov-2025,Gynecology & OBG,99,52173,527,652.1625,8.9,24.9,Calcium,14,1470,Calcium,9,7146,0,0,0,4.42
22-Nov-2025,Pediatrics,80,36640,458,1110.30303,8.9,31.9,Paracetamol Syrup,18,1422,Salbutamol,3,3042,0,0,0,4.44
22-Nov-2025,Orthopedics,93,22413,241,373.55,19.1,42.1,Paracetamol,21,2268,Calcium,7,11501,0,0,0,4.67
22-Nov-2025,Cardiology,180,140580,781,1597.5,11.6,23.6,Aspirin,36,2232,Clopidogrel,17,16847,0,0,0,3.65
22-Nov-2025,Pulmonology,152,135128,889,2111.375,19.2,41.2,Montelukast,39,7722,Budesonide,3,2379,0,0,0,3.27
23-Nov-2025,General Medicine,126,26334,209,462,6.5,11.5,Paracetamol,22,770,Metformin,9,11538,0,0,1,4.37
23-Nov-2025,General Surgery,73,37668,516,1215.096774,17.5,43.5,Ceftriaxone,21,2436,Tramadol,5,6835,0,0,0,4.13
23-Nov-2025,Nephrology,23,21137,919,1761.416667,14.2,41.2,Erythropoietin,4,696,Furosemide,0,0,0,0,0,4.33
23-Nov-2025,Neurology,60,20880,348,949.0909091,16.1,25.1,Aspirin,16,1008,Sodium Valproate,3,2088,0,0,0,4.48
23-Nov-2025,Gynecology & OBG,54,19980,370,740,16,33,Calcium,15,1305,Metronidazole,2,3946,0,0,0,3.59
23-Nov-2025,Pediatrics,125,83750,670,1046.875,15.1,33.1,Salbutamol,28,3556,ORS,6,4956,0,0,1,3.67
23-Nov-2025,Orthopedics,53,23161,437,926.44,18.1,43.1,Vitamin D3,9,864,Calcium,5,7185,0,0,0,4.39
23-Nov-2025,Cardiology,128,116096,907,1222.063158,12.5,18.5,Atorvastatin,36,6876,Aspirin,0,0,0,0,0,4.69
23-Nov-2025,Pulmonology,133,53466,402,862.3548387,17,47,Salbutamol Inhaler,23,3220,Budesonide,13,16328,0,0,0,3.79
24-Nov-2025,General Medicine,334,138276,414,858.8571429,16.6,25.6,Paracetamol,43,1204,Amlodipine,2,3990,0,1,0,4.68
24-Nov-2025,General Surgery,123,55965,455,559.65,16.3,24.3,Ceftriaxone,22,3718,Tramadol,2,1462,0,0,0,4.73
24-Nov-2025,Nephrology,110,162910,1481,1872.528736,10.5,33.5,Sevelamer,30,780,Sevelamer,8,12848,0,0,0,3.69
24-Nov-2025,Neurology,63,17892,284,483.5675676,16.4,38.4,Aspirin,12,1740,Clopidogrel,2,3822,0,0,0,4.27
24-Nov-2025,Gynecology & OBG,80,33440,418,836,9.7,36.7,Metronidazole,8,880,Oxytocin,3,4794,0,0,0,4.93
24-Nov-2025,Pediatrics,157,88705,565,1285.57971,13.9,35.9,Salbutamol,44,3696,Paracetamol Syrup,1,1553,0,0,0,3.45
24-Nov-2025,Orthopedics,108,61344,568,828.972973,15,41,Calcium,22,2266,Vitamin D3,9,8730,0,0,0,4.64
24-Nov-2025,Cardiology,485,382665,789,1649.418103,9,21,Atorvastatin,57,5586,Amiodarone,36,45720,0,0,2,4.67
24-Nov-2025,Pulmonology,46,42642,927,2132.1,14.6,20.6,Budesonide,12,2244,Montelukast,0,0,0,0,0,4.71
25-Nov-2025,General Medicine,185,81585,441,1045.961538,11.9,34.9,Paracetamol,37,7030,Metformin,4,4420,0,0,0,4.04
25-Nov-2025,General Surgery,82,39770,485,1046.578947,12.3,24.3,Tramadol,23,2254,Pantoprazole,3,2088,0,0,0,4.26
25-Nov-2025,Nephrology,39,34554,886,1919.666667,14.1,36.1,Erythropoietin,10,760,Sevelamer,0,0,0,0,0,3.65
25-Nov-2025,Neurology,93,31434,338,582.1111111,6.9,15.9,Levetiracetam,26,1092,Sodium Valproate,7,11739,0,0,0,4.27
25-Nov-2025,Gynecology & OBG,124,39308,317,655.1333333,9.8,32.8,Metronidazole,12,1500,Metronidazole,10,15560,0,0,0,4.66
25-Nov-2025,Pediatrics,153,89505,585,745.875,17.1,43.1,ORS,45,1080,Amoxicillin Syrup,4,4420,0,0,1,3.84
25-Nov-2025,Orthopedics,48,16704,348,696,10.5,32.5,Vitamin D3,4,380,Diclofenac,3,2922,0,0,0,3.32
25-Nov-2025,Cardiology,70,79310,1133,1442,16.3,35.3,Aspirin,9,207,Atorvastatin,4,5388,0,0,0,3.47
25-Nov-2025,Pulmonology,102,61914,607,773.925,16.2,32.2,Budesonide,27,3105,Azithromycin,5,9990,0,0,0,4.03
26-Nov-2025,General Medicine,186,105090,565,1347.307692,11,28,Amlodipine,23,2576,Paracetamol,4,3376,0,0,0,4.74
26-Nov-2025,General Surgery,90,49230,547,1200.731707,10.8,34.8,Ceftriaxone,27,2187,Pantoprazole,4,7684,0,0,0,4
26-Nov-2025,Nephrology,36,36108,1003,1504.5,17.2,41.2,Sevelamer,8,1176,Furosemide,1,1289,0,0,0,3.77
26-Nov-2025,Neurology,108,33264,308,489.1764706,14.6,21.6,Clopidogrel,32,5504,Aspirin,4,3968,0,0,1,4.07
26-Nov-2025,Gynecology & OBG,112,31024,277,574.5185185,12.3,19.3,Calcium,31,1550,Calcium,5,9605,0,0,1,4.43
26-Nov-2025,Pediatrics,90,25740,286,612.8571429,8.1,35.1,Amoxicillin Syrup,26,4420,ORS,3,5976,0,0,0,4.36
26-Nov-2025,Orthopedics,78,53586,687,1011.056604,13.8,31.8,Diclofenac,22,3476,Calcium,5,6345,0,0,0,3.26
26-Nov-2025,Cardiology,188,282000,1500,3525,6.6,18.6,Amiodarone,20,840,Atorvastatin,11,21098,0,0,0,4.33
26-Nov-2025,Pulmonology,106,91054,859,1785.372549,13.4,43.4,Azithromycin,29,5017,Azithromycin,4,5452,0,0,0,4.53
27-Nov-2025,General Medicine,219,74898,342,860.8965517,16.9,41.9,Amlodipine,61,1647,Paracetamol,11,14729,0,0,1,4.13
27-Nov-2025,General Surgery,92,86020,935,1536.071429,5.2,32.2,Tramadol,15,2100,Diclofenac,2,2134,0,0,0,4.17
27-Nov-2025,Nephrology,91,57785,635,1133.039216,13.2,28.2,Furosemide,22,4136,Furosemide,5,5570,0,0,0,3.65
27-Nov-2025,Neurology,68,34068,501,1064.625,15.4,37.4,Clopidogrel,10,1860,Sodium Valproate,6,6612,0,0,0,4.57
27-Nov-2025,Gynecology & OBG,35,19145,547,683.75,9.5,21.5,Calcium,6,798,Metronidazole,1,1318,0,0,0,3.48
27-Nov-2025,Pediatrics,298,187442,629,937.21,15.5,34.5,ORS,54,6480,Amoxicillin Syrup,13,22464,0,0,1,4.49
27-Nov-2025,Orthopedics,90,56790,631,915.9677419,8.2,25.2,Diclofenac,21,2016,Vitamin D3,7,11081,0,0,0,3.51
27-Nov-2025,Cardiology,78,116376,1492,1939.6,9.3,38.3,Clopidogrel,18,1278,Atorvastatin,3,4623,0,0,0,3.59
27-Nov-2025,Pulmonology,69,40365,585,1223.181818,6.3,15.3,Salbutamol Inhaler,15,705,Azithromycin,5,5215,0,0,0,3.74
28-Nov-2025,General Medicine,358,244156,682,1395.177143,18.1,31.1,Metformin,96,15744,Amoxicillin,32,22624,0,0,3,3.33
28-Nov-2025,General Surgery,96,72960,760,1696.744186,5.6,20.6,Tramadol,27,4185,Pantoprazole,3,3510,0,0,0,4.03
28-Nov-2025,Nephrology,53,35139,663,1003.971429,17.8,40.8,Erythropoietin,10,800,Tacrolimus,4,4812,0,0,0,4.65
28-Nov-2025,Neurology,169,46813,277,585.1625,18.9,47.9,Sodium Valproate,35,4305,Levetiracetam,2,3560,0,0,0,3.71
28-Nov-2025,Gynecology & OBG,120,75600,630,945,12.7,33.7,Oxytocin,23,3151,Oxytocin,7,6209,0,0,0,3.53
28-Nov-2025,Pediatrics,273,113568,416,979.0344828,5.6,27.6,Salbutamol,32,2080,Amoxicillin Syrup,1,1971,0,0,2,4.7
28-Nov-2025,Orthopedics,60,20940,349,747.8571429,15,34,Vitamin D3,11,1672,Diclofenac,5,4045,0,0,0,4.45
28-Nov-2025,Cardiology,174,168258,967,2077.259259,12.6,31.6,Amiodarone,47,6439,Clopidogrel,14,17892,0,0,1,4.95
28-Nov-2025,Pulmonology,44,37708,857,1142.666667,19.8,48.8,Budesonide,8,816,Salbutamol Inhaler,3,1707,0,0,0,4
29-Nov-2025,General Medicine,165,48510,294,466.4423077,5.6,10.6,Paracetamol,21,1596,Amoxicillin,10,5870,0,0,1,4
29-Nov-2025,General Surgery,111,57165,515,705.7407407,15.9,27.9,Diclofenac,29,5046,Ceftriaxone,0,0,0,0,0,4.52
29-Nov-2025,Nephrology,49,44345,905,2111.666667,12.2,40.2,Erythropoietin,6,246,Tacrolimus,4,7424,0,0,0,3.71
29-Nov-2025,Neurology,95,58900,620,1510.25641,5.1,12.1,Levetiracetam,19,3458,Levetiracetam,7,8533,0,0,0,3.73
29-Nov-2025,Gynecology & OBG,88,19096,217,272.8,15.3,20.3,Metronidazole,18,1890,Iron-Folic Acid,4,6876,0,0,0,4.09
29-Nov-2025,Pediatrics,212,96036,453,662.3172414,12.9,20.9,ORS,39,3042,Paracetamol Syrup,6,9576,0,0,1,4.26
29-Nov-2025,Orthopedics,71,36849,519,1116.636364,6.9,26.9,Diclofenac,17,1870,Diclofenac,4,7572,0,0,0,4.53
29-Nov-2025,Cardiology,68,64328,946,1261.333333,10.5,28.5,Amiodarone,15,660,Atorvastatin,3,3189,0,0,0,4.11
29-Nov-2025,Pulmonology,140,125580,897,1962.1875,7.5,27.5,Montelukast,18,2574,Salbutamol Inhaler,12,21708,0,0,0,3.53
30-Nov-2025,General Medicine,65,35555,547,1146.935484,11.5,35.5,Paracetamol,19,3230,Amoxicillin,6,4650,0,0,0,4.49
30-Nov-2025,General Surgery,86,77916,906,2050.421053,10.5,33.5,Tramadol,17,561,Diclofenac,3,3399,0,0,0,3.57
30-Nov-2025,Nephrology,122,180194,1477,3276.254545,13.5,41.5,Erythropoietin,33,3861,Tacrolimus,1,1968,0,0,0,4.56
30-Nov-2025,Neurology,15,7425,495,675,15.4,44.4,Aspirin,3,78,Levetiracetam,0,0,0,0,0,3.8
30-Nov-2025,Gynecology & OBG,54,36180,670,1447.2,14,36,Calcium,10,1220,Iron-Folic Acid,1,860,0,0,0,3.91
30-Nov-2025,Pediatrics,102,39270,385,510,9.2,16.2,ORS,16,2928,ORS,3,4494,0,0,0,4.28
30-Nov-2025,Orthopedics,20,5080,254,508,14.8,20.8,Calcium,4,92,Diclofenac,1,1518,0,0,0,4.08
30-Nov-2025,Cardiology,70,94360,1348,2859.393939,13.9,42.9,Clopidogrel,7,154,Amiodarone,6,11466,0,0,0,3.36
30-Nov-2025,Pulmonology,95,91105,959,1980.543478,6,32,Montelukast,16,2448,Montelukast,7,5971,0,0,0,4.35
1-Dec-2025,General Medicine,258,78174,303,422.5621622,16.5,44.5,Metformin,73,7665,Amlodipine,14,14588,0,0,0,3.79
1-Dec-2025,General Surgery,22,13926,633,819.1764706,12.1,24.1,Tramadol,2,330,Tramadol,1,752,0,0,0,4.07
1-Dec-2025,Nephrology,74,101010,1365,3156.5625,14.5,26.5,Tacrolimus,13,1287,Sevelamer,3,5649,0,0,0,4.33
1-Dec-2025,Neurology,137,41922,306,710.5423729,19.5,27.5,Aspirin,21,3003,Sodium Valproate,7,6902,0,0,1,3.71
1-Dec-2025,Gynecology & OBG,116,25288,218,274.8695652,6.2,35.2,Oxytocin,15,1905,Calcium,1,1935,0,0,1,3.41
1-Dec-2025,Pediatrics,143,75790,530,773.3673469,10.6,37.6,Salbutamol,18,1188,Paracetamol Syrup,5,3815,0,0,1,3.83
1-Dec-2025,Orthopedics,62,29822,481,648.3043478,14.7,39.7,Paracetamol,13,871,Vitamin D3,6,5214,0,0,0,4.63
1-Dec-2025,Cardiology,512,350208,684,1447.140496,16.9,37.9,Aspirin,100,16500,Amiodarone,33,60423,0,1,0,4.63
1-Dec-2025,Pulmonology,119,109718,922,2031.814815,14.5,38.5,Montelukast,25,4625,Budesonide,9,9135,0,0,0,4.14
2-Dec-2025,General Medicine,98,66248,676,1162.245614,16.6,24.6,Amoxicillin,23,2139,Amlodipine,6,9468,0,0,0,3.91
2-Dec-2025,General Surgery,64,56256,879,1758,16.1,26.1,Tramadol,6,1068,Pantoprazole,5,4530,0,0,0,4.2
2-Dec-2025,Nephrology,42,31794,757,908.4,11.4,37.4,Erythropoietin,4,768,Sevelamer,3,3618,0,0,0,4.3
2-Dec-2025,Neurology,40,19720,493,1095.555556,11.7,31.7,Levetiracetam,5,970,Sodium Valproate,0,0,0,0,0,4.26
2-Dec-2025,Gynecology & OBG,113,56274,498,1125.48,20,30,Oxytocin,14,1974,Oxytocin,1,578,0,0,1,4.6
2-Dec-2025,Pediatrics,127,36195,285,524.5652174,11.4,27.4,Paracetamol Syrup,34,3706,Amoxicillin Syrup,3,2469,0,0,1,3.74
2-Dec-2025,Orthopedics,59,30503,517,924.3333333,12.7,19.7,Calcium,15,1620,Diclofenac,3,4752,0,0,0,3.69
2-Dec-2025,Cardiology,277,206642,746,1577.419847,13.7,38.7,Atorvastatin,70,10570,Atorvastatin,22,42174,0,0,1,3.54
2-Dec-2025,Pulmonology,110,63800,580,1160,11.7,31.7,Budesonide,13,2210,Azithromycin,5,3990,0,0,1,3.31
3-Dec-2025,General Medicine,90,35100,390,877.5,5.9,23.9,Amoxicillin,26,3224,Amoxicillin,0,0,0,0,0,3.77
3-Dec-2025,General Surgery,24,12288,512,682.6666667,9.4,14.4,Tramadol,7,819,Diclofenac,1,1930,0,0,0,4.65
3-Dec-2025,Nephrology,73,95995,1315,1714.196429,8.5,31.5,Sevelamer,7,1120,Furosemide,5,5000,0,0,0,4.48
3-Dec-2025,Neurology,90,38880,432,518.4,14.1,38.1,Levetiracetam,19,1387,Aspirin,6,6924,0,0,0,4.39
3-Dec-2025,Gynecology & OBG,165,38280,232,531.6666667,9.6,14.6,Iron-Folic Acid,48,4464,Oxytocin,12,11040,0,0,1,3.9
3-Dec-2025,Pediatrics,116,79692,687,1660.25,10.1,20.1,Salbutamol,19,3249,Amoxicillin Syrup,1,845,0,0,0,4.61
3-Dec-2025,Orthopedics,50,29000,580,1160,7.4,33.4,Vitamin D3,10,350,Vitamin D3,5,3340,0,0,0,4.01
3-Dec-2025,Cardiology,329,262213,797,1317.653266,13,34,Atorvastatin,36,2268,Clopidogrel,13,19682,0,0,1,3.75
3-Dec-2025,Pulmonology,135,130545,967,1466.797753,13.9,30.9,Montelukast,13,2353,Montelukast,7,9618,0,0,0,4.03
4-Dec-2025,General Medicine,168,94416,562,1180.2,6.3,28.3,Amlodipine,46,2760,Amoxicillin,4,4860,0,0,1,3.41
4-Dec-2025,General Surgery,111,103230,930,2150.625,19.5,26.5,Tramadol,21,777,Tramadol,11,19866,0,0,0,3.84
4-Dec-2025,Nephrology,87,95526,1098,1364.657143,18.7,48.7,Erythropoietin,23,2047,Tacrolimus,1,841,0,0,0,3.44
4-Dec-2025,Neurology,63,26397,419,942.75,7.5,16.5,Sodium Valproate,10,1020,Aspirin,1,1894,0,0,0,4.27
4-Dec-2025,Gynecology & OBG,35,14840,424,706.6666667,14.7,20.7,Oxytocin,8,880,Calcium,0,0,0,0,0,3.8
4-Dec-2025,Pediatrics,94,47752,508,884.2962963,7.7,25.7,ORS,23,2576,Salbutamol,4,4156,0,0,0,4.23
4-Dec-2025,Orthopedics,48,16848,351,624,12,23,Vitamin D3,13,962,Vitamin D3,4,5436,0,0,0,4.44
4-Dec-2025,Cardiology,255,201960,792,1836,8.5,33.5,Amiodarone,68,11492,Amiodarone,24,45864,0,0,0,4.05
4-Dec-2025,Pulmonology,176,97680,555,1162.857143,17.3,45.3,Azithromycin,49,8379,Azithromycin,9,16299,0,0,1,3.29
5-Dec-2025,General Medicine,209,64999,311,585.5765766,19.8,25.8,Metformin,37,6475,Paracetamol,6,3846,0,0,1,3.7
5-Dec-2025,General Surgery,40,27880,697,1032.592593,11.8,35.8,Ceftriaxone,11,1331,Pantoprazole,4,2416,0,0,0,4.26
5-Dec-2025,Nephrology,58,82708,1426,3063.259259,9.1,20.1,Furosemide,9,1755,Tacrolimus,1,1027,0,0,0,4.24
5-Dec-2025,Neurology,70,47250,675,984.375,19.5,34.5,Sodium Valproate,12,1092,Aspirin,5,3555,0,0,0,4.47
5-Dec-2025,Gynecology & OBG,129,31863,247,354.0333333,15.7,20.7,Metronidazole,33,1386,Iron-Folic Acid,7,4207,0,0,1,4.61
5-Dec-2025,Pediatrics,53,12296,232,409.8666667,7.1,34.1,ORS,13,2145,Salbutamol,3,2967,0,0,0,3.66
5-Dec-2025,Orthopedics,62,15376,248,366.0952381,16.1,44.1,Vitamin D3,13,702,Diclofenac,3,3213,0,0,0,3.44
5-Dec-2025,Cardiology,78,74646,957,1309.578947,8.8,20.8,Atorvastatin,20,2060,Amiodarone,2,3792,0,0,0,3.84
5-Dec-2025,Pulmonology,213,86691,407,922.2446809,6,26,Budesonide,46,4094,Salbutamol Inhaler,1,1516,0,0,1,4.23
6-Dec-2025,General Medicine,156,55224,354,736.32,9.4,21.4,Amlodipine,33,1452,Paracetamol,1,1008,0,0,0,4.75
6-Dec-2025,General Surgery,35,32410,926,2160.666667,5.8,31.8,Pantoprazole,3,276,Diclofenac,3,5187,0,0,0,4.24
6-Dec-2025,Nephrology,35,51905,1483,2076.2,5.1,35.1,Furosemide,8,864,Furosemide,0,0,0,0,0,4.78
6-Dec-2025,Neurology,198,87714,443,923.3052632,8.2,24.2,Clopidogrel,50,4050,Aspirin,7,5950,0,0,1,4.16
6-Dec-2025,Gynecology & OBG,64,43776,684,1459.2,17.6,24.6,Calcium,12,1128,Oxytocin,0,0,0,0,0,4.59
6-Dec-2025,Pediatrics,78,21918,281,365.3,7.9,20.9,Amoxicillin Syrup,18,2358,Salbutamol,3,4956,0,0,0,4.01
6-Dec-2025,Orthopedics,24,14664,611,814.6666667,17.8,38.8,Vitamin D3,3,198,Paracetamol,1,1842,0,0,0,3.43
6-Dec-2025,Cardiology,100,122600,1226,1802.941176,17.9,38.9,Clopidogrel,23,2806,Clopidogrel,9,14904,0,0,0,4.78
6-Dec-2025,Pulmonology,90,62460,694,1023.934426,12.5,21.5,Salbutamol Inhaler,10,1210,Montelukast,6,3702,0,0,0,4.09
7-Dec-2025,General Medicine,203,108199,533,1288.083333,5.8,30.8,Metformin,43,2150,Amoxicillin,8,9112,0,0,2,3.8
7-Dec-2025,General Surgery,55,52690,958,1756.333333,15,39,Ceftriaxone,13,2561,Pantoprazole,4,6316,0,0,0,4.09
7-Dec-2025,Nephrology,42,29148,694,1079.555556,12.4,38.4,Sevelamer,9,909,Sevelamer,2,3078,0,0,0,3.61
7-Dec-2025,Neurology,15,10305,687,936.8181818,10.4,22.4,Aspirin,3,150,Aspirin,0,0,0,0,0,4.26
7-Dec-2025,Gynecology & OBG,42,26124,622,842.7096774,17.9,22.9,Iron-Folic Acid,10,1660,Iron-Folic Acid,0,0,0,0,0,3.86
7-Dec-2025,Pediatrics,41,27060,660,1424.210526,11.6,24.6,Amoxicillin Syrup,9,927,ORS,0,0,0,0,0,3.75
7-Dec-2025,Orthopedics,64,14080,220,521.4814815,10.9,29.9,Diclofenac,19,1216,Paracetamol,6,8274,0,0,0,4.12
7-Dec-2025,Cardiology,59,35636,604,1048.117647,14.1,36.1,Amiodarone,11,2189,Clopidogrel,5,6610,0,0,0,4.11
7-Dec-2025,Pulmonology,52,41236,793,1288.625,14.2,21.2,Azithromycin,11,1177,Montelukast,4,6244,0,0,0,3.64
8-Dec-2025,General Medicine,177,116466,658,1141.823529,15.2,34.2,Amlodipine,51,3366,Metformin,11,9251,0,0,0,4.62
8-Dec-2025,General Surgery,140,128660,919,2010.3125,19.2,42.2,Tramadol,33,6501,Pantoprazole,1,1297,0,0,0,3.92
8-Dec-2025,Nephrology,75,55125,735,1002.272727,9.5,15.5,Tacrolimus,19,3496,Sevelamer,2,3898,0,0,0,4.48
8-Dec-2025,Neurology,242,96558,399,877.8,12.5,31.5,Levetiracetam,50,4900,Aspirin,23,20148,0,0,2,3.43
8-Dec-2025,Gynecology & OBG,41,10209,249,443.8695652,19.8,27.8,Iron-Folic Acid,5,160,Metronidazole,1,1400,0,0,0,4.39
8-Dec-2025,Pediatrics,229,70761,309,382.4918919,8.2,15.2,ORS,29,5481,Salbutamol,18,17532,0,0,0,4.95
8-Dec-2025,Orthopedics,56,28336,506,787.1111111,11,27,Vitamin D3,7,280,Vitamin D3,2,3792,0,0,0,4.42
8-Dec-2025,Cardiology,220,297440,1352,2564.137931,8,13,Atorvastatin,64,4800,Aspirin,21,39249,0,0,1,4.39
8-Dec-2025,Pulmonology,106,79394,749,1301.540984,16.2,29.2,Azithromycin,14,392,Budesonide,8,12640,0,0,1,4.12
9-Dec-2025,General Medicine,187,62084,332,496.672,18.9,45.9,Amlodipine,36,5400,Amoxicillin,7,4662,0,0,0,4.27
9-Dec-2025,General Surgery,223,134246,602,1342.46,17.4,25.4,Pantoprazole,56,9800,Ceftriaxone,2,2518,0,0,1,3.51
9-Dec-2025,Nephrology,63,64134,1018,1943.454545,16.7,33.7,Sevelamer,17,1224,Sevelamer,6,10218,0,0,0,4.27
9-Dec-2025,Neurology,66,25542,387,464.4,13.6,28.6,Clopidogrel,8,1472,Levetiracetam,3,1584,0,0,0,3.9
9-Dec-2025,Gynecology & OBG,48,18288,381,457.2,9.3,37.3,Oxytocin,11,1265,Oxytocin,3,2181,0,0,0,4.37
9-Dec-2025,Pediatrics,74,45658,617,1087.095238,5.7,24.7,Salbutamol,14,2310,Amoxicillin Syrup,0,0,0,0,0,4.43
9-Dec-2025,Orthopedics,112,52304,467,653.8,16.1,25.1,Diclofenac,26,4602,Diclofenac,7,6503,0,0,1,4.43
9-Dec-2025,Cardiology,176,185504,1054,1472.253968,15.7,24.7,Atorvastatin,45,2430,Clopidogrel,13,11570,0,0,1,4.43
9-Dec-2025,Pulmonology,88,87296,992,1283.764706,5.6,35.6,Azithromycin,20,620,Budesonide,2,2256,0,0,0,3.5
10-Dec-2025,General Medicine,218,108128,496,1029.790476,8,19,Amlodipine,43,6493,Paracetamol,4,2652,0,0,0,3.25
10-Dec-2025,General Surgery,69,55545,805,1424.230769,6.8,28.8,Pantoprazole,13,1950,Pantoprazole,0,0,0,0,0,4.12
10-Dec-2025,Nephrology,30,22830,761,1141.5,7.9,34.9,Sevelamer,9,360,Erythropoietin,3,2907,0,0,0,4.52
10-Dec-2025,Neurology,150,47250,315,656.25,7.4,13.4,Clopidogrel,15,840,Sodium Valproate,0,0,0,0,0,3.68
10-Dec-2025,Gynecology & OBG,64,17024,266,425.6,11.9,26.9,Oxytocin,18,486,Calcium,6,10650,0,0,0,3.99
10-Dec-2025,Pediatrics,161,66815,415,879.1447368,7.1,23.1,Amoxicillin Syrup,40,2000,ORS,0,0,0,0,1,4.74
10-Dec-2025,Orthopedics,93,42966,462,954.8,17.2,34.2,Vitamin D3,11,1419,Paracetamol,8,13168,0,0,0,3.74
10-Dec-2025,Cardiology,98,65758,671,1461.288889,9,30,Amiodarone,27,4077,Aspirin,1,1095,0,0,0,4.24
10-Dec-2025,Pulmonology,168,78288,466,1087.333333,6.2,29.2,Azithromycin,32,4128,Azithromycin,3,3762,0,0,0,4.23
11-Dec-2025,General Medicine,58,20648,356,529.4358974,19.5,48.5,Amoxicillin,17,1258,Metformin,4,5256,0,0,0,4.43
11-Dec-2025,General Surgery,118,77644,658,1386.5,14.7,35.7,Pantoprazole,18,2916,Tramadol,6,8838,0,0,1,3.56
11-Dec-2025,Nephrology,139,101887,733,1072.494737,9,23,Erythropoietin,40,7560,Sevelamer,10,5370,0,0,1,4.31
11-Dec-2025,Neurology,78,27378,351,608.4,17.2,31.2,Sodium Valproate,13,260,Aspirin,6,10878,0,0,0,3.83
11-Dec-2025,Gynecology & OBG,52,20956,403,582.1111111,9.4,33.4,Metronidazole,6,858,Calcium,4,3424,0,0,0,3.58
11-Dec-2025,Pediatrics,210,117390,559,1185.757576,12.2,38.2,Paracetamol Syrup,55,7645,ORS,6,7878,0,0,2,4.38
11-Dec-2025,Orthopedics,146,82928,568,1382.133333,16.7,45.7,Calcium,39,5421,Vitamin D3,6,8730,0,0,1,3.51
11-Dec-2025,Cardiology,206,298288,1448,3824.205128,9.8,32.8,Aspirin,44,3696,Amiodarone,15,24855,0,0,2,3.96
11-Dec-2025,Pulmonology,38,25384,668,1336,12.1,35.1,Budesonide,3,162,Salbutamol Inhaler,0,0,0,0,0,3.68
12-Dec-2025,General Medicine,455,95095,209,475.475,19.9,36.9,Paracetamol,69,6900,Amlodipine,5,3455,0,1,0,4.16
12-Dec-2025,General Surgery,93,75888,816,1686.4,15.4,29.4,Diclofenac,26,2496,Ceftriaxone,3,4944,0,0,0,4.15
12-Dec-2025,Nephrology,153,171207,1119,2282.76,13,27,Furosemide,25,2575,Furosemide,4,6908,0,0,1,3.65
12-Dec-2025,Neurology,207,60651,293,673.9,7.7,31.7,Aspirin,35,6300,Sodium Valproate,14,25396,0,0,1,3.8
12-Dec-2025,Gynecology & OBG,102,56814,557,1183.625,15.2,21.2,Calcium,17,2142,Metronidazole,6,10908,0,0,0,3.87
12-Dec-2025,Pediatrics,118,23600,200,295,10.2,36.2,Salbutamol,26,624,ORS,8,9944,0,0,1,4.17
12-Dec-2025,Orthopedics,63,25767,409,858.9,8.3,13.3,Vitamin D3,13,2184,Vitamin D3,3,4383,0,0,0,3.71
12-Dec-2025,Cardiology,240,150480,627,1368,17.8,47.8,Clopidogrel,70,12880,Amiodarone,4,6412,0,0,1,4.16
12-Dec-2025,Pulmonology,38,22610,595,1413.125,16.1,26.1,Azithromycin,10,1730,Budesonide,1,1151,0,0,0,4.14
13-Dec-2025,General Medicine,367,194877,531,1217.98125,11,33,Paracetamol,93,8091,Amoxicillin,36,44964,0,0,3,4.42
13-Dec-2025,General Surgery,35,26320,752,1096.666667,12.6,41.6,Ceftriaxone,5,980,Tramadol,1,579,0,0,0,3.89
13-Dec-2025,Nephrology,39,43212,1108,1800.5,10,33,Sevelamer,5,1000,Tacrolimus,3,5487,0,0,0,3.53
13-Dec-2025,Neurology,40,14440,361,722,19.5,39.5,Clopidogrel,11,1012,Sodium Valproate,4,2128,0,0,0,4.43
13-Dec-2025,Gynecology & OBG,72,24624,342,769.5,16.5,41.5,Metronidazole,20,3300,Oxytocin,1,936,0,0,0,3.58
13-Dec-2025,Pediatrics,196,99764,509,831.3666667,10.3,35.3,Amoxicillin Syrup,45,4140,Salbutamol,14,10794,0,0,1,3.78
13-Dec-2025,Orthopedics,102,55794,547,1239.866667,5.6,15.6,Calcium,12,720,Calcium,6,8838,0,0,1,3.74
13-Dec-2025,Cardiology,348,419340,1205,2466.705882,15.3,45.3,Aspirin,94,5828,Aspirin,17,32198,0,1,1,4.87
13-Dec-2025,Pulmonology,158,119606,757,1758.911765,9.7,22.7,Budesonide,43,3784,Salbutamol Inhaler,15,15855,0,0,0,4.4
14-Dec-2025,General Medicine,125,84250,674,1108.552632,16.7,29.7,Paracetamol,30,4200,Paracetamol,9,15165,0,0,0,3.66
14-Dec-2025,General Surgery,49,46158,942,1442.4375,16.5,38.5,Pantoprazole,9,774,Tramadol,2,1506,0,0,0,4.08
14-Dec-2025,Nephrology,115,82570,718,1685.102041,10.4,24.4,Furosemide,29,3480,Erythropoietin,8,10136,0,0,0,4.5
14-Dec-2025,Neurology,63,39690,630,1072.702703,5.5,25.5,Levetiracetam,17,1989,Clopidogrel,6,3894,0,0,0,4.17
14-Dec-2025,Gynecology & OBG,77,28952,376,877.3333333,10.8,19.8,Iron-Folic Acid,10,940,Metronidazole,5,5910,0,0,0,3.94
14-Dec-2025,Pediatrics,109,69433,637,1578.022727,7.3,34.3,ORS,13,1937,Salbutamol,7,8106,0,0,1,3.91
14-Dec-2025,Orthopedics,61,16043,263,641.72,19.9,44.9,Vitamin D3,9,225,Vitamin D3,5,7730,0,0,0,4.73
14-Dec-2025,Cardiology,169,120666,714,1127.719626,11.4,19.4,Clopidogrel,44,6820,Aspirin,10,5010,0,0,0,4.27
14-Dec-2025,Pulmonology,24,13128,547,1094,7.6,13.6,Azithromycin,7,651,Azithromycin,0,0,0,0,0,3.78
15-Dec-2025,General Medicine,143,68640,480,780,15.4,42.4,Metformin,29,4959,Metformin,6,6162,0,0,0,3.81
15-Dec-2025,General Surgery,157,147423,939,1340.209091,10,21,Tramadol,35,1890,Ceftriaxone,9,9342,0,0,1,4.66
15-Dec-2025,Nephrology,110,68860,626,791.4942529,19.6,34.6,Furosemide,12,1536,Tacrolimus,10,17920,0,0,0,4.09
15-Dec-2025,Neurology,61,20801,341,472.75,18,45,Levetiracetam,6,420,Aspirin,4,2884,0,0,0,4.02
15-Dec-2025,Gynecology & OBG,34,9860,290,580,9.1,26.1,Calcium,9,981,Metronidazole,2,3386,0,0,0,4.51
15-Dec-2025,Pediatrics,130,39000,300,375,5,19,Amoxicillin Syrup,27,2052,Amoxicillin Syrup,1,1867,0,0,0,4
15-Dec-2025,Orthopedics,74,34484,466,932,15.6,36.6,Diclofenac,17,408,Calcium,3,4944,0,0,0,4.39
15-Dec-2025,Cardiology,299,258635,865,1444.888268,9.7,32.7,Atorvastatin,83,10126,Atorvastatin,29,19807,0,0,2,3.57
15-Dec-2025,Pulmonology,136,60520,445,931.0769231,13.6,36.6,Salbutamol Inhaler,14,2240,Montelukast,0,0,0,0,1,3.51
16-Dec-2025,General Medicine,189,104328,552,966,7.8,30.8,Paracetamol,54,8262,Amlodipine,16,8576,0,0,1,3.61
16-Dec-2025,General Surgery,73,46428,636,1105.428571,18.7,35.7,Tramadol,7,140,Ceftriaxone,1,1307,0,0,0,3.8
16-Dec-2025,Nephrology,45,31770,706,1588.5,11.1,20.1,Sevelamer,11,1694,Sevelamer,3,2202,0,0,0,3.62
16-Dec-2025,Neurology,88,59136,672,1642.666667,14.9,33.9,Aspirin,10,1280,Sodium Valproate,3,5544,0,0,0,4.41
16-Dec-2025,Gynecology & OBG,153,33660,220,495,16.6,39.6,Calcium,34,2618,Oxytocin,0,0,0,0,0,3.42
16-Dec-2025,Pediatrics,216,92880,430,663.4285714,10,34,Salbutamol,59,3540,Salbutamol,21,24087,0,0,2,3.45
16-Dec-2025,Orthopedics,123,71955,585,846.5294118,12,29,Paracetamol,27,540,Diclofenac,7,7007,0,0,0,4.86
16-Dec-2025,Cardiology,165,226545,1373,3331.544118,12.4,42.4,Amiodarone,21,3654,Amiodarone,12,10548,0,0,0,3.52
16-Dec-2025,Pulmonology,47,29187,621,1326.681818,15.3,26.3,Azithromycin,12,504,Salbutamol Inhaler,0,0,0,0,0,3.87
17-Dec-2025,General Medicine,207,76590,370,580.2272727,5.9,19.9,Amoxicillin,58,8584,Amlodipine,1,850,0,0,1,4.46
17-Dec-2025,General Surgery,58,29754,513,661.2,14.3,22.3,Ceftriaxone,5,300,Diclofenac,2,3864,0,0,0,4.53
17-Dec-2025,Nephrology,103,85902,834,1718.04,6.7,28.7,Furosemide,23,3243,Sevelamer,4,7072,0,0,1,3.83
17-Dec-2025,Neurology,143,81224,568,1160.342857,11.9,28.9,Clopidogrel,19,3097,Clopidogrel,14,26250,0,0,1,4.16
17-Dec-2025,Gynecology & OBG,143,47333,331,788.8833333,18.5,32.5,Oxytocin,34,2108,Oxytocin,8,12392,0,0,0,3.51
17-Dec-2025,Pediatrics,292,153884,527,1099.171429,18.6,27.6,ORS,37,5809,Amoxicillin Syrup,8,6520,0,0,1,3.87
17-Dec-2025,Orthopedics,80,17360,217,271.25,17,31,Vitamin D3,10,1580,Calcium,7,5418,0,0,0,4.22
17-Dec-2025,Cardiology,99,108603,1097,2585.785714,7.1,26.1,Clopidogrel,17,1683,Clopidogrel,6,10026,0,0,0,4.03
17-Dec-2025,Pulmonology,177,106377,601,1399.697368,8.3,19.3,Budesonide,40,4280,Azithromycin,0,0,0,0,1,4.36
18-Dec-2025,General Medicine,180,86040,478,956,14.1,30.1,Metformin,27,5238,Amlodipine,17,13260,0,0,1,3.48
18-Dec-2025,General Surgery,123,114759,933,1350.105882,16.8,34.8,Ceftriaxone,29,1276,Pantoprazole,12,10452,0,0,0,3.78
18-Dec-2025,Nephrology,148,164428,1111,2569.1875,5.5,14.5,Furosemide,38,3496,Sevelamer,12,6024,0,0,1,4
18-Dec-2025,Neurology,122,47824,392,562.6352941,10.1,18.1,Clopidogrel,25,2650,Levetiracetam,8,7848,0,0,0,3.93
18-Dec-2025,Gynecology & OBG,35,23135,661,1542.333333,10.4,34.4,Iron-Folic Acid,6,564,Oxytocin,2,3740,0,0,0,3.54
18-Dec-2025,Pediatrics,152,72352,476,689.0666667,5.8,33.8,Amoxicillin Syrup,43,1462,ORS,3,3732,0,0,1,4.56
18-Dec-2025,Orthopedics,115,23690,206,493.5416667,15,35,Paracetamol,20,2280,Vitamin D3,4,7764,0,0,1,3.77
18-Dec-2025,Cardiology,270,236520,876,1433.454545,5.3,14.3,Aspirin,60,11640,Clopidogrel,20,17560,0,0,1,4.98
18-Dec-2025,Pulmonology,118,87792,744,1350.646154,11.2,39.2,Salbutamol Inhaler,30,2160,Montelukast,8,12696,0,0,1,3.82
19-Dec-2025,General Medicine,166,106406,641,967.3272727,19.3,28.3,Amoxicillin,36,792,Metformin,10,11990,0,0,1,3.85
19-Dec-2025,General Surgery,160,157600,985,2073.684211,6.3,22.3,Ceftriaxone,30,2250,Ceftriaxone,1,1555,0,0,0,4.55
19-Dec-2025,Nephrology,92,112148,1219,1602.114286,13.8,29.8,Tacrolimus,16,848,Furosemide,4,2872,0,0,0,3.95
19-Dec-2025,Neurology,124,69316,559,693.16,12.1,25.1,Sodium Valproate,30,5520,Aspirin,5,8060,0,0,0,3.84
19-Dec-2025,Gynecology & OBG,64,40192,628,1339.733333,16.6,39.6,Iron-Folic Acid,17,2448,Calcium,5,9200,0,0,0,4.57
19-Dec-2025,Pediatrics,165,89265,541,991.8333333,18.4,24.4,Amoxicillin Syrup,48,3792,Amoxicillin Syrup,0,0,0,0,0,3.29
19-Dec-2025,Orthopedics,153,61200,400,816,6.4,22.4,Vitamin D3,22,1540,Calcium,1,651,0,0,0,3.71
19-Dec-2025,Cardiology,364,503412,1383,2828.157303,10.7,23.7,Clopidogrel,82,6642,Aspirin,26,39208,0,1,1,3.57
19-Dec-2025,Pulmonology,84,34776,414,724.5,7.9,12.9,Salbutamol Inhaler,12,1860,Salbutamol Inhaler,6,10152,0,0,0,4.21
20-Dec-2025,General Medicine,61,40565,665,921.9318182,15.8,38.8,Amlodipine,16,3184,Paracetamol,2,1564,0,0,0,4.47
20-Dec-2025,General Surgery,123,66912,544,1173.894737,17,34,Ceftriaxone,32,3328,Ceftriaxone,11,15840,0,0,0,3.64
20-Dec-2025,Nephrology,55,39160,712,1566.4,11.7,25.7,Furosemide,15,1710,Tacrolimus,2,1142,0,0,0,3.63
20-Dec-2025,Neurology,104,37648,362,724,15.6,40.6,Clopidogrel,30,4740,Clopidogrel,9,12618,0,0,1,4.05
20-Dec-2025,Gynecology & OBG,94,49350,525,1096.666667,8.7,37.7,Metronidazole,28,3668,Calcium,2,3016,0,0,0,3.52
20-Dec-2025,Pediatrics,56,24920,445,692.2222222,9.2,19.2,Paracetamol Syrup,16,2832,Amoxicillin Syrup,4,2204,0,0,0,3.62
20-Dec-2025,Orthopedics,189,109620,580,1370.25,5.5,20.5,Vitamin D3,34,748,Paracetamol,5,6665,0,0,0,4.44
20-Dec-2025,Cardiology,314,413224,1316,3359.544715,8.5,36.5,Aspirin,52,9620,Amiodarone,10,8720,0,0,2,3.63
20-Dec-2025,Pulmonology,100,48600,486,1157.142857,17.6,27.6,Budesonide,18,3510,Budesonide,5,4405,0,0,0,3.91
21-Dec-2025,General Medicine,98,62818,641,937.5820896,18.5,32.5,Paracetamol,29,5133,Amoxicillin,4,6676,0,0,0,4.28
21-Dec-2025,General Surgery,26,16744,644,1046.5,13,19,Pantoprazole,5,225,Tramadol,2,3530,0,0,0,4.28
21-Dec-2025,Nephrology,28,23436,837,1674,8.7,19.7,Sevelamer,4,784,Tacrolimus,1,1609,0,0,0,4.29
21-Dec-2025,Neurology,130,72280,556,1165.806452,15.5,35.5,Levetiracetam,30,4350,Clopidogrel,1,1173,0,0,0,4.36
21-Dec-2025,Gynecology & OBG,40,8360,209,253.3333333,7.4,16.4,Metronidazole,10,490,Iron-Folic Acid,4,5744,0,0,0,3.72
21-Dec-2025,Pediatrics,187,69938,374,874.225,19,39,ORS,34,680,Paracetamol Syrup,5,2565,0,0,0,4.01
21-Dec-2025,Orthopedics,52,28964,557,1114,13.1,33.1,Paracetamol,7,581,Paracetamol,5,8430,0,0,0,4.45
21-Dec-2025,Cardiology,321,478611,1491,3798.5,6.7,23.7,Aspirin,58,5684,Amiodarone,31,38192,0,0,2,3.39
21-Dec-2025,Pulmonology,43,30143,701,1159.346154,12.5,21.5,Azithromycin,12,492,Montelukast,3,3648,0,0,0,4.64
22-Dec-2025,General Medicine,456,101232,222,498.679803,11.5,38.5,Amoxicillin,85,10030,Amlodipine,2,3724,0,1,0,3.69
22-Dec-2025,General Surgery,153,146880,960,2128.695652,10.4,39.4,Pantoprazole,41,1435,Ceftriaxone,2,3426,0,0,1,3.58
22-Dec-2025,Nephrology,39,34749,891,1158.3,17,37,Erythropoietin,5,570,Furosemide,1,1313,0,0,0,3.98
22-Dec-2025,Neurology,104,64168,617,1458.363636,17.9,25.9,Clopidogrel,14,1652,Sodium Valproate,4,3696,0,0,0,3.51
22-Dec-2025,Gynecology & OBG,75,40875,545,1135.416667,6.8,33.8,Oxytocin,12,708,Metronidazole,6,8832,0,0,0,3.79
22-Dec-2025,Pediatrics,83,48804,588,1038.382979,12.1,25.1,Salbutamol,8,736,Amoxicillin Syrup,8,8104,0,0,0,3.53
22-Dec-2025,Orthopedics,193,71796,372,825.2413793,5.6,24.6,Vitamin D3,21,1113,Diclofenac,3,3270,0,0,0,4.53
22-Dec-2025,Cardiology,223,300827,1349,2060.458904,8.8,22.8,Aspirin,26,3796,Atorvastatin,12,21912,0,0,0,4.74
22-Dec-2025,Pulmonology,96,44928,468,936,14.9,39.9,Montelukast,12,1116,Budesonide,9,4590,0,0,0,4.2
23-Dec-2025,General Medicine,50,11650,233,388.3333333,12,26,Paracetamol,12,2124,Metformin,3,3891,0,0,0,3.83
23-Dec-2025,General Surgery,77,43351,563,1238.6,9.2,39.2,Diclofenac,20,3920,Tramadol,3,3912,0,0,0,4.31
23-Dec-2025,Nephrology,208,232128,1116,2321.28,10.5,34.5,Erythropoietin,44,5060,Tacrolimus,19,21850,0,0,1,4.06
23-Dec-2025,Neurology,75,28875,385,481.25,6.4,30.4,Aspirin,7,602,Aspirin,0,0,0,0,0,4.1
23-Dec-2025,Gynecology & OBG,82,35260,430,542.4615385,13.9,21.9,Iron-Folic Acid,13,871,Metronidazole,0,0,0,0,0,4.39
23-Dec-2025,Pediatrics,213,61983,291,626.0909091,6.4,12.4,Paracetamol Syrup,62,7440,Salbutamol,14,13664,0,0,1,4.27
23-Dec-2025,Orthopedics,84,43008,512,1075.2,13.3,21.3,Paracetamol,13,1430,Diclofenac,8,8504,0,0,0,4.47
23-Dec-2025,Cardiology,112,138656,1238,1733.2,6.6,35.6,Atorvastatin,31,5084,Clopidogrel,5,9515,0,0,0,4.71
23-Dec-2025,Pulmonology,102,79968,784,1052.210526,8.7,36.7,Budesonide,25,4925,Budesonide,2,1434,0,0,0,3.42
24-Dec-2025,General Medicine,276,139104,504,1030.4,6.7,24.7,Metformin,42,5628,Amoxicillin,20,29240,0,0,1,3.47
24-Dec-2025,General Surgery,194,116400,600,1225.263158,5.3,12.3,Tramadol,57,6327,Diclofenac,18,9342,0,0,0,4.14
24-Dec-2025,Nephrology,72,43776,608,994.9090909,18.9,36.9,Tacrolimus,13,949,Erythropoietin,2,3584,0,0,0,3.87
24-Dec-2025,Neurology,56,16800,300,420,14.3,35.3,Sodium Valproate,14,1680,Sodium Valproate,2,3974,0,0,0,3.61
24-Dec-2025,Gynecology & OBG,69,42780,620,1096.923077,6.2,32.2,Calcium,15,1695,Oxytocin,4,7760,0,0,0,3.66
24-Dec-2025,Pediatrics,123,60393,491,1006.55,15.3,31.3,ORS,21,2226,Amoxicillin Syrup,7,7154,0,0,0,3.42
24-Dec-2025,Orthopedics,90,23940,266,665,13.5,20.5,Calcium,18,2358,Vitamin D3,4,2352,0,0,0,3.71
24-Dec-2025,Cardiology,106,115010,1085,2091.090909,18.4,25.4,Aspirin,17,2737,Atorvastatin,7,6503,0,0,0,4.26
24-Dec-2025,Pulmonology,80,37440,468,813.9130435,19.7,35.7,Montelukast,19,570,Azithromycin,1,1696,0,0,0,4.27
25-Dec-2025,General Medicine,196,118580,605,1288.913043,11.9,30.9,Metformin,36,2340,Paracetamol,16,10800,0,0,1,4.12
25-Dec-2025,General Surgery,57,44232,776,982.9333333,8.3,13.3,Diclofenac,14,1218,Tramadol,1,1726,0,0,0,4.78
25-Dec-2025,Nephrology,45,38250,850,1912.5,16.4,33.4,Tacrolimus,9,216,Tacrolimus,2,3104,0,0,0,3.77
25-Dec-2025,Neurology,203,94192,464,941.92,16.9,42.9,Sodium Valproate,49,3381,Aspirin,17,20842,0,0,2,4.41
25-Dec-2025,Gynecology & OBG,86,36722,427,612.0333333,14,40,Metronidazole,21,2331,Oxytocin,5,2940,0,0,0,4.89
25-Dec-2025,Pediatrics,167,46593,279,375.75,17.5,44.5,Salbutamol,33,2838,Paracetamol Syrup,5,9200,0,0,1,4.44
25-Dec-2025,Orthopedics,120,70680,589,1359.230769,9.3,20.3,Diclofenac,12,984,Vitamin D3,1,1332,0,0,1,4.01
25-Dec-2025,Cardiology,154,164318,1067,1369.316667,18.1,35.1,Aspirin,44,6996,Aspirin,13,7254,0,0,1,4.74
25-Dec-2025,Pulmonology,80,62640,783,1361.73913,11.9,36.9,Budesonide,17,1445,Budesonide,0,0,0,0,0,4.32
26-Dec-2025,General Medicine,126,70812,562,1242.315789,7.8,26.8,Amlodipine,33,2475,Amoxicillin,12,15276,0,0,1,4.57
26-Dec-2025,General Surgery,72,70344,977,1954,17.6,42.6,Ceftriaxone,10,1390,Tramadol,6,10890,0,0,0,4.26
26-Dec-2025,Nephrology,103,99395,965,1307.828947,10.8,39.8,Erythropoietin,13,2561,Tacrolimus,3,1557,0,0,1,3.92
26-Dec-2025,Neurology,136,94384,694,1474.75,18.2,36.2,Levetiracetam,38,7296,Clopidogrel,10,11700,0,0,1,3.52
26-Dec-2025,Gynecology & OBG,100,32300,323,672.9166667,13.8,25.8,Iron-Folic Acid,24,3000,Oxytocin,4,2632,0,0,1,4.11
26-Dec-2025,Pediatrics,112,74368,664,991.5733333,18,23,Amoxicillin Syrup,30,1590,Amoxicillin Syrup,1,528,0,0,1,4
26-Dec-2025,Orthopedics,40,17560,439,548.75,11.4,28.4,Vitamin D3,4,280,Vitamin D3,1,1578,0,0,0,3.55
26-Dec-2025,Cardiology,136,139808,1028,1664.380952,14.6,41.6,Amiodarone,33,6039,Atorvastatin,6,11418,0,0,0,4.03
26-Dec-2025,Pulmonology,82,59122,721,1515.948718,7.7,27.7,Salbutamol Inhaler,14,2100,Salbutamol Inhaler,6,3582,0,0,0,3.88
27-Dec-2025,General Medicine,96,59424,619,1320.533333,16.7,40.7,Amoxicillin,15,2445,Amlodipine,2,1840,0,0,0,4.42
27-Dec-2025,General Surgery,49,32781,669,910.5833333,12.5,42.5,Pantoprazole,11,990,Diclofenac,1,778,0,0,0,3.65
27-Dec-2025,Nephrology,59,77408,1312,2764.571429,14.1,22.1,Sevelamer,14,728,Erythropoietin,2,1480,0,0,0,3.47
27-Dec-2025,Neurology,63,31248,496,694.4,19.1,36.1,Clopidogrel,9,1656,Levetiracetam,0,0,0,0,0,3.68
27-Dec-2025,Gynecology & OBG,150,32550,217,434,18.6,37.6,Oxytocin,45,6210,Oxytocin,14,12600,0,0,0,3.83
27-Dec-2025,Pediatrics,356,117480,330,671.3142857,17.4,40.4,Paracetamol Syrup,104,8736,Salbutamol,5,3045,0,1,0,3.62
27-Dec-2025,Orthopedics,63,17766,282,634.5,19.7,36.7,Vitamin D3,18,1746,Calcium,4,6844,0,0,0,4.6
27-Dec-2025,Cardiology,258,342882,1329,2787.658537,12,17,Amiodarone,32,864,Amiodarone,25,45375,0,0,2,3.96
27-Dec-2025,Pulmonology,65,34645,533,824.8809524,8.9,30.9,Budesonide,19,1159,Montelukast,2,3650,0,0,0,3.96
28-Dec-2025,General Medicine,96,51168,533,720.6760563,6.7,31.7,Amlodipine,13,1313,Amlodipine,7,9233,0,0,0,3.71
28-Dec-2025,General Surgery,62,34844,562,791.9090909,16.8,44.8,Ceftriaxone,11,2002,Tramadol,0,0,0,0,0,4.5
28-Dec-2025,Nephrology,55,71555,1301,1883.026316,10.9,38.9,Sevelamer,12,1548,Erythropoietin,3,4164,0,0,0,3.7
28-Dec-2025,Neurology,49,20335,415,813.4,10.2,31.2,Clopidogrel,11,1947,Sodium Valproate,0,0,0,0,0,4.49
28-Dec-2025,Gynecology & OBG,55,26895,489,1034.423077,6.3,35.3,Oxytocin,16,1936,Oxytocin,0,0,0,0,0,4.92
28-Dec-2025,Pediatrics,132,73524,557,826.1123596,8.5,21.5,Paracetamol Syrup,19,2470,Salbutamol,8,6424,0,0,0,4.33
28-Dec-2025,Orthopedics,29,7743,267,407.5263158,8.8,30.8,Calcium,7,1134,Calcium,2,2816,0,0,0,4.12
28-Dec-2025,Cardiology,182,199836,1098,2664.48,14.4,44.4,Aspirin,22,1848,Aspirin,16,29648,0,0,1,3.54
28-Dec-2025,Pulmonology,47,29046,618,1210.25,6.1,19.1,Azithromycin,10,460,Azithromycin,3,3177,0,0,0,4.44
29-Dec-2025,General Medicine,152,38152,251,331.7565217,8.8,30.8,Amlodipine,15,2235,Paracetamol,8,9264,0,0,1,4.29
29-Dec-2025,General Surgery,171,115254,674,1536.72,7.5,25.5,Tramadol,30,3690,Pantoprazole,11,15917,0,0,1,4.3
29-Dec-2025,Nephrology,103,120304,1168,1542.358974,13.9,19.9,Furosemide,30,3390,Tacrolimus,10,17180,0,0,0,4.72
29-Dec-2025,Neurology,103,61388,596,757.8765432,7.2,22.2,Aspirin,16,1648,Levetiracetam,0,0,0,0,0,4.29
29-Dec-2025,Gynecology & OBG,69,14283,207,476.1,19.1,27.1,Metronidazole,11,506,Oxytocin,4,5148,0,0,0,4.02
29-Dec-2025,Pediatrics,126,63126,501,1088.37931,6.6,35.6,Amoxicillin Syrup,21,903,Salbutamol,6,3432,0,0,1,4.56
29-Dec-2025,Orthopedics,70,21910,313,497.9545455,13.6,19.6,Diclofenac,17,527,Calcium,5,9355,0,0,0,4.55
29-Dec-2025,Cardiology,63,68166,1082,1420.125,13.3,33.3,Clopidogrel,18,3528,Atorvastatin,2,1684,0,0,0,4.53
29-Dec-2025,Pulmonology,40,18000,450,750,15.9,32.9,Salbutamol Inhaler,11,1342,Salbutamol Inhaler,2,1574,0,0,0,3.67
30-Dec-2025,General Medicine,165,44385,269,569.0384615,6.1,13.1,Metformin,17,1598,Metformin,4,5860,0,0,0,4.82
30-Dec-2025,General Surgery,54,27972,518,932.4,16.1,40.1,Ceftriaxone,11,891,Ceftriaxone,5,7575,0,0,0,4.31
30-Dec-2025,Nephrology,112,93632,836,1170.4,13.1,27.1,Sevelamer,33,3300,Sevelamer,6,8142,0,0,1,3.88
30-Dec-2025,Neurology,49,32340,660,924,15.2,31.2,Clopidogrel,11,550,Clopidogrel,1,521,0,0,0,3.86
30-Dec-2025,Gynecology & OBG,94,61664,656,1370.311111,18.3,33.3,Calcium,25,2875,Metronidazole,1,1792,0,0,0,3.39
30-Dec-2025,Pediatrics,112,50176,448,1045.333333,10.3,18.3,Paracetamol Syrup,11,1199,ORS,4,2996,0,0,1,3.66
30-Dec-2025,Orthopedics,115,78545,683,1636.354167,19.4,32.4,Paracetamol,12,2004,Diclofenac,0,0,0,0,0,3.4
30-Dec-2025,Cardiology,153,108324,708,1083.24,8.2,18.2,Amiodarone,44,7436,Amiodarone,15,22065,0,0,1,3.48
30-Dec-2025,Pulmonology,56,30968,553,967.75,10.1,34.1,Budesonide,5,795,Montelukast,1,1033,0,0,0,4.52
31-Dec-2025,General Medicine,209,92378,442,769.8166667,9.7,24.7,Metformin,40,1800,Amlodipine,7,7245,0,0,2,3.71
31-Dec-2025,General Surgery,35,17220,492,615,16.8,26.8,Pantoprazole,7,826,Ceftriaxone,1,1489,0,0,0,4.5
31-Dec-2025,Nephrology,44,36564,831,1142.625,17.5,38.5,Sevelamer,6,342,Sevelamer,2,1364,0,0,0,4.87
31-Dec-2025,Neurology,43,22704,528,756.8,5.1,17.1,Sodium Valproate,10,830,Clopidogrel,3,2574,0,0,0,3.67
31-Dec-2025,Gynecology & OBG,36,9720,270,405,5.8,33.8,Metronidazole,7,1365,Calcium,0,0,0,0,0,3.43
31-Dec-2025,Pediatrics,92,25484,277,579.1818182,12.6,19.6,Salbutamol,17,3213,Amoxicillin Syrup,8,13024,0,0,0,3.63
31-Dec-2025,Orthopedics,88,35816,407,628.3508772,12.3,20.3,Vitamin D3,23,3450,Calcium,8,4976,0,0,0,4.26
31-Dec-2025,Cardiology,72,43344,602,849.8823529,12.6,41.6,Amiodarone,16,848,Amiodarone,4,3948,0,0,0,4.64
31-Dec-2025,Pulmonology,92,87768,954,1513.241379,13,34,Azithromycin,12,540,Montelukast,4,3304,0,0,0,4.44